COMPANY_CD,FINANCIAL_YEAR,BU_STATE_TIN,INVOICE_SEQ,ALLOC_QTY,SALE_PRICE,SALE_PRICE_UNIT,SALE_AMT,EXCHG_RATE_CD,EXCHG_RATE_DT,EXCHG_RATE_VALUE,INVOICE_RAISED_IN,GROSS_AMT,TRANSPORTATION_CHARGE,TRANSPORTATION_AMOUNT,MARKET_MARGIN,MARKET_MARGIN_AMT,OTHER_CHARGES,OTHER_CHARGES_AMT,TAX_STRUCT_CD,TAX_AMT,INVOICE_AMT,NET_PAYABLE_AMT,TCS_TDS,TCS_AMT,TCS_FACTOR,TDS_GROSS_PERCENT,TDS_GROSS_AMT,TDS_TAX_PERCENT,TDS_TAX_AMT,ENT_BY,ENT_DT,MODIFY_BY,MODIFY_DT
RIL&D018/19-20,2019-2020,L-1-1-0,0115/19-20,97644.68,5.07,1,495058.53,SBI RATE BUY SELL,14/02/2020,71.925,null,35607084.48,null,null,null,null,null,null,CST 2%,712141.99,36319226.47,36319226.47,null,null,null,null,null,null,null,23,25/02/2020,null,null
RIL&null,2016-2017,C-1-3-3-0,0001@2016-2017,19978.81,0.8,2,15983.05,SBI RATE BUY SELL,13/04/2016,66.555,null,1063751.76,null,null,null,null,null,null,SBC 0.5%-ST 14%,834.32,1217995.76,1217995.76,null,null,null,null,null,null,null,27,18/04/2016,null,null
MGL&DMH014/24-25,2024-2025,33Tranche1,SMH0039/24-25,39208.88,10.0674,2,394731.48,SBI FIRST RATE TT BUY SELL,15/07/2024,83.66,null,33023235.49,null,null,null,null,null,null,VAT 3%,1091478.62,37474099.59,37474099.59,null,null,null,.1,null,null,null,219,22/07/2024,null,null
MGL&DMH015/24-25,2024-2025,33Tranche1,SMH0043/24-25,27782.13,10.0674,2,279693.82,SBI FIRST RATE TT BUY SELL,31/07/2024,83.81,null,23441138.68,null,null,null,null,null,null,VAT 3%,774644.68,26596134.03,26596134.03,null,null,null,.1,null,.1,.55,201,06/08/2024,null,null
GSPCL&C006/18-19,2018-2019,C-3-12018-12-0,00472/18-19,1199549.8,0.78,2,935648.84,SBI RATE BUY SELL,24/12/2018,69.915,null,65977279,null,null,null,null,null,null,CGST 9%-SGST 9%,11875912,77853191,77853191,null,null,null,null,null,null,null,23,03/01/2019,null,null
GSPCL&D006/19-20,2019-2020,117,0095/19-20,784414.95,6.15,1,4824151.94,SBI RATE BUY SELL,30/01/2020,71.485,null,344854501.49,null,null,null,null,null,null,VAT 15%,51728174.87,396582676.36,396582676.36,null,null,null,null,null,null,null,6,04/02/2020,null,null
Gail&C0003/23-24,2023-2024,C-4-10722-21-0,L00025/23-24,2011155.72,0.75,2,1528478.35,SBI FIRST RATE TT BUY SELL,30/06/2023,82.055,null,127069545,null,null,null,null,null,null,CGST 6%-SGST 6%,15248344,142317889,142317889,null,null,null,null,null,null,null,113,05/07/2023,null,null
Gail&D007/19-20,2019-2020,24,0096/19-20,778000.0,5.4,1,4201200,SBI RATE BUY SELL,30/01/2020,71.485,null,300322782,null,null,null,null,null,null,VAT 15%,45048417.5,345371199.5,345371199.5,null,null,null,null,null,null,null,6,04/02/2020,null,null
Gail&D0001/20-21,2020-2021,C-4-10519-1-0,L00113/20-21,1187579.68,0.76,2,902560.56,SBI RATE BUY SELL,05/06/2020,75.995,null,68590090,null,null,null,null,null,null,CGST 9%-SGST 9%,12346216,80936306,80936306,null,null,null,null,null,null,null,23,16/06/2020,null,null
KRIBHCO&C007/23-24,2023-2024,L-33-1-0,S0008/23-24,142320.0,13.23,2,1882893.6,SBI FIRST RATE TT SELL,13/04/2023,82.25,null,155621156.04,null,null,null,null,null,null,VAT 15%,24286413.44,186195836.36,186195836.36,null,null,null,null,null,null,null,130,20/04/2023,null,null
KRIBHCO&C003/19-20,2019-2020,L-19-1-0,0121/19-20,179445.0,5.966,1,1071286.65,SBI RATE SELL,14/02/2020,71.75,null,76916318.14,null,null,null,null,null,null,VAT 15%,12428392,95284339.64,95284339.64,null,null,null,null,null,null,null,23,26/02/2020,null,null
DFPCL&DMH031/22-23,2022-2023,06,SMH0193/22-23,18912.0,16.82,2,318099.84,SBI FIRST RATE TT BUY SELL,31/03/2023,82.145,null,26315999.78,null,null,null,null,null,null,VAT 3%,808257.34,27750168.67,27750168.67,null,null,null,.1,null,null,null,49,03/04/2023,null,null
DFPCL&DMH008/22-23,2022-2023,05,SMH0128/22-23,32392.0,20.48,2,663388.16,SBI FIRST RATE TT BUY SELL,15/12/2022,82.645,null,54860498.39,null,null,null,null,null,null,VAT 3%,1645814.95,56506313.34,56506313.34,null,null,null,null,null,null,null,153,20/12/2022,null,null
DFPCL&DMH011/22-23,2022-2023,05,SMH0139/22-23,54580.0,20.48,2,1117798.4,SBI FIRST RATE TT BUY SELL,30/12/2022,82.785,null,92742599.08,null,null,null,null,null,null,VAT 3%,2782277.98,95524877.06,95524877.06,null,null,null,.1,null,null,null,153,03/01/2023,null,null
DFPCL&DMH016/22-23,2022-2023,06,SMH0152/22-23,13150.0,16.82,2,221183,SBI FIRST RATE TT BUY SELL,31/01/2023,81.625,null,18457092.23,null,null,null,null,null,null,VAT 3%,566769.14,19459073.77,19459073.77,null,null,null,.1,null,null,null,23,02/02/2023,null,null
DFPCL&DMH001/22-23,2022-2023,05,SMH0049/22-23,54800.0,20.48,2,1122304,SBI FIRST RATE TT BUY SELL,31/08/2022,79.575,null,89392529.9,null,null,null,null,null,null,VAT 3%,2681775.89,92074305.79,92074305.79,null,null,null,.1,null,null,null,23,07/09/2022,null,null
DFPCL&CMH001/23-24,2023-2024,06,SMH0003/23-24,97150.0,16.82,2,1634063,SBI FIRST RATE TT BUY SELL,14/04/2023,81.825,null,134360830.17,null,null,null,null,null,null,VAT 3%,4159599.18,142812904.95,142812904.95,null,null,null,null,null,null,null,130,21/04/2023,null,null
HPCL&D034/24-25,2024-2025,34,S0253/24-25,3074.8,13.89,2,42708.97,SBI FIRST RATE TT SELL,13/12/2024,85.31,null,3643709.4,null,null,null,null,null,null,VAT 15%,587923.23,4507411.44,4507411.44,null,null,null,2,null,2,.62,46,17/12/2024,null,null
HPCL&D032/24-25,2024-2025,34,S0242/24-25,2479.77,13.89,2,34444.01,SBI FIRST RATE TT SELL,29/11/2024,84.94,null,2933535.19,null,null,null,null,null,null,VAT 15%,473391.87,3629337.63,3629337.63,null,null,null,2,null,2,23.58,201,03/12/2024,null,null
HPCL&CMH016/23-24,2023-2024,31,SMH0185/23-24,245004.05,10.159,2,2488996.14,SBI FIRST RATE TT BUY SELL,29/02/2024,82.89,null,206437340.18,null,null,null,null,null,null,VAT 3%,6769075.73,232404933.27,232404933.27,null,null,null,null,null,null,null,201,05/03/2024,null,null
HPCL&C011/23-24,2023-2024,29,S0087/23-24,180000.0,12.488,1,2250432,SBI FIRST RATE TT BUY SELL,15/07/2023,82.145,null,185074656.48,null,null,null,null,null,null,VAT 15%,27761198.48,212835854.96,212835854.96,null,null,null,null,null,null,null,23,20/07/2023,null,null
HPCL&CMH012/24-25,2024-2025,33,SMH0049/24-25,35137.92,10.0674,2,353747.5,SBI FIRST RATE TT SELL,14/08/2024,83.84,null,30026087.45,null,null,null,null,null,null,VAT 3%,991975.22,34057816.01,34057816.01,null,null,null,null,null,null,null,201,21/08/2024,null,null
HPCL&CMH013/24-25,2024-2025,33,SMH0054/24-25,37872.07,10.0674,2,381273.28,SBI FIRST RATE TT SELL,30/08/2024,83.98,null,32255719.28,null,null,null,null,null,null,VAT 3%,1065960.05,36597961.81,36597961.81,null,null,null,null,null,null,null,46,05/09/2024,null,null
HPCL&CMH004/24-25,2024-2025,32,SMH0014/24-25,74089.65,9.456,2,700591.73,SBI FIRST RATE TT BUY SELL,30/04/2024,83.42,null,58548450.91,null,null,null,null,null,null,VAT 3%,1943959.61,66742613.39,66742613.39,null,null,null,null,null,null,null,201,06/05/2024,null,null
HPCL&DMH034/23-24,2023-2024,31,SMH0178/23-24,247995.95,10.159,2,2519390.86,SBI FIRST RATE TT BUY SELL,15/02/2024,83.05,null,209235410.59,null,null,null,null,null,null,VAT 3%,6860051.19,235528424.42,235528424.42,null,null,null,null,null,null,null,201,21/02/2024,null,null
GSFC&D008/19-20,2019-2020,3,0097/19-20,94096.0,5.63,1,529760.48,SBI RATE BUY SELL,30/01/2020,71.485,null,37869928.28,null,null,null,null,null,null,VAT 6%,2272195.54,40142123.82,40142123.82,null,null,null,null,null,null,null,6,04/02/2020,null,null
AMNS&DMH002/22-23,2022-2023,69,SMH0087/22-23,341677.33,30.0,2,10250319.9,SBI FIRST RATE TT BUY SELL,14/10/2022,82.305,null,844582170.22,null,null,null,null,null,null,CST 3%,25337465.11,869919635.33,869919635.33,null,null,null,.1,null,null,null,153,20/10/2022,null,null
AMNS&DMH004/22-23,2022-2023,69,SMH0093/22-23,358867.66,30.0,2,10766029.5,SBI FIRST RATE TT BUY SELL,31/10/2022,82.405,null,907921219.07,null,null,null,null,null,null,CST 3%,27237636.57,935158855.64,935158855.64,null,null,null,.1,null,null,null,23,07/11/2022,null,null
AMNS&DMH006/22-23,2022-2023,69,SMH0103/22-23,38040.58,30.0,2,1141217.7,SBI FIRST RATE TT BUY SELL,15/11/2022,81.225,null,92978145.68,null,null,null,null,null,null,CST 3%,2789344.37,95767490.05,95767490.05,null,null,null,.1,null,null,null,49,18/11/2022,null,null
AMNS&C0001/23-24,2023-2024,C-33-11921-29-0,L00002/23-24,844867.32,0.76,2,642099.16,SBI FIRST RATE TT BUY SELL,13/04/2023,81.825,null,52796604,null,null,null,null,null,null,CGST 6%-SGST 6%,6335592,59132196,59132196,null,null,null,null,null,null,null,130,23/04/2023,null,null
AMNS&D001/19-20,2019-2020,C-33-11719-2-0,00692/19-20,1239465.32,0.78,2,966782.95,SBI RATE BUY SELL,30/01/2020,71.485,null,58007,null,null,null,null,null,null,CGST 9%-SGST 9%,12439886,68449,68449,null,null,null,null,null,null,null,6,04/02/2020,null,null
AMNS&2CRMH0006/25-26,2025-2026,,2SMH0036/25-26,6602.51,883.5,1,0,SBI RATE BUY SELL,30/06/2025,0,null,6169385.34,null,null,null,null,null,null,CST 3%,185081.56,6354466.9,6354466.9,null,null,null,null,null,null,null,46,02/07/2025,null,null
AMNS&2DRMH0012/25-26,2025-2026,SN 78,SMH0116/24-25,46.54,871.4286,1,40556.29,SBI RATE BUY SELL,29/03/2025,0,null,0,null,null,null,null,null,null,CST 3%,1216.69,0,0,null,null,null,null,null,null,null,4,12/12/2025,null,null
SEMTIPL&DMH016/23-24,2023-2024,14,SMH0054/23-24,25653.8,13.29,1,340939,SBI FIRST RATE TT BUY SELL,30/06/2023,82.055,null,28035096.73,null,null,null,null,null,null,VAT 3%,841052.9,28876149.63,28876149.63,null,null,null,.1,null,null,null,113,05/07/2023,null,null
SEMTIPL&CAP002/24-25,2024-2025,SN-19,SAP0032/24-25,38646.06,10.16,2,400496.85,SBI FIRST RATE TT BUY SELL,29/03/2025,85.525,null,34924110.52,null,null,null,null,null,null,VAT 5%,1761663.95,36994942.95,36994942.95,null,null,null,null,null,null,null,46,09/04/2025,null,null
SEMTIPL&CMH016/24-25,2024-2025,SN-19,SMH0067/24-25,162525.92,10.3632,2,1684288.61,SBI FIRST RATE TT SELL,15/10/2024,84.085,null,143055053.44,null,null,null,null,null,null,VAT 3%,4628368.9,158907332.35,158907332.35,null,null,null,null,null,null,null,46,18/10/2024,null,null
SEMTIPL&CMH014/23-24,2023-2024,14,SMH0118/23-24,15219.15,13.29,1,202262.50,SBI FIRST RATE TT BUY SELL,31/10/2023,83.285,null,16845432.31,null,null,null,null,null,null,VAT 3%,909100.15,0,0,null,null,null,null,null,null,null,23,07/11/2023,null,null
SEMTIPL&DMH013/23-24,2023-2024,14,SMH0044/23-24,16793.29,13.39,2,224862.02,SBI FIRST RATE TT BUY SELL,15/06/2023,82.175,null,18478371.15,null,null,null,null,null,null,VAT 3%,554351.13,19032722.28,19032722.28,null,null,null,.1,null,null,null,113,30/06/2023,null,null
SEMTIPL&D012/19-20,2019-2020,02,0101/19-20,30400.0,6.3,1,191520,SBI RATE BUY SELL,30/01/2020,71.485,null,13690807,null,null,null,null,null,null,CST 2%,273816.32,13964623.32,13964623.32,null,null,null,null,null,null,null,6,04/02/2020,null,null
SEMTIPL&2DRGJ0003/25-26,2025-2026,,2SGJ0088/25-26,23484.89,12.94,2,303894.48,SBI FIRST RATE TT SELL,31/07/2025,88.15,null,27879128.8,null,null,null,null,null,null,CST 2%,557582.57,28436711.37,28436711.37,null,null,null,.1,null,null,null,44,06/08/2025,null,null
SEMTIPL&2DRGJ0004/25-26,2025-2026,05,S0110/20-21,1000.0,2.97,1,2970.00,SBI RATE BUY SELL,15/07/2020,75.375,null,223863.75,null,null,null,null,null,null,CST 2%,11193.19,11193.19,11193.19,null,null,null,null,null,null,null,4,16/12/2025,null,null
SEMTIPL&CAP001/24-25,2024-2025,SN-19,SAP0031/24-25,0.0,10.3632,2,0.00,SBI FIRST RATE TT BUY SELL,29/03/2025,85.525,null,0.00,null,null,null,null,null,null,CST 2%,691233.23,0,0,null,null,null,null,null,null,null,219,07/04/2025,null,null
SEMTIPL&2CRAP0003/25-26,2025-2026,,2SAP0004/25-26,102107.28,10.04,2,1025157.09,SBI FIRST RATE TT BUY SELL,30/04/2025,85.175,null,87317755.14,null,null,null,null,null,null,VAT 5%,4529327.45,0,0,null,null,null,null,null,null,null,201,07/05/2025,null,null
SGIPL&D045/20-21,2020-2021,13,S0235/20-21,1615.68,4.9372,1,7976.94,SBI RATE BUY SELL,15/10/2020,73.375,null,585307.63,null,null,null,null,null,null,VAT 6%,52717.2,52717.2,52717.2,null,null,null,null,null,null,null,23,16/10/2020,null,null
SGIPL&D048/20-21,2020-2021,13,S0254/20-21,1363.05,4.9372,1,6729.65,SBI RATE BUY SELL,30/10/2020,74.225,null,499508.31,null,null,null,null,null,null,VAT 6%,44989.47,44989.47,44989.47,null,null,null,null,null,null,null,6,03/11/2020,null,null
SGIPL&D009/19-20,2019-2020,2-0,0098/19-20,32000.0,7.85,1,251200,SBI RATE BUY SELL,30/01/2020,71.485,null,17957032,null,null,null,null,null,null,CST 2%,359140.2,18316172.2,18316172.2,null,null,null,null,null,null,null,6,04/02/2020,null,null
SGIPL&D010/19-20,2019-2020,11-0,0099/19-20,7200.0,5.8,1,41760,SBI RATE BUY SELL,30/01/2020,71.485,null,2985214,null,null,null,null,null,null,CST 2%,59704.16,3044918.16,3044918.16,null,null,null,null,null,null,null,6,04/02/2020,null,null
PGPGPL&C012/23-24,2023-2024,06,S0083/23-24,4000.0,12.8057,1,51248,SBI FIRST RATE TT BUY SELL,15/07/2023,82.145,null,4211837.01,null,null,null,null,null,null,VAT 6%,263462.22,4654499.23,4654499.23,null,null,null,null,null,null,null,23,20/07/2023,null,null
PGPGPL&C013/23-24,2023-2024,06,S0084/23-24,11040.0,12.8057,1,141444.48,SBI FIRST RATE TT BUY SELL,15/07/2023,82.145,null,11624670.16,null,null,null,null,null,null,VAT 6%,727155.73,12846417.89,12846417.89,null,null,null,null,null,null,null,23,20/07/2023,null,null
HCG&D001/21-22,2021-2022,03,S0371/20-21,9000.0,4.67,1,42030,SBI RATE BUY SELL,31/03/2021,73.275,null,3090915.25,null,null,null,null,null,null,CST 2%,87983.97,4490539.26,4490539.26,null,null,null,null,null,null,null,48,07/04/2021,null,null
HCG&D022/23-24,2023-2024,06,S0215/23-24,26075.22,10.159,2,264898.16,SBI FIRST RATE TT BUY SELL,30/11/2023,83.345,null,22144918.14,null,null,null,null,null,null,CST 2%,518455.17,26441213.77,26441213.77,null,null,null,.1,null,null,null,113,03/12/2023,null,null
HCG&D024/23-24,2023-2024,06,S0262/23-24,24000.0,10.159,2,243816,SBI FIRST RATE TT BUY SELL,30/12/2023,83.335,null,20318406.36,null,null,null,null,null,null,CST 2%,475911.68,24271495.64,24271495.64,null,null,null,.1,null,null,null,201,04/01/2024,null,null
HCG&C036/23-24,2023-2024,06,S0390/23-24,28000.0,10.159,2,284452,SBI FIRST RATE TT BUY SELL,29/02/2024,82.89,null,23592448.88,null,null,null,null,null,null,CST 2%,552983.13,28202139.21,28202139.21,null,null,null,null,null,null,null,201,05/03/2024,null,null
HCG&D020/24-25,2024-2025,SN08 T2,S0161/24-25,13981.93,13.0,2,181765.09,SBI FIRST RATE TT SELL,14/08/2024,84.36,null,15374424.99,null,null,null,null,null,null,CST 2%,332569.17,16961027.87,16961027.87,null,null,null,.1,null,null,null,201,20/08/2024,null,null
HCG&C005/24-25,2024-2025,SN08 T1,S0180/24-25,14500.0,10.0674,2,145977.3,SBI FIRST RATE TT SELL,30/08/2024,83.98,null,12349679.58,null,null,null,null,null,null,CST 2%,286492.29,14611106.67,14611106.67,null,null,null,null,null,null,null,201,05/09/2024,null,null
HCG&C003/24-25,2024-2025,SN08 T1,S0145/24-25,15400.0,10.0674,2,155037.96,SBI FIRST RATE TT SELL,30/07/2024,83.81,null,13108459.52,null,null,null,null,null,null,CST 2%,304119.53,15510096.01,15510096.01,null,null,null,null,null,null,null,23,07/08/2024,null,null
HCG&C006/24-25,2024-2025,SN08 T1,S0193/24-25,15000.0,10.0674,2,151011,SBI FIRST RATE TT SELL,13/09/2024,83.73,null,12837445.11,null,null,null,null,null,null,CST 2%,297609.62,15178090.73,15178090.73,null,null,null,null,null,null,null,201,20/09/2024,null,null
HCG&D026/23-24,2023-2024,06,S0320/23-24,22494.21,10.159,2,228518.68,SBI FIRST RATE TT BUY SELL,15/01/2024,82.855,null,18967584.18,null,null,null,null,null,null,CST 2%,444531.99,22671131.3,22671131.3,null,null,null,.1,null,null,null,113,18/01/2024,null,null
HCG&D002/24-25,2024-2025,06,S0438/23-24,31952.09,10.159,2,324601.28,SBI FIRST RATE TT BUY SELL,30/03/2024,83.4,null,27071746.94,null,null,null,null,null,null,CST 2%,634020.85,32335063.28,32335063.28,null,null,null,.1,null,null,null,201,04/04/2024,null,null
HCG&C004/24-25,2024-2025,SN08 T1,S0160/24-25,16900.0,10.0674,2,170139.06,SBI FIRST RATE TT SELL,14/08/2024,83.84,null,14441403.41,null,null,null,null,null,null,CST 2%,334864.48,17078088.45,17078088.45,null,null,null,null,null,null,null,46,21/08/2024,null,null
HCG&C008/24-25,2024-2025,SN08 T1,S0201/24-25,15000.0,10.0674,2,151011,SBI FIRST RATE TT SELL,27/09/2024,83.98,null,12718146.42,null,null,null,null,null,null,CST 2%,295223.65,15056406.07,15056406.07,null,null,null,null,null,null,null,46,07/10/2024,null,null
HCG&C040/23-24,2023-2024,06,S0403/23-24,30000.0,10.159,2,304770,SBI FIRST RATE TT BUY SELL,15/03/2024,82.97,null,25289814.6,null,null,null,null,null,null,CST 2%,592725.74,30229012.34,30229012.34,null,null,null,null,null,null,null,46,20/03/2024,null,null
HCG&D022/24-25,2024-2025,07,S0179/24-25,71296.68,9.24,2,658781.32,SBI FIRST RATE TT BUY SELL,31/08/2024,83.925,null,55296123.55,null,null,null,null,null,null,CST 2%,1233813.89,62924508.15,62924508.15,null,null,null,.1,null,null,null,201,03/09/2024,null,null
HCG&D007/24-25,2024-2025,07,S0065/24-25,69184.74,9.24,2,639267,SBI FIRST RATE TT BUY SELL,31/05/2024,83.275,null,53339598.23,null,null,null,null,null,null,CST 2%,1189221.28,60650285.31,60650285.31,null,null,null,.1,null,null,null,201,04/06/2024,null,null
HCG&D014/23-24,2023-2024,06,S0190/23-24,16874.78,10.159,2,171430.89,SBI FIRST RATE TT BUY SELL,15/11/2023,83.095,null,14396415.81,null,null,null,null,null,null,CST 2%,336825.49,17178099.92,17178099.92,null,null,null,.1,null,null,null,113,17/11/2023,null,null
HCG&D008/23-24,2023-2024,06,S0166/23-24,22000.0,10.159,1,223498,SBI FIRST RATE TT BUY SELL,13/10/2023,83.265,null,18641631.97,null,null,null,null,null,null,CST 2%,436580.9,22265625.67,22265625.67,null,null,null,.1,null,null,null,201,17/10/2023,null,null
HCG&C028/23-24,2023-2024,06,S0228/23-24,22350.0,10.159,2,227053.65,SBI FIRST RATE TT BUY SELL,15/12/2023,83.16,null,18965791.39,null,null,null,null,null,null,CST 2%,444078.26,22647991.29,22647991.29,null,null,null,null,null,null,null,201,20/12/2023,null,null
HCG&D032/23-24,2023-2024,06,S0350/23-24,24000.0,10.159,2,243816.00,SBI FIRST RATE TT BUY SELL,31/01/2024,83.145,null,20272081.32,null,null,null,null,null,null,CST 2%,445298.6,0,0,null,null,null,.1,null,null,null,113,02/02/2024,null,null
HCG&D039/23-24,2023-2024,06,S0370/23-24,22500.0,10.159,2,228577.5,SBI FIRST RATE TT BUY SELL,15/02/2024,83.05,null,18983361.38,null,null,null,null,null,null,CST 2%,444864.31,22688079.69,22688079.69,null,null,null,.1,null,null,null,46,21/02/2024,null,null
HCG&D001/23-24,2023-2024,05,S0061/23-24,50637.4,12.1,2,612712.54,SBI RATE BUY SELL,15/06/2023,82.175,null,50349727.97,null,null,null,null,null,null,CST 2%,1006994.56,51356722.53,51356722.53,null,null,null,null,null,null,null,23,20/06/2023,null,null
HCG&D010/23-24,2023-2024,06,S0175/23-24,24500.0,10.159,1,248895.5,SBI FIRST RATE TT BUY SELL,31/10/2023,83.285,null,20771793.72,null,null,null,null,null,null,CST 2%,486428.25,24807840.77,24807840.77,null,null,null,.1,null,null,null,201,03/11/2023,null,null
GGL&D004/22-23,2022-2023,07,S0022/22-23,8916.24,20.0,2,178324.8,SBI FIRST RATE TT BUY SELL,15/06/2022,78.025,null,13915834.52,null,null,null,null,null,null,VAT 6%,863362.78,15252742.37,15252742.37,null,null,null,.1,null,null,null,23,17/06/2022,null,null
GGL&C005/23-24,2023-2024,04,S0004/23-24,7501.86,12.4924,1,93716.24,SBI FIRST RATE TT BUY SELL,14/04/2023,81.825,null,7705817.5,null,null,null,null,null,null,VAT 6%,505658.43,8933298.9,8933298.9,null,null,null,null,null,null,null,130,20/04/2023,null,null
GGL&DMH025/24-25,2024-2025,08,SMH0065/24-25,13500.35,10.363,2,139904.13,SBI FIRST RATE TT BUY SELL,15/10/2024,84.09,null,11764538.04,null,null,null,null,null,null,CST 3%,396473.48,13612255.95,13612255.95,null,null,null,null,null,null,null,46,21/10/2024,null,null
GGL&DMH029/24-25,2024-2025,08,SMH0070/24-25,14402.96,10.363,2,149257.87,SBI FIRST RATE TT BUY SELL,31/10/2024,84.29,null,12580946.24,null,null,null,null,null,null,CST 3%,423876.55,14553094.91,14553094.91,null,null,null,.1,null,null,null,46,07/11/2024,null,null
GGL&DMH016/24-25,2024-2025,08,SMH0044/24-25,14400.0,10.067,2,144964.8,SBI FIRST RATE TT BUY SELL,31/07/2024,83.81,null,12149499.89,null,null,null,null,null,null,CST 3%,410923.61,14108377.42,14108377.42,null,null,null,null,null,null,null,201,06/08/2024,null,null
GGL&CMH014/24-25,2024-2025,08,SMH0058/24-25,13500.0,10.067,2,135904.5,SBI FIRST RATE TT BUY SELL,13/09/2024,83.73,null,11437722.72,null,null,null,null,null,null,CST 3%,386667.88,13275597.4,13275597.4,null,null,null,null,null,null,null,201,20/09/2024,null,null
GGL&CMH006/24-25,2024-2025,08,SMH0017/24-25,13410.0,10.067,2,134998.47,SBI RATE BUY SELL,15/05/2024,83.34,null,11298021.95,null,null,null,null,null,null,CST 3%,385385.71,13231576.07,13231576.07,null,null,null,null,null,null,null,201,22/05/2024,null,null
GGL&DMH007/24-25,2024-2025,08,SMH0032/24-25,13740.0,10.067,2,138320.58,SBI FIRST RATE TT BUY SELL,29/06/2024,83.49,null,11548385.23,null,null,null,null,null,null,CST 3%,394039.56,13528691.3,13528691.3,null,null,null,null,null,null,null,219,05/07/2024,null,null
GGL&DMH012/24-25,2024-2025,08,SMH0037/24-25,13400.0,10.067,2,134897.8,SBI FIRST RATE TT BUY SELL,15/07/2024,83.66,null,11285549.95,null,null,null,null,null,null,CST 3%,381780.21,13107787.28,13107787.28,null,null,null,null,null,null,null,219,22/07/2024,null,null
GGL&CMH010/24-25,2024-2025,08,SMH0050/24-25,13500.0,10.067,2,135904.5,SBI FIRST RATE TT BUY SELL,14/08/2024,83.84,null,11420055.14,null,null,null,null,null,null,CST 3%,386137.86,13257399.8,13257399.8,null,null,null,null,null,null,null,201,21/08/2024,null,null
GGL&DMH022/24-25,2024-2025,08,SMH0061/24-25,13500.0,10.067,2,135904.5,SBI FIRST RATE TT BUY SELL,30/09/2024,83.98,null,11413259.91,null,null,null,null,null,null,CST 3%,385934,13250400.71,13250400.71,null,null,null,.1,null,null,null,46,07/10/2024,null,null
GGL&DMH020/24-25,2024-2025,08,SMH0055/24-25,14255.0,10.067,2,143505.09,SBI FIRST RATE TT BUY SELL,31/08/2024,83.98,null,12051557.04,null,null,null,null,null,null,CST 3%,407517.71,13991441.63,13991441.63,null,null,null,null,null,null,null,46,05/09/2024,null,null
GGL&DMH002/24-25,2024-2025,08,SMH0203/23-24,9600.0,10.1592,2,97528.32,SBI RATE BUY SELL,30/03/2024,83.4,null,8133861.89,null,null,null,null,null,null,CST 3%,277265.11,9519435.48,9519435.48,null,null,null,null,null,null,null,46,22/04/2024,null,null
GGL&DMH003/24-25,2024-2025,08,SMH0005/24-25,13500.0,9.456,2,127656,SBI FIRST RATE TT BUY SELL,15/04/2024,83.6,null,10672041.6,null,null,null,null,null,null,CST 3%,366918.02,12597518.42,12597518.42,null,null,null,null,null,null,null,46,22/04/2024,null,null
GGL&CMH002/24-25,2024-2025,08,SMH0010/24-25,13500.0,9.456,2,127656,SBI FIRST RATE TT BUY SELL,30/04/2024,83.42,null,10668211.92,null,null,null,null,null,null,CST 3%,366803.13,12593573.85,12593573.85,null,null,null,null,null,null,null,201,06/05/2024,null,null
GGL&DMH006/24-25,2024-2025,08,SMH0020/24-25,13810.0,10.067,2,139025.27,SBI FIRST RATE TT BUY SELL,31/05/2024,83.48,null,11605829.54,null,null,null,null,null,null,CST 3%,396005.33,13596182.8,13596182.8,null,null,null,.1,null,null,null,201,07/06/2024,null,null
GGL&DMH037/23-24,2023-2024,08,SMH0192/23-24,9000.0,10.1592,2,89640,SBI FIRST RATE TT BUY SELL,15/03/2024,82.975,null,7586636.58,null,null,null,null,null,null,CST 3%,258770.28,8884446.06,8884446.06,null,null,null,null,null,null,null,23,19/03/2024,null,null
GGL&CMH007/24-25,2024-2025,08,SMH0024/24-25,13800.0,10.067,2,138924.6,SBI FIRST RATE TT BUY SELL,15/06/2024,83.41,null,11633546,null,null,null,null,null,null,CST 3%,396802.19,13623541.63,13623541.63,null,null,null,null,null,null,null,219,20/06/2024,null,null
GGL&C005/21-22,2021-2022,04,S0146/21-22,7511.48,6.3826,1,47942.77,SBI FIRST RATE TT BUY SELL,14/10/2021,75.305,null,3610330.29,null,null,null,null,null,null,VAT 6%,259882.99,0,0,null,null,null,null,null,null,null,23,23/10/2021,null,null
GGL&D013/22-23,2022-2023,07,S0079/22-23,11155.0,20.0,2,223100,SBI FIRST RATE TT BUY SELL,31/08/2022,79.575,null,17929806.98,null,null,null,null,null,null,VAT 6%,1111335.21,19633588.7,19633588.7,null,null,null,.1,null,null,null,23,05/09/2022,null,null
GGL&D028/22-23,2022-2023,04,S0268/22-23,7505.51,12.8392,1,96364.74,SBI FIRST RATE TT BUY SELL,15/03/2023,82.345,null,8608909.46,null,null,null,null,null,null,VAT 6%,516534.57,9125444.03,9125444.03,null,null,null,.1,null,null,null,49,17/03/2023,null,null
GGL&D007/23-24,2023-2024,04,S0127/23-24,8139.07,11.3755,1,92585.99,SBI FIRST RATE TT BUY SELL,15/09/2023,83.065,null,8280365.43,null,null,null,null,null,null,VAT 6%,545084.4,9629824.35,9629824.35,null,null,null,.1,null,null,null,23,10/10/2023,null,null
GGL&D011/19-20,2019-2020,01,0100/19-20,33600.0,6.03,1,202608,SBI RATE BUY SELL,30/01/2020,71.485,null,14483432.4,null,null,null,null,null,null,VAT 6%,869005.58,15352437.98,15352437.98,null,null,null,null,null,null,null,6,04/02/2020,null,null
GGL&2DRMH0003/25-26,2025-2026,SN10,SMH0113/24-25,14880.0,10.36,2,154156.8,SBI FIRST RATE TT BUY SELL,29/03/2025,85.73,null,13215862.46,null,null,null,null,null,null,CST 3%,445221.32,15285932.16,15285932.16,null,null,null,.1,null,null,null,201,09/04/2025,null,null
GGL&CMH024/24-25,2024-2025,SN10,SMH0109/24-25,13950.0,10.36,2,144522,SBI FIRST RATE TT BUY SELL,15/03/2025,86.68,null,12612434.94,null,null,null,null,null,null,CST 3%,424071.91,14559802.21,14559802.21,null,null,null,null,null,null,null,46,20/03/2025,null,null
GGL&C011/24-25,2024-2025,X-39-1-0,S0316/24-25,3150.0,1018.5555,1,0,SBI FIRST RATE TT BUY SELL,28/02/2025,0,null,3211250.17,null,null,null,null,null,null,VAT 6%,192675.01,3403925.18,3403925.18,null,null,null,null,null,null,null,219,13/03/2025,null,null
IFFCO&C008/23-24,2023-2024,L-22-1-0,S0009/23-24,550000.0,13.23,2,7276500,SBI FIRST RATE TT SELL,13/04/2023,82.25,null,601402725,null,null,null,null,null,null,CST 15%,99441168.75,762382293.75,762382293.75,null,null,null,null,null,null,null,130,20/04/2023,null,null
HGL-RLNG&D020/21-22,2021-2022,2-0,S0137/21-22,5528.27,9.3,1,51412.72,SBI FIRST RATE TT BUY SELL,30/09/2021,74.275,null,3879498.15,null,null,null,null,null,null,VAT 6%,250386.41,4423493.19,4423493.19,null,null,null,.1,null,.1,3.65,49,05/10/2021,null,null
HGL-RLNG&D024/21-22,2021-2022,2-0,S0159/21-22,5482.59,9.3,1,50988.09,SBI FIRST RATE TT BUY SELL,15/11/2021,74.405,null,3848080.61,null,null,null,null,null,null,VAT 6%,248355.79,4387618.95,4387618.95,null,null,null,null,null,null,null,49,17/11/2021,null,null
HGL-RLNG&D032/21-22,2021-2022,2-0,S0209/21-22,6263.34,9.3,1,58248.97,SBI FIRST RATE TT BUY SELL,15/02/2022,75.625,null,4430307.28,null,null,null,null,null,null,VAT 6%,285777.35,5048733.12,5048733.12,null,null,null,null,null,null,null,23,17/02/2022,null,null
HGL-RLNG&D016/21-22,2021-2022,2-0,S0115/21-22,6069.88,9.3,1,56449.7,SBI FIRST RATE TT BUY SELL,13/08/2021,74.295,null,4356690.31,null,null,null,null,null,null,VAT 6%,280743.84,4959807.9,4959807.9,null,null,null,null,null,null,null,23,17/08/2021,null,null
HGL-RLNG&D019/21-22,2021-2022,2-0,S0131/21-22,5742.35,9.3,1,53403.58,SBI FIRST RATE TT BUY SELL,15/09/2021,73.725,null,3986265.64,null,null,null,null,null,null,VAT 6%,257474.65,4548718.8,4548718.8,null,null,null,.1,null,.1,2.95,49,20/09/2021,null,null
HGL-RLNG&D010/21-22,2021-2022,01,S0008/21-22,10300.34,4.76,1,49029.62,SBI FIRST RATE TT BUY SELL,15/04/2021,75.275,null,3728326.53,null,null,null,null,null,null,VAT 6%,312041.24,5512536.01,5512536.01,null,null,null,null,null,null,null,48,19/04/2021,null,null
HGL-RLNG&D011/21-22,2021-2022,01,S0022/21-22,1930.72,4.73,1,9132.35,SBI FIRST RATE TT BUY SELL,05/05/2021,73.875,null,710271.57,null,null,null,null,null,null,VAT 6%,59205.54,1046342.83,1046342.83,null,null,null,null,null,null,null,23,17/05/2021,null,null
HGL-RLNG&D021/21-22,2021-2022,2-0,S0143/21-22,5520.08,9.3,1,51336.74,SBI FIRST RATE TT BUY SELL,14/10/2021,75.305,null,3888561.51,null,null,null,null,null,null,VAT 6%,250904.11,4432639.28,4432639.28,null,null,null,.1,null,.1,1.36,23,18/10/2021,null,null
HGL-RLNG&D023/21-22,2021-2022,2-0,S0151/21-22,6450.25,9.3,1,59987.42,SBI FIRST RATE TT BUY SELL,29/10/2021,74.825,null,4522915.55,null,null,null,null,null,null,VAT 6%,291929.45,5157420.36,5157420.36,null,null,null,null,null,null,null,23,02/11/2021,null,null
HGL-RLNG&D025/21-22,2021-2022,2-0,S0168/21-22,5938.73,9.3,1,55230.28,SBI FIRST RATE TT BUY SELL,30/11/2021,74.965,null,4183305.09,null,null,null,null,null,null,VAT 6%,269922.81,4768636.23,4768636.23,null,null,null,null,null,null,null,49,02/12/2021,null,null
HGL-RLNG&D026/21-22,2021-2022,2-0,S0180/21-22,6232.45,9.3,1,57961.69,SBI FIRST RATE TT BUY SELL,15/12/2021,76.075,null,4481055.72,null,null,null,null,null,null,VAT 6%,288723.82,5100787.45,5100787.45,null,null,null,null,null,null,null,23,17/12/2021,null,null
HGL-RLNG&D028/21-22,2021-2022,2-0,S0195/21-22,6177.85,9.3,1,57453.91,SBI FIRST RATE TT BUY SELL,14/01/2022,74.025,null,4261774.84,null,null,null,null,null,null,VAT 6%,275392.98,4865275.9,4865275.9,null,null,null,null,null,null,null,23,17/01/2022,null,null
HGL-RLNG&D030/21-22,2021-2022,2-0,S0199/21-22,6633.59,9.3,1,61692.48,SBI FIRST RATE TT BUY SELL,31/01/2022,74.975,null,4635144.69,null,null,null,null,null,null,VAT 6%,299247.44,5286704.75,5286704.75,null,null,null,null,null,null,null,23,02/02/2022,null,null
HGL-RLNG&D017/21-22,2021-2022,2-0,S0124/21-22,5568.97,9.3,1,51791.42,SBI FIRST RATE TT BUY SELL,31/08/2021,73.275,null,3815029.37,null,null,null,null,null,null,VAT 6%,246647.98,4357447.57,4357447.57,null,null,null,.1,null,.1,1.2,23,02/09/2021,null,null
HGL-RLNG&D027/21-22,2021-2022,2-0,S0188/21-22,6506.14,9.3,1,60507.1,SBI FIRST RATE TT BUY SELL,31/12/2021,74.475,null,4545772.42,null,null,null,null,null,null,VAT 6%,293478.97,5184795.09,5184795.09,null,null,null,null,null,null,null,23,04/01/2022,null,null
HGL-RLNG&D033/21-22,2021-2022,2-0,S0215/21-22,5426.4,9.3,1,50465.52,SBI FIRST RATE TT BUY SELL,28/02/2022,75.775,null,3831942.78,null,null,null,null,null,null,VAT 6%,247208.46,4367349.51,4367349.51,null,null,null,null,null,null,null,23,02/03/2022,null,null
HGL-RLNG&D034/21-22,2021-2022,2-0,S0222/21-22,2367.24,9.3,1,22015.33,SBI FIRST RATE TT BUY SELL,15/03/2022,76.425,null,1685884.75,null,null,null,null,null,null,VAT 6%,108696.59,1920306.4,1920306.4,null,null,null,.1,null,null,null,23,17/03/2022,null,null
HGL-RLNG&D012/21-22,2021-2022,2-0,S0091/21-22,4903.05,9.3,1,45598.27,SBI FIRST RATE TT BUY SELL,15/07/2021,74.525,null,3416468.22,null,null,null,null,null,null,VAT 6%,220612.27,3897483.44,3897483.44,null,null,null,null,null,null,null,49,19/07/2021,null,null
HGL-RLNG&D014/21-22,2021-2022,2-0,S0102/21-22,6185.0,9.3,1,57520.50,SBI FIRST RATE TT BUY SELL,30/07/2021,74.355,null,4276936.78,null,null,null,null,null,null,VAT 6%,247420.55,4371096.39,4371096.39,null,null,null,null,null,null,null,49,04/08/2021,null,null
HSIL&DMH015/23-24,2023-2024,08,SMH0050/23-24,44019.05,12.0,2,528228.6,SBI FIRST RATE TT BUY SELL,30/06/2023,82.055,null,43352530.77,null,null,null,null,null,null,CST 3%,1300575.92,44653106.69,44653106.69,null,null,null,null,null,null,null,113,05/07/2023,null,null
HSIL&DMH039/24-25,2024-2025,09(RLNG),SMH0084/24-25,9629.78,1448.13,1,0,SBI FIRST RATE TT BUY SELL,15/01/2025,0,null,13974249.31,null,null,null,null,null,null,CST 3%,445138.21,15283078.64,15283078.64,null,null,null,.1,null,null,null,46,20/01/2025,null,null
HSIL&DAP004/24-25,2024-2025,09(Domgas),SAP0018/24-25,9809.76,897.62,1,0,SBI FIRST RATE TT BUY SELL,15/01/2025,0,null,8841891.77,null,null,null,null,null,null,CST 5%,486086.26,10207811.48,10207811.48,null,null,null,.1,null,null,null,46,20/01/2025,null,null
HSIL&D046/20-21,2020-2021,03,S0243/20-21,26386.5,5.17,1,136418.2,SBI RATE BUY SELL,15/10/2020,73.375,null,10011520.79,null,null,null,null,null,null,CST 2%,247380.48,12625795.36,12625795.36,null,null,null,null,null,null,null,6,19/10/2020,null,null
HSIL&D047/20-21,2020-2021,03,S0262/20-21,42014.13,5.17,1,217213.05,SBI FIRST RATE TT BUY SELL,30/10/2020,74.225,null,16130363.79,null,null,null,null,null,null,CST 2%,397686.05,20296898.41,20296898.41,null,null,null,null,null,null,null,48,03/11/2020,null,null
HSIL&DMH028/22-23,2022-2023,07,SMH0185/22-23,10989.44,15.53,2,170666,SBI FIRST RATE TT BUY SELL,15/03/2023,82.345,null,14054242.03,null,null,null,null,null,null,CST 3%,451081.95,15487146.92,15487146.92,null,null,null,.1,null,null,null,49,17/03/2023,null,null
HSIL&DMH012/23-24,2023-2024,08,SMH0038/23-24,38945.01,12.0,2,467340.12,SBI FIRST RATE TT BUY SELL,15/06/2023,82.175,null,38404965.36,null,null,null,null,null,null,CST 3%,1152148.96,39557114.32,39557114.32,null,null,null,null,null,null,null,113,20/06/2023,null,null
HSIL&DAP008/24-25,2024-2025,09(Domgas),SAP0030/24-25,14061.18,897.62,1,0,SBI FIRST RATE TT BUY SELL,31/03/2025,0,null,12623280.39,null,null,null,null,null,null,CST 5%,694221.1,14578643.1,14578643.1,null,null,null,.1,null,null,null,46,02/04/2025,null,null
HSIL&DMH043/24-25,2024-2025,09(RLNG),SMH0107/24-25,3636.03,2803.19,1,0,SBI FIRST RATE TT BUY SELL,28/02/2025,0,null,10193859.94,null,null,null,null,null,null,CST 3%,315599.22,10835573.24,10835573.24,null,null,null,.1,null,null,null,201,04/03/2025,null,null
HSIL&DMH040/24-25,2024-2025,09(RLNG),SMH0087/24-25,10494.32,1440.4,1,0,SBI FIRST RATE TT BUY SELL,31/01/2025,0,null,15139405.53,null,null,null,null,null,null,CST 3%,482419.11,16563056,16563056,null,null,null,.1,null,null,null,46,04/02/2025,null,null
HSIL&DAP005/24-25,2024-2025,09(Domgas),SAP0020/24-25,10382.35,897.62,1,0,SBI FIRST RATE TT BUY SELL,31/01/2025,0,null,9372388.01,null,null,null,null,null,null,CST 5%,515178.84,10818755.67,10818755.67,null,null,null,.1,null,null,null,46,04/02/2025,null,null
HSIL&DAP006/24-25,2024-2025,09(Domgas),SAP0024/24-25,11639.06,897.62,1,0,SBI FIRST RATE TT BUY SELL,28/02/2025,0,null,10452217.04,null,null,null,null,null,null,CST 5%,574805.98,12070925.66,12070925.66,null,null,null,.1,null,null,null,46,04/03/2025,null,null
HSIL&DMH044/24-25,2024-2025,09(RLNG),SMH0111/24-25,4483.54,1950.54,1,0,SBI FIRST RATE TT BUY SELL,15/03/2025,0,null,8745373.11,null,null,null,null,null,null,CST 3%,274425,9421925.02,9421925.02,null,null,null,.1,null,null,null,46,18/03/2025,null,null
HSIL&DAP007/24-25,2024-2025,09(Domgas),SAP0026/24-25,13125.52,897.62,1,0,SBI FIRST RATE TT BUY SELL,15/03/2025,0,null,11785022.26,null,null,null,null,null,null,CST 5%,648112.24,13610357.14,13610357.14,null,null,null,.1,null,null,null,46,18/03/2025,null,null
HSIL&DMH042/24-25,2024-2025,09(RLNG),SMH0095/24-25,3992.97,2071.06,1,0,SBI FIRST RATE TT BUY SELL,15/02/2025,0,null,8277097.45,null,null,null,null,null,null,CST 3%,259056.76,8894282.09,8894282.09,null,null,null,.1,null,null,null,46,18/02/2025,null,null
HSIL&CMH022/24-25,2024-2025,09(RLNG),SMH0107/24-25,3636.03,2022.54,1,0,SBI FIRST RATE TT BUY SELL,28/02/2025,0,null,13030949.76,null,null,null,null,null,null,CST 3%,400711.91,13757775.75,13757775.75,null,null,null,null,null,null,null,46,06/03/2025,null,null
KFL&C001/23-24,2023-2024,L-6-1-0,S0001/23-24,168000.0,13.23,2,2222640,SBI FIRST RATE TT SELL,14/04/2023,82.25,null,183701196,null,null,null,null,null,null,CST 15%,29671132.68,227478683.88,227478683.88,null,null,null,null,null,null,null,130,20/04/2023,null,null
KFL&D049/20-21,2020-2021,L-2-1-0,S0313/20-21,4200.0,5.9,1,24780,SBI FIRST RATE TT BUY SELL,31/12/2020,73.215,null,1895995,null,null,null,null,null,null,CST 2%,42590.04,2172091.6,2172091.6,null,null,null,null,null,null,null,48,04/01/2021,null,null
MINDA&DMH012/22-23,2022-2023,3-0,SMH0144/22-23,4430.62,37.0,2,163932.94,SBI FIRST RATE TT BUY SELL,15/01/2023,81.315,null,13331154.02,null,null,null,null,null,null,CST 3%,414425.41,14228605.62,14228605.62,null,null,null,.1,null,null,null,49,17/01/2023,null,null
MINDA&DMH014/22-23,2022-2023,3-0,SMH0154/22-23,5458.59,37.0,2,201967.83,SBI FIRST RATE TT BUY SELL,31/01/2023,81.625,null,16487712.12,null,null,null,null,null,null,CST 3%,512484.23,17595291.83,17595291.83,null,null,null,.1,null,null,null,23,02/02/2023,null,null
MINDA&DMH005/22-23,2022-2023,3-0,SMH0097/22-23,4017.14,37.0,2,148634.18,SBI FIRST RATE TT BUY SELL,15/11/2022,81.225,null,12074854.27,null,null,null,null,null,null,CST 3%,375384.09,12888186.96,12888186.96,null,null,null,.1,null,null,null,49,17/11/2022,null,null
MINDA&DMH003/22-23,2022-2023,3-0,SMH0091/22-23,3614.35,37.0,2,133730.95,SBI FIRST RATE TT BUY SELL,31/10/2022,82.405,null,11188038.36,null,null,null,null,null,null,CST 3%,347462.24,11929537.04,11929537.04,null,null,null,.1,null,null,null,130,03/11/2022,null,null
MINDA&DMH010/22-23,2022-2023,3-0,SMH0140/22-23,3039.18,37.0,2,112449.66,SBI FIRST RATE TT BUY SELL,30/12/2022,82.785,null,9341814.7,null,null,null,null,null,null,CST 3%,290194.38,9963340.48,9963340.48,null,null,null,.1,null,null,null,153,03/01/2023,null,null
MINDA&DMH023/22-23,2022-2023,3-0,SMH0172/22-23,3363.14,37.0,2,124435.81,SBI FIRST RATE TT BUY SELL,28/02/2023,82.725,null,10294323.66,null,null,null,null,null,null,CST 3%,319829.2,10980802.38,10980802.38,null,null,null,.1,null,null,null,153,03/03/2023,null,null
MINDA&CMH009/23-24,2023-2024,3-0,SMH0024/23-24,2850.0,13.9826,2,105450,SBI FIRST RATE TT BUY SELL,15/05/2023,82.245,null,14067973.53,null,null,null,null,null,null,CST 3%,431605.8,14818465.83,14818465.83,null,null,null,null,null,null,null,49,18/05/2023,null,null
MINDA&DMH001/23-24,2023-2024,3-0,SMH0001/23-24,181.53,37.0,2,6716.24,SBI FIRST RATE TT BUY SELL,14/04/2023,82.025,null,552983.59,null,null,null,null,null,null,CST 3%,17198.85,590493.83,590493.83,null,null,null,2,null,null,null,130,19/04/2023,null,null
MINDA&DMH024/22-23,2022-2023,3-0,SMH0187/22-23,3154.99,37.0,2,116734.63,SBI FIRST RATE TT BUY SELL,15/03/2023,82.345,null,9615612.11,null,null,null,null,null,null,CST 3%,298787.07,10258356.19,10258356.19,null,null,null,null,null,null,null,49,17/03/2023,null,null
MINDA&DMH029/22-23,2022-2023,3-0,SMH0197/22-23,655.6,37.0,2,24256.83,SBI FIRST RATE TT BUY SELL,31/03/2023,82.145,null,2177383.25,null,null,null,null,null,null,CST 3%,67465.7,2316322.46,2316322.46,null,null,null,2,null,null,null,49,03/04/2023,null,null
HCGD-B&D029/24-25,2024-2025,06,S0228/24-25,25311.16,10.2,2,258173.83,SBI FIRST RATE TT BUY SELL,15/11/2024,84.425,null,21799043.77,null,null,null,null,null,null,CST 2%,496516.26,25322329.29,25322329.29,null,null,null,.1,null,null,null,201,19/11/2024,null,null
HCGD-B&D012/24-25,2024-2025,06,S0129/24-25,27220.0,10.2,2,277644,SBI FIRST RATE TT BUY SELL,15/07/2024,83.66,null,23227697.04,null,null,null,null,null,null,CST 2%,529654.6,27012384.57,27012384.57,null,null,null,.1,null,null,null,219,22/07/2024,null,null
HCGD-B&D016/24-25,2024-2025,06,S0146/24-25,29110.0,10.2,2,296922,SBI FIRST RATE TT BUY SELL,31/07/2024,83.81,null,24885032.82,null,null,null,null,null,null,CST 2%,567321.53,28933398.01,28933398.01,null,null,null,null,null,null,null,46,07/08/2024,null,null
HCGD-B&D023/24-25,2024-2025,06,S0182/24-25,29950.26,10.2,2,305492.65,SBI FIRST RATE TT BUY SELL,31/08/2024,83.925,null,25646816.82,null,null,null,null,null,null,CST 2%,584566.82,29812907.61,29812907.61,null,null,null,null,null,null,null,201,03/09/2024,null,null
HCGD-B&D027/24-25,2024-2025,06,S0219/24-25,26697.78,10.2,2,272317.36,SBI FIRST RATE TT BUY SELL,31/10/2024,84.105,null,22907791.23,null,null,null,null,null,null,CST 2%,522007.52,26622383.36,26622383.36,null,null,null,null,null,null,null,46,05/11/2024,null,null
SISECAM&D018/21-22,2021-2022,1-0,S0121/21-22,69961.54,7.38,1,516316.17,SBI FIRST RATE TT BUY SELL,31/08/2021,73.275,null,37834366.01,null,null,null,null,null,null,VAT 6%,2433859.28,42998180.55,42998180.55,null,null,null,null,null,null,null,23,02/09/2021,null,null
SISECAM&D031/21-22,2021-2022,3-0,S0208/21-22,57375.23,22.5,1,1290942.68,SBI FIRST RATE TT BUY SELL,15/02/2022,75.625,null,97637990.8,null,null,null,null,null,null,VAT 6%,5992609.09,105869427.26,105869427.26,null,null,null,.1,null,null,null,23,17/02/2022,null,null
SISECAM&D006/22-23,2022-2023,04,S0050/22-23,55601.51,24.05,2,1337216.32,SBI FIRST RATE TT BUY SELL,15/07/2022,79.975,null,106972016.84,null,null,null,null,null,null,VAT 6%,6548497.93,115690130.17,115690130.17,null,null,null,.1,null,null,null,23,20/07/2022,null,null
SISECAM&D008/22-23,2022-2023,04,S0058/22-23,58085.28,24.05,2,1396950.98,SBI FIRST RATE TT BUY SELL,29/07/2022,79.475,null,111112868.63,null,null,null,null,null,null,VAT 6%,6802764.16,120182166.88,120182166.88,null,null,null,.1,null,null,null,23,03/08/2022,null,null
SISECAM&D029/21-22,2021-2022,3-0,S0197/21-22,62310.03,22.5,1,1401975.68,SBI FIRST RATE TT BUY SELL,14/01/2022,74.025,null,103782310.34,null,null,null,null,null,null,VAT 6%,6372821.85,112586519.41,112586519.41,null,null,null,null,null,null,null,23,18/01/2022,null,null
SISECAM&D018/22-23,2022-2023,04,S0099/22-23,49616.56,24.05,2,1193278.27,SBI FIRST RATE TT BUY SELL,14/10/2022,82.305,null,98442344.39,null,null,null,null,null,null,VAT 6%,6022705.33,106401127.58,106401127.58,null,null,null,.1,null,null,null,23,18/10/2022,null,null
SISECAM&D009/23-24,2023-2024,5-0,S0161/23-24,58352.91,13.15,2,767340.77,SBI FIRST RATE TT BUY SELL,13/10/2023,83.265,null,64381388.92,null,null,null,null,null,null,VAT 6%,4019735.96,71015335.25,71015335.25,null,null,null,.1,null,null,null,201,17/10/2023,null,null
SISECAM&C009/23-24,2023-2024,04,S0010/23-24,38243.76,24.05,2,919762.43,SBI FIRST RATE TT BUY SELL,13/04/2023,81.825,null,75627465.65,null,null,null,null,null,null,VAT 6%,4537647.94,80165113.59,80165113.59,null,null,null,null,null,null,null,130,20/04/2023,null,null
SISECAM&D023/23-24,2023-2024,6,S0218/23-24,59311.94,14.33,2,849940.24,SBI FIRST RATE TT BUY SELL,30/11/2023,83.345,null,70853603.59,null,null,null,null,null,null,VAT 6%,4251216.22,75104819.81,75104819.81,null,null,null,.1,null,null,null,113,04/12/2023,null,null
SISECAM&D009/24-25,2024-2025,07,S0130/24-25,54929.96,13.6717,2,750986.07,SBI FIRST RATE TT BUY SELL,15/07/2024,83.565,null,62792404.01,null,null,null,null,null,null,VAT 6%,3922726.21,69301496.4,69301496.4,null,null,null,.1,null,null,null,219,17/07/2024,null,null
SISECAM&D012/23-24,2023-2024,5-0,S0170/23-24,39297.09,13.15,2,516756.73,SBI FIRST RATE TT BUY SELL,31/10/2023,83.285,null,43170123.55,null,null,null,null,null,null,VAT 6%,2695837.99,47626471.17,47626471.17,null,null,null,.1,null,null,null,23,03/11/2023,null,null
SISECAM&D008/24-25,2024-2025,07,S0112/24-25,54524.35,13.8213,2,753597.4,SBI FIRST RATE TT BUY SELL,29/06/2024,83.425,null,62870012.28,null,null,null,null,null,null,VAT 6%,3918762.19,69231465.35,69231465.35,null,null,null,.1,null,null,null,219,04/07/2024,null,null
SISECAM&D015/24-25,2024-2025,07,S0147/24-25,58536.63,13.6717,2,800295.11,SBI FIRST RATE TT BUY SELL,31/07/2024,83.745,null,67027750.79,null,null,null,null,null,null,VAT 6%,4187036.18,73970972.49,73970972.49,null,null,null,null,null,null,null,46,02/08/2024,null,null
SISECAM&D019/24-25,2024-2025,07,S0163/24-25,53232.82,13.4175,2,714251.63,SBI FIRST RATE TT BUY SELL,14/08/2024,83.935,null,59994278.62,null,null,null,null,null,null,VAT 6%,3750044.12,66250779.42,66250779.42,null,null,null,.1,null,null,null,201,20/08/2024,null,null
SISECAM&D025/24-25,2024-2025,07,S0173/24-25,56844.53,13.4175,2,762711.35,SBI FIRST RATE TT BUY SELL,31/08/2024,83.925,null,64017242.81,null,null,null,null,null,null,VAT 6%,4001625.37,70695381.51,70695381.51,null,null,null,null,null,null,null,46,04/09/2024,null,null
SISECAM&D043/23-24,2023-2024,07,S0414/23-24,58481.34,13.0007,2,760298.23,SBI FIRST RATE TT BUY SELL,15/03/2024,82.975,null,63087512.38,null,null,null,null,null,null,VAT 6%,3863849.66,68261344.06,68261344.06,null,null,null,.1,null,null,null,201,19/03/2024,null,null
SISECAM&D023/22-23,2022-2023,04,S0201/22-23,40524.94,24.05,2,974624.81,SBI FIRST RATE TT BUY SELL,30/12/2022,82.785,null,81429925.43,null,null,null,null,null,null,VAT 6%,4980674.46,87991915.47,87991915.47,null,null,null,.1,null,null,null,153,03/01/2023,null,null
SISECAM&D024/22-23,2022-2023,04,S0210/22-23,38279.44,24.05,2,920620.53,SBI FIRST RATE TT BUY SELL,15/01/2023,81.315,null,74867555.61,null,null,null,null,null,null,VAT 6%,4581675,80942924.98,80942924.98,null,null,null,.1,null,null,null,23,17/01/2023,null,null
SISECAM&D025/22-23,2022-2023,04,S0222/22-23,40910.58,24.05,2,983899.45,SBI FIRST RATE TT BUY SELL,31/01/2023,81.625,null,80311629.91,null,null,null,null,null,null,VAT 6%,4914479.6,86822473.07,86822473.07,null,null,null,.1,null,null,null,23,02/02/2023,null,null
SISECAM&D015/21-22,2021-2022,1-0,S0103/21-22,68182.76,7.38,1,503188.77,SBI FIRST RATE TT BUY SELL,30/07/2021,74.355,null,37437087.9,null,null,null,null,null,null,VAT 6%,2405858.02,42503491.76,42503491.76,null,null,null,null,null,null,null,49,03/08/2021,null,null
SISECAM&D035/21-22,2021-2022,3-0,S0223/21-22,54307.14,22.5,1,1221910.65,SBI FIRST RATE TT BUY SELL,15/03/2022,76.425,null,93390071.43,null,null,null,null,null,null,VAT 6%,5730550.77,101239730.25,101239730.25,null,null,null,.1,null,null,null,23,17/03/2022,null,null
SISECAM&D016/22-23,2022-2023,04,S0088/22-23,51424.54,24.05,2,1236760.19,SBI FIRST RATE TT BUY SELL,15/09/2022,79.525,null,98679453.58,null,null,null,null,null,null,VAT 6%,6041164.81,106727245.08,106727245.08,null,null,null,.1,null,null,null,23,20/09/2022,null,null
SISECAM&D021/22-23,2022-2023,04,S0171/22-23,42451.0,24.05,2,1020946.55,SBI FIRST RATE TT BUY SELL,30/11/2022,81.665,null,83893468.43,null,null,null,null,null,null,VAT 6%,5132996.43,90682936.84,90682936.84,null,null,null,.1,null,null,null,49,02/12/2022,null,null
SISECAM&D022/22-23,2022-2023,04,S0194/22-23,38564.43,24.05,2,927474.54,SBI FIRST RATE TT BUY SELL,15/12/2022,82.645,null,77314623.97,null,null,null,null,null,null,VAT 6%,4729166.33,83548605.21,83548605.21,null,null,null,.1,null,null,null,153,20/12/2022,null,null
SISECAM&D022/21-22,2021-2022,1-0,S0145/21-22,43837.97,7.38,1,323524.22,SBI FIRST RATE TT BUY SELL,14/10/2021,75.305,null,24366736.28,null,null,null,null,null,null,VAT 6%,1564639.74,27641968.68,27641968.68,null,null,null,.1,null,.1,.23,23,18/10/2021,null,null
SISECAM&D001/22-23,2022-2023,3-0,S0003/22-23,53705.03,22.5,1,1208363.17,SBI FIRST RATE TT BUY SELL,13/04/2022,76.195,null,92071756.12,null,null,null,null,null,null,VAT 6%,5650042.16,99817411.51,99817411.51,null,null,null,null,null,null,null,23,19/04/2022,null,null
SISECAM&D002/22-23,2022-2023,3-0,S0015/22-23,63240.59,22.5,1,1422913.28,SBI FIRST RATE TT BUY SELL,31/05/2022,77.635,null,110470124.1,null,null,null,null,null,null,VAT 6%,6776269.35,119714091.86,119714091.86,null,null,null,null,null,null,null,23,02/06/2022,null,null
SISECAM&D005/22-23,2022-2023,3-0,S0042/22-23,57704.47,22.5,1,1298350.58,SBI FIRST RATE TT BUY SELL,30/06/2022,78.925,null,102589912.21,null,null,null,null,null,null,VAT 6%,6290495.2,111132081.99,111132081.99,null,null,null,.1,null,null,null,23,13/07/2022,null,null
SISECAM&D010/22-23,2022-2023,04,S0072/22-23,54468.51,24.05,2,1309967.67,SBI FIRST RATE TT BUY SELL,12/08/2022,79.65,null,104404181.09,null,null,null,null,null,null,VAT 6%,6391775.15,112921361.08,112921361.08,null,null,null,.1,null,null,null,23,18/08/2022,null,null
SISECAM&D014/22-23,2022-2023,04,S0078/22-23,55168.76,24.05,2,1326808.68,SBI FIRST RATE TT BUY SELL,31/08/2022,79.575,null,105739974.76,null,null,null,null,null,null,VAT 6%,6473562.23,114366266.14,114366266.14,null,null,null,.1,null,null,null,23,05/09/2022,null,null
SISECAM&D017/22-23,2022-2023,04,S0091/22-23,50702.89,24.05,2,1219404.5,SBI FIRST RATE TT BUY SELL,30/09/2022,81.645,null,99793799.98,null,null,null,null,null,null,VAT 6%,6106336.04,107878603.35,107878603.35,null,null,null,.1,null,null,null,49,04/10/2022,null,null
SISECAM&D019/22-23,2022-2023,04,S0122/22-23,51655.66,24.05,2,1242318.62,SBI FIRST RATE TT BUY SELL,31/10/2022,82.405,null,102667652.31,null,null,null,null,null,null,VAT 6%,6280997.85,110964295.34,110964295.34,null,null,null,.1,null,null,null,130,03/11/2022,null,null
SISECAM&D020/22-23,2022-2023,04,S0135/22-23,48423.57,24.05,2,1164586.86,SBI FIRST RATE TT BUY SELL,15/11/2022,81.225,null,94869695.54,null,null,null,null,null,null,VAT 6%,5805553.32,102564775.3,102564775.3,null,null,null,.1,null,null,null,23,17/11/2022,null,null
SISECAM&D027/22-23,2022-2023,04,S0255/22-23,33693.82,24.05,2,810336.37,SBI FIRST RATE TT BUY SELL,28/02/2023,82.725,null,67040963.29,null,null,null,null,null,null,VAT 6%,4101343.39,72457066.49,72457066.49,null,null,null,.1,null,null,null,153,03/03/2023,null,null
SISECAM&D026/22-23,2022-2023,04,S0225/22-23,38218.3,24.05,2,919150.12,SBI FIRST RATE TT BUY SELL,15/02/2023,82.925,null,76224592.38,null,null,null,null,null,null,VAT 6%,4662954.07,82378855.09,82378855.09,null,null,null,.1,null,null,null,130,17/02/2023,null,null
SISECAM&D013/21-22,2021-2022,1-0,S0092/21-22,62086.62,7.38,1,458199.26,SBI FIRST RATE TT BUY SELL,15/07/2021,74.525,null,34164880.52,null,null,null,null,null,null,VAT 6%,2195253.01,38782803.11,38782803.11,null,null,null,null,null,null,null,49,19/07/2021,null,null
OPAL&DMH005/24-25,2024-2025,L-21-1-0,SMH0018/24-25,26220.0,10.07,2,264035.4,SBI RATE BUY SELL,15/05/2024,83.94,null,22163131.47,null,null,null,null,null,null,CST 0%,0,25016622.61,25016622.61,null,null,null,null,null,null,null,23,04/06/2024,null,null
OPAL&CMH004/22-23,2022-2023,L-11-1-0,SMH0039/22-23,47200.0,32.03,2,1511816,SBI FIRST RATE TT SELL,12/08/2022,80.1,null,122003551.2,null,null,null,null,null,null,CST 0%,0,122003551.2,122003551.2,null,null,null,null,null,null,null,130,12/10/2022,null,null
OPAL&DMH008/23-24,2023-2024,L-17-1-0,SMH0028/23-24,22954.2,13.2937,1,299582.15,SBI FIRST RATE TT BUY SELL,15/05/2023,82.245,null,25096753.21,null,null,null,null,null,null,CST 0%,0,25096753.21,25096753.21,null,null,null,null,null,null,null,113,02/06/2023,null,null
RCF&DMH019/23-24,2023-2024,L-7-1-0,SMH0108/23-24,81603.94,12.1941,1,995086.6,SBI FIRST RATE TT BUY SELL,30/09/2023,83.25,null,82840959.85,null,null,null,null,null,null,VAT 3%,2668592.85,91621687.81,91621687.81,null,null,null,null,null,null,null,23,09/10/2023,null,null
RCF&CMH004/23-24,2023-2024,L-2-1-0,SMH0005/23-24,3675.0,27.0,2,99225,SBI FIRST RATE TT BUY SELL,14/04/2023,81.825,null,8158775.63,null,null,null,null,null,null,VAT 3%,249634.55,8570786.38,8570786.38,null,null,null,null,null,null,null,130,21/04/2023,null,null
TGLPL&D012/22-23,2022-2023,01,S0074/22-23,375.0,26.9706,1,10113.98,SBI FIRST RATE TT BUY SELL,12/08/2022,79.65,null,824413.11,null,null,null,null,null,null,CST 2%,17023.34,868190.45,868190.45,null,null,null,.1,null,null,null,23,05/09/2022,null,null
TGBPL&C003/23-24,2023-2024,01,S0005/23-24,375.0,21.347,1,8005.13,SBI FIRST RATE TT BUY SELL,13/04/2023,81.825,null,658221.41,null,null,null,null,null,null,CST 2%,13794.18,703502.99,703502.99,null,null,null,null,null,null,null,130,20/04/2023,null,null
TGBPL&C039/23-24,2023-2024,03,S0386/23-24,8400.0,10.159,2,85335.6,SBI FIRST RATE TT BUY SELL,29/02/2024,82.89,null,7077734.66,null,null,null,null,null,null,CST 2%,160950.09,8208454.67,8208454.67,null,null,null,null,null,null,null,201,05/03/2024,null,null
TGBPL&C030/23-24,2023-2024,2-0,S0349/23-24,6400.0,10.159,2,65017.6,SBI FIRST RATE TT BUY SELL,31/01/2024,83.07,null,5410764.67,null,null,null,null,null,null,CST 2%,122992.74,6272629.73,6272629.73,null,null,null,null,null,null,null,201,07/02/2024,null,null
TGBPL&D040/23-24,2023-2024,03,S0365/23-24,9000.0,10.159,2,91431,SBI FIRST RATE TT BUY SELL,15/02/2024,83.05,null,7593344.55,null,null,null,null,null,null,CST 2%,172647.68,8805031.43,8805031.43,null,null,null,null,null,null,null,46,21/02/2024,null,null
TGBPL&D031/23-24,2023-2024,2-0,S0324/23-24,6000.0,10.159,2,60954,SBI FIRST RATE TT BUY SELL,15/01/2024,83.18,null,5070153.72,null,null,null,null,null,null,CST 2%,115256.93,5878103.45,5878103.45,null,null,null,null,null,null,null,113,21/01/2024,null,null
VVF India&DMH014/23-24,2023-2024,10,SMH0048/23-24,11337.85,11.76,2,133333.23,SBI FIRST RATE TT BUY SELL,30/06/2023,82.055,null,10971568.48,null,null,null,null,null,null,VAT 3%,344175.6,11816695.64,11816695.64,null,null,null,null,null,null,null,113,05/07/2023,null,null
VVF India&DMH018/23-24,2023-2024,10,SMH0078/23-24,8746.84,11.76,2,102862.96,SBI FIRST RATE TT BUY SELL,31/07/2023,82.245,null,8476926.82,null,null,null,null,null,null,VAT 3%,266063.56,9134848.81,9134848.81,null,null,null,null,null,null,null,113,02/08/2023,null,null
VVF India&DMH033/22-23,2022-2023,08,SMH0198/22-23,11168.02,15.7,2,175337.76,SBI FIRST RATE TT BUY SELL,31/03/2023,82.145,null,14475630.6,null,null,null,null,null,null,VAT 3%,449222.45,15423304.12,15423304.12,null,null,null,.1,null,null,null,49,03/04/2023,null,null
VVF India&DMH021/22-23,2022-2023,07,SMH0176/22-23,13901.76,18.05,2,250926.23,SBI FIRST RATE TT BUY SELL,28/02/2023,82.725,null,20777915.09,null,null,null,null,null,null,VAT 3%,623337.45,21401252.54,21401252.54,null,null,null,.1,null,null,null,153,03/03/2023,null,null
VVF India&DMH017/23-24,2023-2024,10,SMH0063/23-24,5220.87,11.76,2,61397.43,SBI FIRST RATE TT BUY SELL,15/07/2023,82.145,null,5061502.99,null,null,null,null,null,null,VAT 3%,158861.94,5454259.91,5454259.91,null,null,null,null,null,null,null,113,17/07/2023,null,null
VVF India&DMH018/22-23,2022-2023,07,SMH0166/22-23,13142.76,18.05,2,237226.82,SBI FIRST RATE TT BUY SELL,15/02/2023,82.925,null,19708015.88,null,null,null,null,null,null,VAT 3%,591240.48,20299256.36,20299256.36,null,null,null,.1,null,null,null,153,17/02/2023,null,null
VVF India&DMH003/23-24,2023-2024,09,SMH0008/23-24,11295.92,13.9,2,157013.43,SBI FIRST RATE TT BUY SELL,13/04/2023,82.025,null,12881485.35,null,null,null,null,null,null,VAT 3%,401417.53,13782001.81,13782001.81,null,null,null,null,null,null,null,130,19/04/2023,null,null
VVF India&DMH011/23-24,2023-2024,10,SMH0040/23-24,26255.99,11.76,2,308770.44,SBI FIRST RATE TT BUY SELL,15/06/2023,82.175,null,25403200.1,null,null,null,null,null,null,VAT 3%,796898.84,27360193.6,27360193.6,null,null,null,null,null,null,null,23,20/06/2023,null,null
VVF India&DMH025/22-23,2022-2023,08,SMH0182/22-23,14847.92,15.7,2,233112.34,SBI FIRST RATE TT BUY SELL,15/03/2023,82.345,null,19333862.97,null,null,null,null,null,null,VAT 3%,599896.66,20596452,20596452,null,null,null,null,null,null,null,49,17/03/2023,null,null
VVF India&DMH005/23-24,2023-2024,09,SMH0016/23-24,15055.43,13.9,2,209270.34,SBI FIRST RATE TT BUY SELL,29/04/2023,81.775,null,17120337.89,null,null,null,null,null,null,VAT 3%,533566.41,18319113.42,18319113.42,null,null,null,null,null,null,null,130,03/05/2023,null,null
GNFC&D018/23-24,2023-2024,03,S0191/23-24,90200.07,11.0855,2,999912.88,SBI FIRST RATE TT BUY SELL,15/11/2023,83.095,null,83087760.76,null,null,null,null,null,null,VAT 15%,368.34,108615556.32,108615556.32,null,null,null,null,null,null,null,113,21/11/2023,null,null
GFCL&D007/22-23,2022-2023,01,S0060/22-23,3359.11,29.0,2,97414.48,SBI FIRST RATE TT BUY SELL,29/07/2022,79.475,null,7784148.8,null,null,null,null,null,null,VAT 6%,471525.28,8330279.91,8330279.91,null,null,null,.1,null,null,null,23,03/08/2022,null,null
GFCL&D009/22-23,2022-2023,01,S0070/22-23,3954.91,29.0,2,114692.39,SBI FIRST RATE TT BUY SELL,12/08/2022,79.65,null,9142308.86,null,null,null,null,null,null,VAT 6%,553808.84,9783956.25,9783956.25,null,null,null,.1,null,null,null,23,18/08/2022,null,null
GFCL&C006/23-24,2023-2024,2,S0007/23-24,3037.5,17.9,2,54371.25,SBI FIRST RATE TT BUY SELL,13/04/2023,81.825,null,4470676.03,null,null,null,null,null,null,VAT 6%,276293.1,4881178.03,4881178.03,null,null,null,null,null,null,null,130,20/04/2023,null,null
GFCL&D011/22-23,2022-2023,01,S0081/22-23,4275.0,29.0,2,123975,SBI FIRST RATE TT BUY SELL,31/08/2022,79.575,null,9924152.63,null,null,null,null,null,null,VAT 6%,601146.02,10620246.4,10620246.4,null,null,null,.1,null,null,null,23,02/09/2022,null,null
CPL&DMH035/23-24,2023-2024,04,SMH0179/23-24,18178.71,10.159,2,184677.51,SBI FIRST RATE TT BUY SELL,15/02/2024,83.05,null,15337467.61,null,null,null,null,null,null,CST 3%,523085.34,17959263.2,17959263.2,null,null,null,.1,null,null,null,201,21/02/2024,null,null
CPL&CMH008/24-25,2024-2025,06,SMH0023/24-25,11191.48,10.067,2,112664.63,SBI FIRST RATE TT BUY SELL,15/06/2024,83.41,null,9434536.04,null,null,null,null,null,null,CST 3%,319574.74,10972066.12,10972066.12,null,null,null,null,null,null,null,219,20/06/2024,null,null
CPL&DMH026/24-25,2024-2025,06,SMH0066/24-25,14100.39,10.363,2,146122.34,SBI FIRST RATE TT BUY SELL,15/10/2024,84.09,null,12287427.7,null,null,null,null,null,null,CST 3%,411294.9,14121124.82,14121124.82,null,null,null,null,null,null,null,46,21/10/2024,null,null
CPL&DMH030/24-25,2024-2025,06,SMH0069/24-25,13716.43,10.363,2,142143.36,SBI FIRST RATE TT BUY SELL,31/10/2024,84.29,null,11981264.16,null,null,null,null,null,null,CST 3%,400948.02,13765881.75,13765881.75,null,null,null,.1,null,.1,.79,46,07/11/2024,null,null
CPL&DMH034/24-25,2024-2025,06,SMH0075/24-25,9727.66,10.363,2,100807.74,SBI FIRST RATE TT BUY SELL,30/11/2024,84.73,null,8541439.86,null,null,null,null,null,null,CST 3%,285682.06,9808417.13,9808417.13,null,null,null,.1,null,.1,.47,46,05/12/2024,null,null
CPL&CMH018/23-24,2023-2024,04,SMH0191/23-24,23485.0,10.159,2,238584.12,SBI FIRST RATE TT BUY SELL,15/03/2024,82.97,null,19797709.86,null,null,null,null,null,null,CST 3%,675270.75,23184295.68,23184295.68,null,null,null,null,null,null,null,201,20/03/2024,null,null
CPL&DMH008/24-25,2024-2025,06,SMH0035/24-25,9595.64,10.067,2,96599.31,SBI FIRST RATE TT BUY SELL,29/06/2024,83.49,null,8065076.22,null,null,null,null,null,null,CST 3%,273280.75,9382638.96,9382638.96,null,null,null,.1,null,null,null,219,05/07/2024,null,null
CPL&DMH017/24-25,2024-2025,06,SMH0046/24-25,10820.38,10.067,2,108928.77,SBI FIRST RATE TT BUY SELL,31/07/2024,83.81,null,9129319.83,null,null,null,null,null,null,CST 3%,306625.35,10527470.49,10527470.49,null,null,null,.1,null,.1,.21,46,06/08/2024,null,null
CPL&CMH015/24-25,2024-2025,06,SMH0059/24-25,15010.0,10.067,2,151105.67,SBI FIRST RATE TT BUY SELL,13/09/2024,83.73,null,12717053.19,null,null,null,null,null,null,CST 3%,426936.42,14658150.38,14658150.38,null,null,null,null,null,null,null,201,20/09/2024,null,null
CPL&DMH032/24-25,2024-2025,06,SMH0072/24-25,9599.32,10.363,2,99477.75,SBI FIRST RATE TT BUY SELL,15/11/2024,84.44,null,8399901.48,null,null,null,null,null,null,CST 3%,281047.51,9649297.67,9649297.67,null,null,null,.1,null,null,null,201,22/11/2024,null,null
CPL&DMH036/24-25,2024-2025,06,SMH0076/24-25,8849.3,10.363,2,91705.3,SBI FIRST RATE TT BUY SELL,13/12/2024,84.94,null,7789447.83,null,null,null,null,null,null,CST 3%,260464.1,8942601,8942601,null,null,null,.1,null,null,null,46,19/12/2024,null,null
CPL&CMH021/24-25,2024-2025,06,SMH0103/24-25,8447.41,10.363,2,87540.51,SBI FIRST RATE TT BUY SELL,28/02/2025,87.23,null,7661545.42,null,null,null,null,null,null,CST 3%,255410.79,8769103.9,8769103.9,null,null,null,null,null,null,null,46,06/03/2025,null,null
CPL&CMH017/23-24,2023-2024,04,SMH0186/23-24,21443.3,10.159,2,217842.48,SBI FIRST RATE TT BUY SELL,29/02/2024,82.89,null,18067855.68,null,null,null,null,null,null,CST 3%,616303.77,21159762.71,21159762.71,null,null,null,null,null,null,null,201,06/03/2024,null,null
CPL&DMH001/24-25,2024-2025,04,SMH0204/23-24,20720.21,10.159,2,210496.61,SBI FIRST RATE TT BUY SELL,30/03/2024,83.4,null,17555417.56,null,null,null,null,null,null,CST 3%,598426.23,20545967.17,20545967.17,null,null,null,.1,null,null,null,201,04/04/2024,null,null
CPL&DMH010/24-25,2024-2025,07,SMH0040/24-25,19480.0,10.0674,2,196112.95,SBI FIRST RATE TT BUY SELL,15/07/2024,83.66,null,16406809.56,null,null,null,null,null,null,CST 3%,555025.41,19055872.63,19055872.63,null,null,null,.1,null,null,null,219,22/07/2024,null,null
CPL&DMH011/24-25,2024-2025,06,SMH0038/24-25,9927.02,10.067,2,99935.31,SBI FIRST RATE TT BUY SELL,15/07/2024,83.66,null,8360588.06,null,null,null,null,null,null,CST 3%,280859.83,9642853.9,9642853.9,null,null,null,.1,null,null,null,219,22/07/2024,null,null
CPL&CMH011/24-25,2024-2025,06,SMH0051/24-25,14264.64,10.067,2,143602.13,SBI FIRST RATE TT BUY SELL,14/08/2024,83.84,null,12066887.06,null,null,null,null,null,null,CST 3%,405175.75,13911034.05,13911034.05,null,null,null,null,null,null,null,201,21/08/2024,null,null
CPL&DMH023/24-25,2024-2025,06,SMH0062/24-25,14400.0,10.067,2,144964.8,SBI FIRST RATE TT BUY SELL,30/09/2024,83.98,null,12174143.9,null,null,null,null,null,null,CST 3%,408803.09,14035572.91,14035572.91,null,null,null,.1,null,null,null,46,07/10/2024,null,null
CPL&DMH021/24-25,2024-2025,06,SMH0056/24-25,15146.47,10.067,2,152479.51,SBI FIRST RATE TT BUY SELL,31/08/2024,83.98,null,12805229.54,null,null,null,null,null,null,CST 3%,429994.71,14763151.67,14763151.67,null,null,null,.1,null,null,null,46,05/09/2024,null,null
CPL&DMH004/24-25,2024-2025,5-0,SMH0007/24-25,24470.0,9.456,2,231388.32,SBI FIRST RATE TT BUY SELL,15/04/2024,83.6,null,19344063.55,null,null,null,null,null,null,CST 3%,665073.75,22834198.8,22834198.8,null,null,null,null,null,null,null,46,22/04/2024,null,null
CPL&DMH019/24-25,2024-2025,07,SMH0047/24-25,21000.0,10.0674,2,211415.4,SBI FIRST RATE TT BUY SELL,31/07/2024,83.81,null,17718724.67,null,null,null,null,null,null,CST 3%,599284.72,20575442.19,20575442.19,null,null,null,.1,null,.1,.41,46,06/08/2024,null,null
CPL&CMH003/24-25,2024-2025,5-0,SMH0013/24-25,23220.0,9.456,2,219568.32,SBI FIRST RATE TT BUY SELL,30/04/2024,83.42,null,18349324.5,null,null,null,null,null,null,CST 3%,630901.37,21660947.01,21660947.01,null,null,null,null,null,null,null,201,06/05/2024,null,null
CPL&2DRMH0002/25-26,2025-2026,06,SMH0114/24-25,11179.51,10.363,2,115853.26,SBI FIRST RATE TT BUY SELL,29/03/2025,85.73,null,9932100.16,null,null,null,null,null,null,CST 3%,331795.6,11391648.95,11391648.95,null,null,null,.1,null,null,null,201,09/04/2025,null,null
CPL&DMH041/24-25,2024-2025,06,SMH0086/24-25,10215.0,10.363,2,105858.04,SBI FIRST RATE TT BUY SELL,31/01/2025,87.13,null,9223411.46,null,null,null,null,null,null,CST 3%,307616.04,10561484.01,10561484.01,null,null,null,.1,null,.1,1.6,201,05/02/2025,null,null
CPL&CMH023/24-25,2024-2025,06,SMH0108/24-25,9933.35,10.363,2,102939.31,SBI FIRST RATE TT BUY SELL,15/03/2025,86.68,null,8983513.24,null,null,null,null,null,null,CST 3%,299566.73,10285124.53,10285124.53,null,null,null,null,null,null,null,46,20/03/2025,null,null
CPL&DMH038/24-25,2024-2025,06,SMH0080/24-25,9595.32,10.363,2,99436.3,SBI FIRST RATE TT BUY SELL,31/12/2024,85.81,null,8532629.01,null,null,null,null,null,null,CST 3%,285017.22,9785591.41,9785591.41,null,null,null,.1,null,.1,.55,201,06/01/2025,null,null
CPL&CMH017/24-25,2024-2025,06,SMH0083/24-25,9870.0,10.363,2,102282.81,SBI FIRST RATE TT BUY SELL,15/01/2025,86.53,null,8853600.03,null,null,null,null,null,null,CST 3%,295477.62,10144731.67,10144731.67,null,null,null,null,null,null,null,46,21/01/2025,null,null
CPL&CMH020/24-25,2024-2025,06,SMH0091/24-25,9862.95,10.363,2,102209.75,SBI FIRST RATE TT BUY SELL,15/02/2025,86.53,null,8884071.54,null,null,null,null,null,null,CST 3%,296370.43,10175384.8,10175384.8,null,null,null,null,null,null,null,46,24/02/2025,null,null
INPEROX&D025/23-24,2023-2024,03,S0257/23-24,6397.84,10.159,2,64995.66,SBI FIRST RATE TT BUY SELL,30/12/2023,83.335,null,5416413.04,null,null,null,null,null,null,VAT 6%,380600.85,6723948.3,6723948.3,null,null,null,.1,null,null,null,201,04/01/2024,null,null
INPEROX&C038/23-24,2023-2024,03,S0392/23-24,5611.0,10.159,2,57002.15,SBI FIRST RATE TT BUY SELL,29/02/2024,82.89,null,4727758.23,null,null,null,null,null,null,VAT 6%,332441.6,5873134.98,5873134.98,null,null,null,null,null,null,null,201,05/03/2024,null,null
INPEROX&D004/23-24,2023-2024,03,S0152/23-24,5995.19,12.194,1,73105.35,SBI FIRST RATE TT BUY SELL,30/09/2023,83.25,null,6086020.13,null,null,null,null,null,null,VAT 6%,417277.06,7371894.71,7371894.71,null,null,null,null,null,null,null,23,09/10/2023,null,null
INPEROX&D028/23-24,2023-2024,03,S0325/23-24,5998.68,10.159,2,60940.59,SBI FIRST RATE TT BUY SELL,15/01/2024,83.18,null,5069038.28,null,null,null,null,null,null,VAT 6%,356288.48,6294429.91,6294429.91,null,null,null,.1,null,null,null,201,19/01/2024,null,null
INPEROX&D001/24-25,2024-2025,03,S0434/23-24,3200.0,10.159,2,32508.8,SBI FIRST RATE TT BUY SELL,30/03/2024,83.4,null,2711233.92,null,null,null,null,null,null,VAT 6%,190491.45,3365349.05,3365349.05,null,null,null,null,null,null,null,201,04/04/2024,null,null
INPEROX&C041/23-24,2023-2024,03,S0409/23-24,3002.26,10.159,2,30499.96,SBI FIRST RATE TT BUY SELL,15/03/2024,82.97,null,2530886.63,null,null,null,null,null,null,VAT 6%,177951.68,3143812.94,3143812.94,null,null,null,null,null,null,null,46,20/03/2024,null,null
INPEROX&D017/23-24,2023-2024,03,S0193/23-24,5997.97,10.159,2,60933.38,SBI FIRST RATE TT BUY SELL,15/11/2023,83.3,null,5075750.32,null,null,null,null,null,null,VAT 6%,356685.04,6301435.65,6301435.65,null,null,null,null,null,null,null,113,21/11/2023,null,null
INPEROX&C029/23-24,2023-2024,03,S0232/23-24,6027.93,10.159,2,61237.74,SBI FIRST RATE TT BUY SELL,15/12/2023,83.16,null,5115188.49,null,null,null,null,null,null,VAT 6%,359311.77,6347841.23,6347841.23,null,null,null,null,null,null,null,201,20/12/2023,null,null
INPEROX&C034/23-24,2023-2024,03,S0355/23-24,6396.58,10.159,2,64982.86,SBI FIRST RATE TT BUY SELL,31/01/2024,83.07,null,5407873.29,null,null,null,null,null,null,VAT 6%,380077.51,6714702.66,6714702.66,null,null,null,null,null,null,null,201,07/02/2024,null,null
INPEROX&D003/23-24,2023-2024,03,S0140/23-24,6097.52,12.194,1,74353.16,SBI FIRST RATE TT BUY SELL,15/09/2023,83.065,null,6189156.94,null,null,null,null,null,null,VAT 6%,424354.82,7496935.09,7496935.09,null,null,null,.1,null,null,null,23,21/09/2023,null,null
INPEROX&C019/23-24,2023-2024,03,S0162/23-24,6000.0,10.159,1,60954,SBI FIRST RATE TT BUY SELL,13/10/2023,83.21,null,5078687.28,null,null,null,null,null,null,VAT 6%,356878.9,6304860.58,6304860.58,null,null,null,null,null,null,null,113,07/11/2023,null,null
INPEROX&C020/23-24,2023-2024,03,S0172/23-24,6400.0,10.159,1,65017.6,SBI FIRST RATE TT BUY SELL,31/10/2023,83.26,null,5416616.26,null,null,null,null,null,null,VAT 6%,380631.82,6724495.44,6724495.44,null,null,null,null,null,null,null,113,07/11/2023,null,null
INPEROX&C027/23-24,2023-2024,03,S0217/23-24,5994.08,10.159,2,60893.86,SBI FIRST RATE TT BUY SELL,30/11/2023,83.3,null,5077938.88,null,null,null,null,null,null,VAT 6%,356782.53,6303158.11,6303158.11,null,null,null,null,null,null,null,201,05/12/2023,null,null
INPEROX&D038/23-24,2023-2024,03,S0366/23-24,5999.7,10.159,2,60950.95,SBI FIRST RATE TT BUY SELL,15/02/2024,83.05,null,5061976.58,null,null,null,null,null,null,VAT 6%,355873.65,6287101.16,6287101.16,null,null,null,null,null,null,null,46,21/02/2024,null,null
HINDURV&C004/23-24,2023-2024,L-3-1-0,S0003/23-24,63000.0,13.23,2,833490,SBI FIRST RATE TT SELL,14/04/2023,82.25,null,68887948.5,null,null,null,null,null,null,CST 15%,11390533.88,87327426.38,87327426.38,null,null,null,null,null,null,null,130,20/04/2023,null,null
GOAGLSF&CMH002/23-24,2023-2024,2-0,SMH0006/23-24,1980.0,17.5,2,34650,SBI FIRST RATE TT BUY SELL,14/04/2023,81.825,null,2849096.25,null,null,null,null,null,null,CST 3%,90460.71,3105817.56,3105817.56,null,null,null,null,null,null,null,130,21/04/2023,null,null
GOAGLSF&DMH031/24-25,2024-2025,4,SMH0073/24-25,7277.27,13.45,2,97879.28,SBI FIRST RATE TT SELL,15/11/2024,84.85,null,8306702.04,null,null,null,null,null,null,CST 3%,268781.92,9228179.4,9228179.4,null,null,null,null,null,null,null,201,19/11/2024,null,null
GOAGLSF&DMH033/24-25,2024-2025,4,SMH0074/24-25,7438.72,13.45,2,100050.65,SBI FIRST RATE TT SELL,30/11/2024,85,null,8505959.21,null,null,null,null,null,null,CST 3%,275194.05,9448329.08,9448329.08,null,null,null,null,null,null,null,201,02/12/2024,null,null
GOAGLSF&DMH035/24-25,2024-2025,4,SMH0077/24-25,7476.54,13.45,2,100559.46,SBI FIRST RATE TT SELL,13/12/2024,85.31,null,8579061.79,null,null,null,null,null,null,CST 3%,277488.89,9527118.56,9527118.56,null,null,null,.1,null,null,null,46,18/12/2024,null,null
GOAGLSF&DMH037/24-25,2024-2025,4,SMH0081/24-25,7783.56,13.45,2,104688.75,SBI FIRST RATE TT SELL,31/12/2024,86.05,null,9008831.72,null,null,null,null,null,null,CST 3%,291208.08,9998144.18,9998144.18,null,null,null,null,null,null,null,46,03/01/2025,null,null
GOAGLSF&2DRMH0009/25-26,2025-2026,,2SMH0035/25-26,6832.95,12.67,2,86573.73,SBI FIRST RATE TT SELL,30/06/2025,85.95,null,7500659.08,null,null,null,null,null,null,CST 3%,243405.11,8356908.74,8356908.74,null,null,null,null,null,null,null,219,04/07/2025,null,null
GOAGLSF&2DRMH0008/25-26,2025-2026,,2SMH0031/25-26,7575.74,12.67,2,95984.75,SBI FIRST RATE TT SELL,13/06/2025,86.6,null,8329073.57,null,null,null,null,null,null,CST 3%,270256.16,9278794.82,9278794.82,null,null,null,null,null,null,null,46,18/06/2025,null,null
GOAGLSF&DMH024/24-25,2024-2025,3-0,SMH0064/24-25,7717.69,13.75,2,106118.1,SBI FIRST RATE TT SELL,15/10/2024,84.51,null,8971154.63,null,null,null,null,null,null,CST 3%,289900.53,9953251.69,9953251.69,null,null,null,null,null,null,null,201,18/10/2024,null,null
GOAGLSF&DMH027/24-25,2024-2025,3-0,SMH0068/24-25,8181.98,13.75,2,112502.36,SBI FIRST RATE TT SELL,31/10/2024,84.53,null,9510064.7,null,null,null,null,null,null,CST 3%,307317.1,10551220.31,10551220.31,null,null,null,null,null,null,null,46,05/11/2024,null,null
GOAGLSF&DMH007/22-23,2022-2023,1-0,SMH0130/22-23,1204.47,16.3,2,19632.53,SBI FIRST RATE TT BUY SELL,15/12/2022,82.645,null,1655592.86,null,null,null,null,null,null,CST 3%,52701.6,1809421.76,1809421.76,null,null,null,null,null,null,null,23,19/12/2022,null,null
GOAGLSF&DMH013/22-23,2022-2023,1-0,SMH0145/22-23,2630.01,16.3,2,42869.16,SBI FIRST RATE TT BUY SELL,13/01/2023,81.315,null,3501750.99,null,null,null,null,null,null,CST 3%,111677,3834243.63,3834243.63,null,null,null,.1,null,null,null,49,17/01/2023,null,null
GOAGLSF&DMH015/22-23,2022-2023,1-0,SMH0155/22-23,2846.05,16.3,2,46390.78,SBI FIRST RATE TT BUY SELL,31/01/2023,81.625,null,3791336.25,null,null,null,null,null,null,CST 3%,120908.72,4151199.33,4151199.33,null,null,null,.1,null,null,null,23,02/02/2023,null,null
GOAGLSF&DMH009/22-23,2022-2023,1-0,SMH0131/22-23,5172.65,16.3,2,84314.03,SBI FIRST RATE TT BUY SELL,30/12/2022,82.785,null,7081288.14,null,null,null,null,null,null,CST 3%,225467.51,7741051.34,7741051.34,null,null,null,.1,null,null,null,153,03/01/2023,null,null
GOAGLSF&DMH022/22-23,2022-2023,2-0,SMH0170/22-23,2257.11,17.5,2,39499.42,SBI FIRST RATE TT BUY SELL,28/02/2023,82.725,null,3274635.93,null,null,null,null,null,null,CST 3%,103924.29,3568067.18,3568067.18,null,null,null,.1,null,null,null,153,03/03/2023,null,null
GOAGLSF&DMH019/22-23,2022-2023,2-0,SMH0165/22-23,2433.68,17.5,2,42589.58,SBI FIRST RATE TT BUY SELL,15/02/2023,82.925,null,3537203.51,null,null,null,null,null,null,CST 3%,112246.06,3853781.34,3853781.34,null,null,null,.1,null,null,null,130,17/02/2023,null,null
GOAGLSF&DMH026/22-23,2022-2023,2-0,SMH0188/22-23,2814.68,17.5,2,49257.08,SBI FIRST RATE TT BUY SELL,15/03/2023,82.345,null,4064868.84,null,null,null,null,null,null,CST 3%,129035.68,4430225.05,4430225.05,null,null,null,.1,null,null,null,49,17/03/2023,null,null
GOAGLSF&DMH030/22-23,2022-2023,2-0,SMH0199/22-23,2112.0,17.5,2,36960,SBI FIRST RATE TT BUY SELL,31/03/2023,82.145,null,3036499.2,null,null,null,null,null,null,CST 3%,96414.68,3310237.4,3310237.4,null,null,null,.1,null,null,null,23,03/04/2023,null,null
GOAGLSF&2DRMH0006/25-26,2025-2026,,2SMH0018/25-26,6897.26,12.67,2,87388.28,SBI FIRST RATE TT SELL,15/05/2025,85.95,null,7511634.03,null,null,null,null,null,null,CST 3%,243907.4,8374153.92,8374153.92,null,null,null,null,null,null,null,201,19/05/2025,null,null
GOAGLSF&2DRMH0010/25-26,2025-2026,,2SMH0041/25-26,10562.31,12.67,2,133824.72,SBI FIRST RATE TT SELL,15/07/2025,86.4,null,11655770.9,null,null,null,null,null,null,CST 3%,378093.01,12981193.27,12981193.27,null,null,null,null,null,null,null,46,18/07/2025,null,null
GOAGLSF&2DRMH0005/25-26,2025-2026,,2SMH0009/25-26,7014.41,14.05,2,98552.6,SBI FIRST RATE TT SELL,30/04/2025,85.6,null,8438425.65,null,null,null,null,null,null,CST 3%,272026.36,9339571.64,9339571.64,null,null,null,null,null,null,null,46,02/05/2025,null,null
GOAGLSF&2DRMH0004/25-26,2025-2026,,2SMH0003/25-26,5970.33,14.05,2,83883.28,SBI FIRST RATE TT SELL,15/04/2025,86.2,null,7231454.48,null,null,null,null,null,null,CST 3%,233007.93,7999938.92,7999938.92,null,null,null,null,null,null,null,201,22/04/2025,null,null
GOAGLSF&2DRMH0007/25-26,2025-2026,,2SMH0022/25-26,7975.98,12.67,2,101055.67,SBI FIRST RATE TT SELL,31/05/2025,85.95,null,8688451.54,null,null,null,null,null,null,CST 3%,282114.42,9685928.42,9685928.42,null,null,null,null,null,null,null,46,03/06/2025,null,null
GOAGLSF&2DRMH0011/25-26,2025-2026,,2SMH0048/25-26,11534.05,12.67,2,146136.29,SBI FIRST RATE TT SELL,31/07/2025,88.15,null,12905967.68,null,null,null,null,null,null,CST 3%,418213.56,14358665.57,14358665.57,null,null,null,null,null,null,null,46,04/08/2025,null,null
PEFORCV&CMH003/23-24,2023-2024,1,SMH0009/23-24,83528.63,16.82,2,1404951.56,SBI FIRST RATE TT BUY SELL,13/04/2023,81.825,null,115522141.74,null,null,null,null,null,null,VAT 3%,3465664.25,118987805.99,118987805.99,null,null,null,null,null,null,null,130,21/04/2023,null,null
DCMSHRI&C002/23-24,2023-2024,L-1-1-0,S0002/23-24,99584.9,13.23,2,1317508.49,SBI FIRST RATE TT SELL,14/04/2023,82.25,null,108892076.78,null,null,null,null,null,null,CST 15%,17588079.35,134841941.68,134841941.68,null,null,null,null,null,null,null,130,20/04/2023,null,null
HINAGIL&CMH005/24-25,2024-2025,1-0,SMH0011/24-25,27045.83,9.456,2,255745.37,SBI FIRST RATE TT BUY SELL,30/04/2024,83.42,null,21372640.44,null,null,null,null,null,null,CST 3%,758733.16,26049838.36,26049838.36,null,null,null,null,null,null,null,201,06/05/2024,null,null
NEL&D002/23-24,2023-2024,1-0,S0089/23-24,134108.36,10.76,2,1436300.54,SBI FIRST RATE TT BUY SELL,15/07/2023,82.145,null,118535724.06,null,null,null,null,null,null,VAT 15%,17780358.6,136316082.66,136316082.66,null,null,null,null,null,null,null,113,17/07/2023,null,null
TASTELI&DMH032/22-23,2022-2023,1,SMH0201/22-23,23476.18,17.15,2,402616.49,SBI FIRST RATE TT BUY SELL,31/03/2023,82.145,null,33076162.32,null,null,null,null,null,null,VAT 3%,1015593.9,34868723.87,34868723.87,null,null,null,.1,null,null,null,23,03/04/2023,null,null
TASTELI&CMH009/24-25,2024-2025,01,SMH0027/24-25,3000.0,10.0674,2,30202.2,SBI FIRST RATE TT BUY SELL,15/06/2024,83.41,null,2529132.22,null,null,null,null,null,null,VAT 3%,85332.97,2929765.19,2929765.19,null,null,null,null,null,null,null,219,20/06/2024,null,null
TASTELI&DMH009/24-25,2024-2025,01,SMH0033/24-25,3000.0,10.0674,2,30202.2,SBI FIRST RATE TT BUY SELL,29/06/2024,83.49,null,2521581.67,null,null,null,null,null,null,VAT 3%,85106.45,2921988.12,2921988.12,null,null,null,null,null,null,null,219,05/07/2024,null,null
TASTELI&DMH013/24-25,2024-2025,01,SMH0041/24-25,3000.0,10.0674,2,30202.2,SBI FIRST RATE TT BUY SELL,15/07/2024,83.66,null,2526716.05,null,null,null,null,null,null,VAT 3%,85369.35,2931014.2,2931014.2,null,null,null,.1,null,null,null,219,22/07/2024,null,null
TASTELI&DMH018/24-25,2024-2025,01,SMH0048/24-25,3200.0,10.0674,2,32215.68,SBI FIRST RATE TT BUY SELL,31/07/2024,83.81,null,2699996.14,null,null,null,null,null,null,VAT 3%,91205.61,3131392.47,3131392.47,null,null,null,null,null,null,null,46,06/08/2024,null,null
TASTELI&DMH020/22-23,2022-2023,1,SMH0177/22-23,22173.06,17.15,2,380267.98,SBI FIRST RATE TT BUY SELL,28/02/2023,82.725,null,31465917.56,null,null,null,null,null,null,VAT 3%,965992.71,33165749.86,33165749.86,null,null,null,.1,null,null,null,153,03/03/2023,null,null
TASTELI&DMH009/23-24,2023-2024,2,SMH0032/23-24,27023.43,12.57,2,339684.26,SBI FIRST RATE TT BUY SELL,31/05/2023,82.745,null,28107879.4,null,null,null,null,null,null,VAT 3%,911308.19,31288247.72,31288247.72,null,null,null,.1,null,null,null,113,02/06/2023,null,null
TASTELI&DMH027/22-23,2022-2023,1,SMH0181/22-23,23219.13,17.15,2,398208.25,SBI FIRST RATE TT BUY SELL,15/03/2023,82.345,null,32808813.43,null,null,null,null,null,null,VAT 3%,1007318.21,34584591.97,34584591.97,null,null,null,.1,null,null,null,49,17/03/2023,null,null
TASTELI&DMH002/23-24,2023-2024,1,SMH0002/23-24,22473.31,17.15,2,385417.27,SBI FIRST RATE TT BUY SELL,14/04/2023,82.025,null,31615194.28,null,null,null,null,null,null,VAT 3%,978244.65,33586399.66,33586399.66,null,null,null,null,null,null,null,130,19/04/2023,null,null
TASTELI&DMH007/23-24,2023-2024,1,SMH0022/23-24,6483.21,17.15,2,111187.05,SBI FIRST RATE TT BUY SELL,15/05/2023,82.245,null,9154293.05,null,null,null,null,null,null,VAT 3%,283222.42,9723969.62,9723969.62,null,null,null,.1,null,null,null,49,17/05/2023,null,null
TASTELI&DMH010/23-24,2023-2024,2,SMH0036/23-24,7742.04,12.57,2,97317.57,SBI FIRST RATE TT BUY SELL,07/06/2023,82.585,null,8040775.39,null,null,null,null,null,null,VAT 3%,260725.4,8951572.02,8951572.02,null,null,null,.1,null,null,null,113,20/06/2023,null,null
TASTELI&DMH017/22-23,2022-2023,1,SMH0168/22-23,16333.92,17.15,2,280126.73,SBI FIRST RATE TT BUY SELL,15/02/2023,82.925,null,23231178.92,null,null,null,null,null,null,VAT 3%,713152.99,24484919.33,24484919.33,null,null,null,.1,null,null,null,153,17/02/2023,null,null
TASTELI&DMH004/23-24,2023-2024,1,SMH0013/23-24,17678.18,17.15,2,303180.62,SBI FIRST RATE TT BUY SELL,29/04/2023,81.775,null,24793418.83,null,null,null,null,null,null,VAT 3%,767235.35,26341746.89,26341746.89,null,null,null,.1,null,null,null,130,03/05/2023,null,null
HMEL&D028/24-25,2024-2025,L-18-1-0,S0229/24-25,457745.03,13.48,2,6170403,SBI FIRST RATE TT BUY SELL,15/11/2024,84.2843,null,535676331.82,null,null,null,null,null,null,CST 2%,10713526.63,546389858.45,546389858.45,null,null,null,.1,null,null,null,46,18/11/2024,null,null
HMEL&DMH038/23-24,2023-2024,L-9-1-0,SMH0194/23-24,167177.92,8.87,2,1482868.15,SBI FIRST RATE TT BUY SELL,15/03/2024,82.865,null,139376357.14,null,null,null,null,null,null,CST 2%,2787527.14,142163884.28,142163884.28,null,null,null,.1,null,null,null,23,19/03/2024,null,null
HMEL&D031/24-25,2024-2025,L-21-1-0,S0241/24-25,38975.44,14.12,2,550333.21,SBI FIRST RATE TT BUY SELL,30/11/2024,84.4298,null,49844038.28,null,null,null,null,null,null,CST 2%,996880.76,50840919.04,50840919.04,null,null,null,.1,null,null,null,46,02/12/2024,null,null
HMEL&D036/24-25,2024-2025,L-25-1-0,S0270/24-25,15240.0,19.28,2,293827.2,SBI FIRST RATE TT BUY SELL,15/01/2025,85.7446,null,25237459.69,null,null,null,null,null,null,CST 2%,504749.2,25742208.89,25742208.89,null,null,null,.1,null,null,null,201,17/01/2025,null,null
HMEL&2DRMH0001/25-26,2025-2026,L-26-1-0,SMH0117/24-25,20.9,10.16,2,212.34,SBI FIRST RATE TT BUY SELL,31/03/2025,85.5266,null,18320.43,null,null,null,null,null,null,CST 3%,618.08,21220.73,21220.73,null,null,null,.1,null,null,null,46,09/04/2025,null,null
HMEL&2DRGJ0002/25-26,2025-2026,L-28-1-0,2SGJ0011/25-26,136050.0,14.08,2,1915584,SBI FIRST RATE TT BUY SELL,30/04/2025,85.2895,null,163379193.19,null,null,null,null,null,null,CST 2%,3503518.24,178679430.06,178679430.06,null,null,null,.1,null,null,null,201,05/05/2025,null,null
HMEL&2DRGJ0001/25-26,2025-2026,L-29-1-0,2SGJ0010/25-26,65385.0,10.04,2,656465.4,SBI FIRST RATE TT BUY,30/04/2025,85.313,null,56005013.17,null,null,null,null,null,null,CST 2%,1299298.32,66264214.2,66264214.2,null,null,null,.1,null,null,null,201,05/05/2025,null,null
BOROREN&D035/23-24,2023-2024,1-0,S0354/23-24,29798.68,10.159,2,302724.69,SBI FIRST RATE TT BUY SELL,31/01/2024,83.145,null,25227717.23,null,null,null,null,null,null,VAT 6%,1772697,31317646.99,31317646.99,null,null,null,null,null,null,null,113,05/02/2024,null,null
BOROREN&D027/23-24,2023-2024,1-0,S0323/23-24,28175.31,10.159,2,286232.97,SBI FIRST RATE TT BUY SELL,15/01/2024,82.855,null,23721416.08,null,null,null,null,null,null,VAT 6%,1668207.3,29471662.29,29471662.29,null,null,null,null,null,null,null,113,18/01/2024,null,null
SUMGLAS&D011/23-24,2023-2024,01,S0177/23-24,7504.24,10.159,2,76235.57,SBI FIRST RATE TT BUY SELL,31/10/2023,83.285,null,6351960.79,null,null,null,null,null,null,VAT 6%,450601.99,7960635.1,7960635.1,null,null,null,null,null,null,null,201,03/11/2023,null,null
SVTPLIN&C037/23-24,2023-2024,2-0,S0391/23-24,10920.92,10.159,2,110945.63,SBI FIRST RATE TT BUY SELL,29/02/2024,82.89,null,9201830.24,null,null,null,null,null,null,VAT 6%,647043.19,11431096.32,11431096.32,null,null,null,null,null,null,null,201,05/03/2024,null,null
SVTPLIN&C002/24-25,2024-2025,04,S0031/24-25,56.19,9.56,2,537.18,SBI FIRST RATE TT BUY SELL,01/05/2024,83.42,null,44924.06,null,null,null,null,null,null,VAT 6%,3127.86,55258.85,55258.85,null,null,null,null,null,null,null,23,22/05/2024,null,null
SVTPLIN&D048/23-24,2023-2024,03,S0435/23-24,12854.63,9.96,2,128032.11,SBI FIRST RATE TT BUY SELL,30/03/2024,83.4,null,10677878.37,null,null,null,null,null,null,VAT 6%,739596.79,13066210,13066210,null,null,null,null,null,null,null,113,04/04/2024,null,null
SVTPLIN&D044/23-24,2023-2024,03,S0410/23-24,12202.95,9.96,2,121541.38,SBI FIRST RATE TT BUY SELL,15/03/2024,82.975,null,10095673.22,null,null,null,null,null,null,VAT 6%,699649.41,12360473,12360473,null,null,null,.1,null,null,null,23,19/03/2024,null,null
SVTPLIN&D005/24-25,2024-2025,04,S0014/24-25,12393.65,9.56,2,118483.29,SBI FIRST RATE TT BUY SELL,15/04/2024,83.6,null,9905203.37,null,null,null,null,null,null,VAT 6%,689688.77,12184501.69,12184501.69,null,null,null,.1,null,null,null,113,24/04/2024,null,null
SVTPLIN&D045/23-24,2023-2024,03,S0435/23-24,12854.63,9.96,2,128032.11,SBI FIRST RATE TT BUY SELL,30/03/2024,83.375,null,10681178,null,null,null,null,null,null,VAT 6%,739794.77,13069707.61,13069707.61,null,null,null,.1,null,null,null,201,02/04/2024,null,null
SVTPLIN&C001/24-25,2024-2025,04,S0030/24-25,11774.25,9.56,2,112561.83,SBI FIRST RATE TT BUY SELL,30/04/2024,83.42,null,9406792.14,null,null,null,null,null,null,VAT 6%,655017.45,11571974.89,11571974.89,null,null,null,null,null,null,null,201,06/05/2024,null,null
SVTPLIN&D041/23-24,2023-2024,2-0,S0369/23-24,11552.98,10.159,2,117366.72,SBI FIRST RATE TT BUY SELL,15/02/2024,83.05,null,9747306.42,null,null,null,null,null,null,VAT 6%,685266.13,12106368.29,12106368.29,null,null,null,.1,null,null,null,46,21/02/2024,null,null
SVTPLIN&D033/23-24,2023-2024,2-0,S0358/23-24,11443.5,10.159,2,116254.52,SBI FIRST RATE TT BUY SELL,31/01/2024,83.145,null,9722615.88,null,null,null,null,null,null,VAT 6%,682833.01,12063383.17,12063383.17,null,null,null,null,null,null,null,113,02/02/2024,null,null
LANCOKO&2DRAP0001/25-26,2025-2026,,2SAP0014/25-26,54617.78,14.117,2,771039.2,SBI FIRST RATE TT SELL,16/06/2025,86.6,null,66829189.74,null,null,null,null,null,null,VAT 5%,3341459.49,70170649.23,70170649.23,null,null,null,null,null,null,null,201,05/08/2025,null,null
LANCOKO&2DRAP0003/25-26,2025-2026,,2SAP0023/25-26,31437.65,14.621,2,459649.88,SBI FIRST RATE TT SELL,16/07/2025,86.45,null,39787075.18,null,null,null,null,null,null,VAT 5%,1989353.76,41776428.94,41776428.94,null,null,null,null,null,null,null,256,03/09/2025,null,null
LANCOKO&2DRAP0002/25-26,2025-2026,,2SAP0020/25-26,284299.0,14.621,2,4156735.68,SBI FIRST RATE TT SELL,16/07/2025,86.45,null,360316437.45,null,null,null,null,null,null,VAT 5%,18015821.87,378332259.32,378332259.32,null,null,null,null,null,null,null,46,18/08/2025,null,null
CRMNDEL&DAP001/24-25,2024-2025,1-0,SAP0001/24-25,4512.44,9.87,2,44537.78,SBI FIRST RATE TT BUY SELL,15/07/2024,83.66,null,3726030.91,null,null,null,null,null,null,VAT 5%,190051.38,3991079.04,3991079.04,null,null,null,null,null,null,null,219,22/07/2024,null,null
CRMNDEL&DAP002/24-25,2024-2025,1-0,SAP0002/24-25,4820.49,9.87,2,47578.24,SBI FIRST RATE TT BUY SELL,31/07/2024,83.745,null,3984439.71,null,null,null,null,null,null,VAT 5%,190448.93,0,0,null,null,null,null,null,null,null,113,04/09/2024,null,null
