COMPANY_CD,COUNTERPARTY_CD,AGMT_NO,AGMT_REV,CONT_NO,CONT_REV,CONTRACT_TYPE,BU_UNIT,BU_CONTACT_PERSON_CD,ADDR_FLAG,INVOICE_SEQ,INVOICE_NO,LINE_NO,LINE_DESC,UNIT,QTY,RATE,AMOUNT,ENT_BY,ENT_DT,FINANCIAL_YEAR,INVOICE_TYPE
Gail,1-1-1603-1021S1-0-1-0-1,UPG2A25109000731,16,null,null,C,null,null,null,null,UPG2A25109000731,1,Transmission Charge,INR,5400,25.63,138402,219,17/04/2025 00:00:00,2025-2026,TC
Gail,1-1-1603-1021S1-0-1-0-1,UPG2A25109000732,16,null,null,C,null,null,null,null,UPG2A25109000732,1,Transmission Charge,INR,9000,25.63,230670,219,17/04/2025 00:00:00,2025-2026,TC
Gail,1-1-1603-1021S1-0-1-0-1,UPG2A25109002590,16,null,null,C,null,null,null,null,UPG2A25109002590,1,Transmission Charge,INR,12600,25.63,322938,219,02/05/2025 00:00:00,2025-2026,TC
Gail,1-1-1603-1361S1-0-1-0-1,UPG2A23109013679,16,null,null,C,null,null,null,null,UPG2A23109013679,1,Transmission Charge,INR,28175.31,26.28,740447.22,130,17/01/2024 00:00:00,2023-2024,TC
Gail,1-1-1603-1361S1-0-1-0-1,UPG2A23109014653,30,null,null,C,null,null,null,null,UPG2A23109014653,1,Positive Imbalance Above 10 Rate,INR,3873.657,13.14,50899.85,113,03/02/2024 00:00:00,2023-2024,IC
Gail,1-1-1603-1361S1-0-1-0-1,UPG2A23109014653,32,null,null,C,null,null,null,null,UPG2A23109014653,2,Negative Imbalance Above 5 Rate,INR,45.211,13.14,594.07,113,03/02/2024 00:00:00,2023-2024,IC
Gail,1-1-1604-1282L1-0-1-0-2,UPG2A23109003774,32,null,null,C,null,null,null,null,UPG2A23109003774,1,Negative Imbalance Above 5 Rate,INR,13574.34,7,95020.38,113,04/07/2023 00:00:00,2023-2024,IC
Gail,1-1-1604-1101S1-0-3-0-1,UPG2A24109010761,30,null,null,C,null,null,null,null,UPG2A24109010761,1,Positive Imbalance Above 10 Rate,INR,78.083,9.21,719.14,219,17/10/2024 00:00:00,2024-2025,IC
Gail,1-1-1604-1101S1-0-3-0-1,UPG2A24109010762,30,null,null,C,null,null,null,null,UPG2A24109010762,1,Positive Imbalance Above 10 Rate,INR,223.848,9.21,2061.64,219,17/10/2024 00:00:00,2024-2025,IC
Gail,1-1-1604-1101S1-0-3-0-1,UPG2A24109012610,30,null,null,C,null,null,null,null,UPG2A24109012610,1,Positive Imbalance Above 10 Rate,INR,23.291,9.21,214.51,219,05/11/2024 00:00:00,2024-2025,IC
Gail,1-1-1601-1361S1-0-3-0-1,UPG2A24109005824,16,null,null,C,null,null,null,null,UPG2A24109005824,1,Transmission Charge,INR,7200,42.04,302688,219,02/08/2024 00:00:00,2024-2025,TC
Gail,1-1-1604-1101S1-0-4-0-1,UPG2A24109013099,16,null,null,C,null,null,null,null,UPG2A24109013099,1,Transmission Charge,INR,2402.62,18.42,44256.34,113,21/11/2024 00:00:00,2024-2025,TC
Gail,1-1-1604-1101S1-0-4-0-1,UPG2A24109013478,30,null,null,C,null,null,null,null,UPG2A24109013478,1,Positive Imbalance Above 10 Rate,INR,83.59,9.21,769.86,113,21/11/2024 00:00:00,2024-2025,IC
Gail,1-1-1604-1101S1-0-4-0-1,UPG2A24109013478,32,null,null,C,null,null,null,null,UPG2A24109013478,2,Negative Imbalance Above 5 Rate,INR,14.75,9.21,135.85,113,21/11/2024 00:00:00,2024-2025,IC
Gail,1-1-1604-1101S1-0-4-0-1,UPG2A24109013479,32,null,null,C,null,null,null,null,UPG2A24109013479,1,Negative Imbalance Above 5 Rate,INR,61.18,9.21,563.47,113,21/11/2024 00:00:00,2024-2025,IC
Gail,1-1-1604-1101S1-0-4-0-1,UPG2A24109015309,43,null,null,C,null,null,null,null,UPG2A24109015309,1,Ship or Pay Charges,INR,75.357,18.42,1388.08,219,03/12/2024 00:00:00,2024-2025,TC
Gail,1-1-1604-1101S1-0-4-0-1,UPG2A24109015382,30,null,null,C,null,null,null,null,UPG2A24109015382,1,Positive Imbalance Above 10 Rate,INR,9.556,9.21,88.01,219,03/12/2024 00:00:00,2024-2025,IC
Gail,1-1-1604-1101S1-0-4-1-1,UPG2A24109017485,16,null,null,C,null,null,null,null,UPG2A24109017485,1,Transmission Charge,INR,2400,25.63,61512,219,19/02/2025 00:00:00,2024-2025,TC
Gail,1-1-1604-1101S1-0-4-1-1,UPG2A24109017485,16,null,null,C,null,null,null,null,UPG2A24109017485,1,Transmission Charge,INR,2400,25.63,61512,219,19/02/2025 00:00:00,2024-2025,TC
Gail,1-1-1604-1101S1-0-4-1-1,UPG2A24109017752,30,null,null,C,null,null,null,null,UPG2A24109017752,1,Positive Imbalance Above 10 Rate,INR,27.783,9.21,255.88,219,03/01/2025 00:00:00,2024-2025,IC
Gail,1-1-1604-1101S1-0-4-1-1,UPG2A24109017752,32,null,null,C,null,null,null,null,UPG2A24109017752,2,Negative Imbalance Above 5 Rate,INR,7.606,9.21,70.05,219,03/01/2025 00:00:00,2024-2025,IC
Gail,1-1-1603-381S1-0-5-0-1,UPG2A23109003194,30,null,null,C,null,null,null,null,UPG2A23109003194,1,Positive Imbalance Above 10 Rate,INR,9.574,7,67.02,113,20/06/2023 00:00:00,2023-2024,IC
Gail,1-1-1603-381S1-0-5-0-1,UPG2A23109003627,32,null,null,C,null,null,null,null,UPG2A23109003627,1,Negative Imbalance Above 5 Rate,INR,5488.982,7,38422.87,113,04/07/2023 00:00:00,2023-2024,IC
Gail,1-1-1604-542S1-0-5-0-2,UPG2A23109017267,16,null,null,C,null,null,null,null,UPG2A23109017267,1,Transmission Charge,INR,3907.61,26.28,102691.86,130,02/04/2024 00:00:00,2023-2024,TC
Gail,1-1-1604-1101S1-0-5-0-1,UPG2A25109000626,16,null,null,C,null,null,null,null,UPG2A25109000626,1,Transmission Charge,INR,2274.83,18.42,41902.33,219,17/04/2025 00:00:00,2025-2026,TC
Gail,1-1-1604-1101S1-0-5-0-1,UPG2A25109000627,16,null,null,C,null,null,null,null,UPG2A25109000627,1,Transmission Charge,INR,2265.51,18.42,41730.67,219,17/04/2025 00:00:00,2025-2026,TC
Gail,1-1-1604-1101S1-0-5-0-1,UPG2A25109000918,30,null,null,C,null,null,null,null,UPG2A25109000918,1,Positive Imbalance Above 10 Rate,INR,9.505,9.21,87.54,219,21/04/2025 00:00:00,2025-2026,IC
Gail,1-1-1604-1101S1-0-5-0-1,UPG2A25109000920,30,null,null,C,null,null,null,null,UPG2A25109000920,1,Positive Imbalance Above 10 Rate,INR,59.952,9.21,552.16,219,17/04/2025 00:00:00,2025-2026,IC
Gail,1-1-1604-1101S1-0-5-0-1,UPG2A25109002684,16,null,null,C,null,null,null,null,UPG2A25109002684,1,Transmission Charge,INR,1358.53,18.42,25024.18,219,02/05/2025 00:00:00,2025-2026,TC
Gail,1-1-1604-1101S1-0-5-0-1,UPG2A25109002685,16,null,null,C,null,null,null,null,UPG2A25109002685,1,Transmission Charge,INR,3304.72,18.42,60872.95,219,02/05/2025 00:00:00,2025-2026,TC
Gail,1-1-1604-1101S1-0-5-0-1,UPG2A25109002860,32,null,null,C,null,null,null,null,UPG2A25109002860,1,Negative Imbalance Above 5 Rate,INR,5.465,9.21,50.33,219,02/05/2025 00:00:00,2025-2026,IC
Gail,1-1-1604-1101S1-0-5-0-1,UPG2A25109002861,32,null,null,C,null,null,null,null,UPG2A25109002861,1,Negative Imbalance Above 5 Rate,INR,219.799,9.21,2024.35,219,02/05/2025 00:00:00,2025-2026,IC
Gail,1-1-1603-381S1-0-6-0-1,UPG2A23109008904,30,null,null,C,null,null,null,null,UPG2A23109008904,1,Positive Imbalance Above 10 Rate,INR,2143.62,13.14,28167.17,130,17/10/2023 00:00:00,2023-2024,IC
Gail,1-1-1603-381S1-0-6-0-1,UPG2A23109008904,32,null,null,C,null,null,null,null,UPG2A23109008904,2,Negative Imbalance Above 5 Rate,INR,35.61,13.14,467.92,130,17/10/2023 00:00:00,2023-2024,IC
Gail,1-1-1603-381S1-0-6-0-1,UPG2A23109010046,30,null,null,C,null,null,null,null,UPG2A23109010046,1,Positive Imbalance Above 10 Rate,INR,2890,13.14,37974.6,130,02/11/2023 00:00:00,2023-2024,IC
Gail,1-1-1603-381S1-0-6-0-1,UPG2A23109010683,30,null,null,C,null,null,null,null,UPG2A23109010683,1,Positive Imbalance Above 10 Rate,INR,10285.219,13.14,135147.78,130,17/11/2023 00:00:00,2023-2024,IC
Gail,1-1-1603-381S1-0-6-0-1,UPG2A23109011270,16,null,null,C,null,null,null,null,UPG2A23109011270,1,Transmission Charge,INR,26075.22,26.28,685256.78,113,02/12/2023 00:00:00,2023-2024,TC
Gail,1-1-1603-381S1-0-6-0-1,UPG2A23109013255,30,null,null,C,null,null,null,null,UPG2A23109013255,1,Positive Imbalance Above 10 Rate,INR,2287.772,13.14,30061.32,130,17/01/2024 00:00:00,2023-2024,IC
Gail,1-1-1603-381S1-0-6-0-1,UPG2A23109014238,16,null,null,C,null,null,null,null,UPG2A23109014238,1,Transmission Charge,INR,24000,26.28,630720,130,02/02/2024 00:00:00,2023-2024,TC
Gail,1-1-1603-381S1-0-6-0-1,UPG2A23109017357,16,null,null,C,null,null,null,null,UPG2A23109017357,1,Transmission Charge,INR,31952.09,26.28,839700.95,130,02/04/2024 00:00:00,2023-2024,TC
Gail,1-1-1601-581S1-0-6-0-1,UPG2A24109003987,16,null,null,C,null,null,null,null,UPG2A24109003987,1,Transmission Charge,INR,21005,114.52,2405492.6,219,02/07/2024 00:00:00,2024-2025,TC
Gail,1-1-1601-581S1-0-6-0-1,UPG2A24109012607,30,null,null,C,null,null,null,null,UPG2A24109012607,1,Positive Imbalance Above 10 Rate,INR,26.222,53.38,1399.99,219,05/11/2024 00:00:00,2024-2025,IC
Gail,1-1-1601-581S1-0-6-0-1,UPG2A24109013579,30,null,null,C,null,null,null,null,UPG2A24109013579,1,Positive Imbalance Above 10 Rate,INR,.788,53.39,42.07,219,18/11/2024 00:00:00,2024-2025,IC
Gail,1-1-1601-581S1-0-6-0-1,UPG2A24109020465,16,null,null,C,null,null,null,null,UPG2A24109020465,1,Transmission Charge,INR,2400,106.77,256248,219,04/02/2025 00:00:00,2024-2025,TC
Gail,1-1-1601-581S1-0-6-0-1,UPG2A24109020468,16,null,null,C,null,null,null,null,UPG2A24109020468,1,Transmission Charge,INR,2250,106.77,240232.5,219,04/02/2025 00:00:00,2024-2025,TC
Gail,1-1-1601-581S1-0-6-0-1,UPG2A24109021429,16,null,null,C,null,null,null,null,UPG2A24109021429,1,Transmission Charge,INR,2250,106.77,240232.5,88,17/02/2025 00:00:00,2024-2025,TC
Gail,1-1-1601-581S1-0-6-0-1,UPG2A24109023989,16,null,null,C,null,null,null,null,UPG2A24109023989,1,Transmission Charge,INR,2100,106.77,224217,219,18/03/2025 00:00:00,2024-2025,TC
Gail,1-1-1603-581S1-0-6-0-1,UPG2A24109005915,16,null,null,C,null,null,null,null,UPG2A24109005915,1,Transmission Charge,INR,29110,25.63,746089.3,219,02/08/2024 00:00:00,2024-2025,TC
Gail,1-1-1603-581S1-0-6-0-1,UPG2A24109009606,16,null,null,C,null,null,null,null,UPG2A24109009606,1,Transmission Charge,INR,254300,25.63,651770.9,219,03/10/2024 00:00:00,2024-2025,TC
Gail,1-1-1603-581S1-0-6-0-1,UPG2A24109012606,30,null,null,C,null,null,null,null,UPG2A24109012606,1,Positive Imbalance Above 10 Rate,INR,206.999,12.82,2653.73,219,05/11/2024 00:00:00,2024-2025,IC
Gail,1-1-1603-581S1-0-6-0-1,UPG2A24109013747,30,null,null,C,null,null,null,null,UPG2A24109013747,1,Positive Imbalance Above 10 Rate,INR,186.018,12.82,2384.75,219,19/11/2024 00:00:00,2024-2025,IC
Gail,1-1-1603-581S1-0-6-0-1,UPG2A24109013747,30,null,null,C,null,null,null,null,UPG2A24109013747,1,Positive Imbalance Above 10 Rate,INR,186.018,12.82,2384.75,219,18/11/2024 00:00:00,2024-2025,IC
Gail,1-1-1604-1101S1-0-6-0-1,UPG2A25109003991,16,null,null,C,null,null,null,null,UPG2A25109003991,1,Transmission Charge,INR,3658.83,18.42,67395.55,219,18/05/2025 00:00:00,2025-2026,TC
Gail,1-1-1604-1101S1-0-6-0-1,UPG2A25109004015,30,null,null,C,null,null,null,null,UPG2A25109004015,1,Positive Imbalance Above 10 Rate,INR,29.666,9.21,273.22,219,19/05/2025 00:00:00,2025-2026,IC
Gail,1-1-1604-1101S1-0-6-0-1,UPG2A25109004020,30,null,null,C,null,null,null,null,UPG2A25109004020,1,Positive Imbalance Above 10 Rate,INR,28.759,9.21,264.87,219,19/05/2025 00:00:00,2025-2026,IC
Gail,1-1-1604-1101S1-0-6-0-1,UPG2A25109004020,32,null,null,C,null,null,null,null,UPG2A25109004020,2,Negative Imbalance Above 5 Rate,INR,.787,9.21,7.25,219,19/05/2025 00:00:00,2025-2026,IC
Gail,1-1-1604-1101S1-0-6-0-1,UPG2A25109005471,34,null,null,C,null,null,null,null,UPG2A25109005471,1,UnAuthorised Overrun Above 10%,INR,62.097,9.21,571.91,219,03/06/2025 00:00:00,2025-2026,IC
Gail,1-1-1604-1101S1-0-6-0-1,UPG2A25109005574,32,null,null,C,null,null,null,null,UPG2A25109005574,1,Negative Imbalance Above 5 Rate,INR,201.257,9.21,1853.58,219,03/06/2025 00:00:00,2025-2026,IC
Gail,1-1-1604-1101S1-0-6-0-1,UPG2A25109006776,30,null,null,C,null,null,null,null,UPG2A25109006776,1,Positive Imbalance Above 10 Rate,INR,154.245,9.21,1420.6,44,17/06/2025 00:00:00,2025-2026,IC
Gail,1-1-1604-1101S1-0-6-0-1,UPG2A25109006776,32,null,null,C,null,null,null,null,UPG2A25109006776,2,Negative Imbalance Above 5 Rate,INR,1100.688,9.21,10137.34,44,17/06/2025 00:00:00,2025-2026,IC
Gail,1-1-1604-1101S1-0-6-0-1,UPG2A25109006831,34,null,null,C,null,null,null,null,UPG2A25109006831,1,UnAuthorised Overrun Above 10%,INR,373.122,9.21,3436.45,44,18/06/2025 00:00:00,2025-2026,IC
Gail,1-1-1604-1101S1-0-6-0-1,UPG2A25109006831 REF1,34,null,null,C,null,null,null,null,UPG2A25109006831 REF1,1,UnAuthorised Overrun Above 10%,INR,373.122,9.21,3436.45,44,17/06/2025 00:00:00,2025-2026,IC
Gail,1-1-1604-1101S1-0-6-0-1,UPG2A25109009364,16,null,null,C,null,null,null,null,UPG2A25109009364,1,Transmission Charge,INR,1283.41,25.63,32893.82,219,17/07/2025 00:00:00,2025-2026,TC
Gail,1-1-1604-1101S1-0-6-0-1,UPG2A25109009365,16,null,null,C,null,null,null,null,UPG2A25109009365,1,Transmission Charge,INR,2698.49,25.63,69162.22,219,17/07/2025 00:00:00,2025-2026,TC
Gail,1-1-1601-381S1-0-7-0-1,UPG2A24109002564,30,null,null,C,null,null,null,null,UPG2A24109002564,1,Positive Imbalance Above 10 Rate,INR,2365.262,39.5,93427.85,113,02/06/2024 00:00:00,2024-2025,IC
Gail,1-1-1603-381S1-0-7-0-1,UPG2A24109003230,16,null,null,C,null,null,null,null,UPG2A24109003230,1,Transmission Charge,INR,67500,26.28,1773900,219,18/06/2024 00:00:00,2024-2025,TC
Gail,1-1-1603-381S1-0-7-0-1,UPG2A24109003849,16,null,null,C,null,null,null,null,UPG2A24109003849,1,Transmission Charge,INR,67500,26.28,1773900,219,02/07/2024 00:00:00,2024-2025,TC
Gail,1-1-1603-381S1-0-7-0-1,UPG2A24109005964,16,null,null,C,null,null,null,null,UPG2A24109005964,1,Transmission Charge,INR,87400,25.63,2240062,219,02/08/2024 00:00:00,2024-2025,TC
Gail,1-1-1603-381S1-0-7-0-1,UPG2A24109007956,30,null,null,C,null,null,null,null,UPG2A24109007956,1,Positive Imbalance Above 10 Rate,INR,550.291,12.82,7054.73,219,03/09/2024 00:00:00,2024-2025,IC
Gail,1-1-1603-701S1-0-7-0-1,UPG2A23109011759,30,null,null,C,null,null,null,null,UPG2A23109011759,1,Positive Imbalance Above 10 Rate,INR,1041.953,13.14,13691.26,113,04/12/2023 00:00:00,2023-2024,IC
Gail,1-1-1603-392S1-0-8-0-2,UPG2A23109007850,32,null,null,C,null,null,null,null,UPG2A23109007850,1,Negative Imbalance Above 5 Rate,INR,176.34,13.14,2317.11,113,20/09/2023 00:00:00,2023-2024,IC
Gail,1-1-1601-701S1-0-8-0-1,UPG2A24109000073,32,null,null,C,null,null,null,null,UPG2A24109000073,1,Negative Imbalance Above 5 Rate,INR,265.092,20,5301.84,113,18/04/2024 00:00:00,2024-2025,IC
Gail,1-1-1601-701S1-0-8-0-1,UPG2A24109000303,16,null,null,C,null,null,null,null,UPG2A24109000303,1,Transmission Charge,INR,45713.07,40,1828522.72,113,18/04/2024 00:00:00,2024-2025,TC
Gail,1-1-1601-701S1-0-8-0-1,UPG2A24109004236,32,null,null,C,null,null,null,null,UPG2A24109004236,1,Negative Imbalance Above 5 Rate,INR,232.749,20,4654.98,219,03/07/2024 00:00:00,2024-2025,IC
Gail,1-1-1601-701S1-0-8-0-1,UPG2A24109004237,34,null,null,C,null,null,null,null,UPG2A24109004237,1,UnAuthorised Overrun Above 10%,INR,216.554,20,4331.08,219,03/07/2024 00:00:00,2024-2025,IC
Gail,1-1-1601-701S1-0-8-0-1,UPG2A24109004636,32,null,null,C,null,null,null,null,UPG2A24109004636,1,Negative Imbalance Above 5 Rate,INR,3.566,20,71.32,219,04/07/2024 00:00:00,2024-2025,IC
Gail,1-1-1601-701S1-0-8-0-1,UPG2A24109004636,32,null,null,C,null,null,null,null,UPG2A24109004636,1,Negative Imbalance Above 5 Rate,INR,3.566,20,71.32,219,04/07/2024 00:00:00,2024-2025,IC
Gail,1-1-1601-701S1-0-8-0-1,UPG2A24109004846,34,null,null,C,null,null,null,null,UPG2A24109004846,1,UnAuthorised Overrun Above 10%,INR,408.335,21.02,8583.2,219,17/07/2024 00:00:00,2024-2025,IC
Gail,1-1-1601-701S1-0-8-0-1,UPG2A24109004847,30,null,null,C,null,null,null,null,UPG2A24109004847,1,Positive Imbalance Above 10 Rate,INR,60.412,21.02,1269.86,219,17/07/2024 00:00:00,2024-2025,IC
Gail,1-1-1601-701S1-0-8-0-1,UPG2A24109004847,32,null,null,C,null,null,null,null,UPG2A24109004847,2,Negative Imbalance Above 5 Rate,INR,1269.86,21.02,22516.22,219,17/07/2024 00:00:00,2024-2025,IC
Gail,1-1-1601-701S1-0-8-0-1,UPG2A24109005726,30,null,null,C,null,null,null,null,UPG2A24109005726,1,Positive Imbalance Above 10 Rate,INR,19.106,21.02,401.61,219,02/08/2024 00:00:00,2024-2025,IC
Gail,1-1-1601-701S1-0-8-0-1,UPG2A24109005726,32,null,null,C,null,null,null,null,UPG2A24109005726,2,Negative Imbalance Above 5 Rate,INR,210.538,21.02,4425.51,219,02/08/2024 00:00:00,2024-2025,IC
Gail,1-1-1601-701S1-0-8-0-1,UPG2A24109005742,16,null,null,C,null,null,null,null,UPG2A24109005742,1,Transmission Charge,INR,10536.63,42.04,442959.85,219,02/08/2024 00:00:00,2024-2025,TC
Gail,1-1-1601-701S1-0-8-0-1,UPG2A24109005742,16,null,null,C,null,null,null,null,UPG2A24109005742,1,Transmission Charge,INR,10536.63,42.04,442959.85,219,02/08/2024 00:00:00,2024-2025,TC
Gail,1-1-1601-701S1-0-8-0-1,UPG2A24109007220,34,null,null,C,null,null,null,null,UPG2A24109007220,1,UnAuthorised Overrun Above 10%,INR,191.006,21.02,4014.95,219,19/08/2024 00:00:00,2024-2025,IC
Gail,1-1-1601-701S1-0-8-0-1,UPG2A24109007221,30,null,null,C,null,null,null,null,UPG2A24109007221,1,Positive Imbalance Above 10 Rate,INR,19.459,21.02,409.03,219,19/08/2024 00:00:00,2024-2025,IC
Gail,1-1-1601-701S1-0-8-0-1,UPG2A24109007221,32,null,null,C,null,null,null,null,UPG2A24109007221,2,Negative Imbalance Above 5 Rate,INR,1640.144,21.02,34475.83,219,19/08/2024 00:00:00,2024-2025,IC
Gail,1-1-1601-701S1-0-8-0-1,UPG2A24109008171,34,null,null,C,null,null,null,null,UPG2A24109008171,1,UnAuthorised Overrun Above 10%,INR,284.284,21.02,5975.65,219,03/09/2024 00:00:00,2024-2025,IC
Gail,1-1-1601-701S1-0-8-0-1,UPG2A24109008172,30,null,null,C,null,null,null,null,UPG2A24109008172,1,Positive Imbalance Above 10 Rate,INR,15.159,21.02,318.64,219,03/09/2024 00:00:00,2024-2025,IC
Gail,1-1-1601-701S1-0-8-0-1,UPG2A24109008172,32,null,null,C,null,null,null,null,UPG2A24109008172,2,Negative Imbalance Above 5 Rate,INR,1138.21,21.02,23925.17,219,03/09/2024 00:00:00,2024-2025,IC
Gail,1-1-1601-701S1-0-8-0-1,UPG2A24109008766,30,null,null,C,null,null,null,null,UPG2A24109008766,1,Positive Imbalance Above 10 Rate,INR,14.756,21.02,310.17,219,18/09/2024 00:00:00,2024-2025,IC
Gail,1-1-1601-701S1-0-8-0-1,UPG2A24109008766,32,null,null,C,null,null,null,null,UPG2A24109008766,2,Negative Imbalance Above 5 Rate,INR,420.477,21.02,8838.43,219,18/09/2024 00:00:00,2024-2025,IC
Gail,1-1-1601-701S1-0-8-0-1,UPG2A24109008767,34,null,null,C,null,null,null,null,UPG2A24109008767,1,UnAuthorised Overrun Above 10%,INR,184.231,21.02,3872.54,219,18/09/2024 00:00:00,2024-2025,IC
Gail,1-1-1601-701S1-0-8-0-1,UPG2A24109011732,16,null,null,C,null,null,null,null,UPG2A24109011732,1,Transmission Charge,INR,3400,42.04,142936,219,05/11/2024 00:00:00,2024-2025,TC
Gail,1-1-1601-701S1-0-8-0-1,UPG2A24109013650,16,null,null,C,null,null,null,null,UPG2A24109013650,1,Transmission Charge,INR,24230.6,42.04,1018654.25,219,18/11/2024 00:00:00,2024-2025,TC
Gail,1-1-1601-701S1-0-8-0-1,UPG2A24109014700,16,null,null,C,null,null,null,null,UPG2A24109014700,1,Transmission Charge,INR,10980,42.04,461599.2,219,02/12/2024 00:00:00,2024-2025,TC
Gail,1-1-1601-701S1-0-8-0-1,UPG2A24109015929,16,null,null,C,null,null,null,null,UPG2A24109015929,1,Transmission Charge,INR,3040,42.04,127801.6,219,17/12/2024 00:00:00,2024-2025,TC
Gail,1-1-1607-701S1-0-8-0-1,UPG2A24109000074,32,null,null,C,null,null,null,null,UPG2A24109000074,1,Negative Imbalance Above 5 Rate,INR,2529.715,20,50594.3,113,18/04/2024 00:00:00,2024-2025,IC
Gail,1-1-1607-701S1-0-8-0-1,UPG2A24109000304,16,null,null,C,null,null,null,null,UPG2A24109000304,1,Transmission Charge,INR,14662.85,40,586514,113,18/04/2024 00:00:00,2024-2025,TC
Gail,1-1-1608-701S1-0-8-0-1,UPG2A24109017278,16,null,null,C,null,null,null,null,UPG2A24109017278,1,Transmission Charge,INR,720,42.04,30268.8,219,03/01/2025 00:00:00,2024-2025,TC
Gail,1-1-1603-701S1-0-8-0-1,UPG2A23109016592,32,null,null,C,null,null,null,null,UPG2A23109016592,1,Negative Imbalance Above 5 Rate,INR,120.095,13.14,1578.05,113,18/03/2024 00:00:00,2023-2024,IC
Gail,1-1-1603-701S1-0-8-0-1,UPG2A24109004841,16,null,null,C,null,null,null,null,UPG2A24109004841,1,Transmission Charge,INR,44640,25.63,1144123.2,219,17/07/2024 00:00:00,2024-2025,TC
Gail,1-1-1603-701S1-0-8-0-1,UPG2A24109005743,16,null,null,C,null,null,null,null,UPG2A24109005743,1,Transmission Charge,INR,48000,25.63,1230240,219,02/08/2024 00:00:00,2024-2025,TC
Gail,1-1-1603-701S1-0-8-0-1,UPG2A24109009692,32,null,null,C,null,null,null,null,UPG2A24109009692,1,Negative Imbalance Above 5 Rate,INR,458.38,12.82,5876.43,219,03/10/2024 00:00:00,2024-2025,IC
Gail,1-1-1603-701S1-0-8-0-1,UPG2A24109011731,16,null,null,C,null,null,null,null,UPG2A24109011731,1,Transmission Charge,INR,24475.42,25.63,627305.12,219,05/11/2024 00:00:00,2024-2025,TC
Gail,1-1-1603-701S1-0-8-0-1,UPG2A24109014701,16,null,null,C,null,null,null,null,UPG2A24109014701,1,Transmission Charge,INR,5857.01,25.63,150115.19,219,03/12/2024 00:00:00,2024-2025,TC
Gail,1-1-1603-701S1-0-8-0-1,UPG2A24109014702,16,null,null,C,null,null,null,null,UPG2A24109014702,1,Transmission Charge,INR,3878.8,25.63,99413.67,219,03/12/2024 00:00:00,2024-2025,TC
Gail,1-1-1603-701S1-0-8-0-1,UPG2A24109014799,32,null,null,C,null,null,null,null,UPG2A24109014799,1,Negative Imbalance Above 5 Rate,INR,19.904,12.82,255.17,219,03/12/2024 00:00:00,2024-2025,IC
Gail,1-1-1603-701S1-0-8-0-1,UPG2A24109014800,32,null,null,C,null,null,null,null,UPG2A24109014800,1,Negative Imbalance Above 5 Rate,INR,108.548,12.82,1391.59,219,03/12/2024 00:00:00,2024-2025,IC
Gail,1-1-1603-701S1-0-8-0-1,UPG2A24109014826,34,null,null,C,null,null,null,null,UPG2A24109014826,1,UnAuthorised Overrun Above 10%,INR,.423,12.82,5.42,219,03/12/2024 00:00:00,2024-2025,IC
Gail,1-1-1603-701S1-0-8-0-1,UPG2A24109016522,32,null,null,C,null,null,null,null,UPG2A24109016522,1,Negative Imbalance Above 5 Rate,INR,140.892,12.82,1806.24,219,17/12/2024 00:00:00,2024-2025,IC
Gail,1-1-1603-701S1-0-8-0-1,UPG2A24109017449,32,null,null,C,null,null,null,null,UPG2A24109017449,1,Negative Imbalance Above 5 Rate,INR,211.552,12.82,2712.1,219,03/01/2025 00:00:00,2024-2025,IC
Gail,1-1-1601-381S1-0-9-0-1,UPG2A24109007189,30,null,null,C,null,null,null,null,UPG2A24109007189,1,Positive Imbalance Above 10 Rate,INR,908.069,40.04,36359.08,219,20/08/2024 00:00:00,2024-2025,IC
Gail,1-1-1604-881S1-0-9-0-1,UPG2A23109004889,30,null,null,C,null,null,null,null,UPG2A23109004889,1,Positive Imbalance Above 10 Rate,INR,1913.927,8.09,15483.67,113,17/07/2023 00:00:00,2023-2024,IC
Gail,1-1-1604-881S1-0-9-0-1,UPG2A23109004889,32,null,null,C,null,null,null,null,UPG2A23109004889,2,Negative Imbalance Above 5 Rate,INR,73.884,8.09,597.72,113,17/07/2023 00:00:00,2023-2024,IC
Gail,1-1-1604-881S1-0-9-0-1,UPG2A23109005570,43,null,null,C,null,null,null,null,UPG2A23109005570,1,Ship or Pay Charges,INR,522.289,16.18,8450.65,113,02/08/2023 00:00:00,2023-2024,TC
Gail,1-1-1604-881S1-0-9-0-1,UPG2A23109005613,30,null,null,C,null,null,null,null,UPG2A23109005613,1,Positive Imbalance Above 10 Rate,INR,160.035,8.09,1294.68,113,02/08/2023 00:00:00,2023-2024,IC
Gail,1-1-1604-881S1-0-9-0-1,UPG2A23109005613,32,null,null,C,null,null,null,null,UPG2A23109005613,2,Negative Imbalance Above 5 Rate,INR,345.358,8.09,2793.95,113,02/08/2023 00:00:00,2023-2024,IC
Gail,1-1-1604-881S1-0-9-0-1,UPG2A23109005613,34,null,null,C,null,null,null,null,UPG2A23109005613,3,UnAuthorised Overrun Above 10%,INR,322.106,8.09,2605.84,113,02/08/2023 00:00:00,2023-2024,IC
Gail,1-1-1601-391S1-0-10-0-1,UPG2A24109024017,16,null,null,C,null,null,null,null,UPG2A24109024017,1,Transmission Charge,INR,1530,42.04,64321.2,219,18/03/2025 00:00:00,2024-2025,TC
Gail,1-1-1603-372S1-0-14-0-2,UPG2A23109007814,32,null,null,C,null,null,null,null,UPG2A23109007814,1,Negative Imbalance Above 5 Rate,INR,182.51,13.14,2398.18,113,20/09/2023 00:00:00,2023-2024,IC
Gail,1-1-1603-371S1-0-15-0-1,UPG2A24109005721,16,null,null,C,null,null,null,null,UPG2A24109005721,1,Transmission Charge,INR,8640,25.63,221443.2,219,02/08/2024 00:00:00,2024-2025,TC
Gail,1-1-1603-371S1-0-15-0-1,UPG2A24109008624,16,null,null,C,null,null,null,null,UPG2A24109008624,1,Transmission Charge,INR,16200,25.63,415206,219,17/09/2024 00:00:00,2024-2025,TC
Gail,1-1-1603-371S1-0-15-0-1,UPG2A24109009480,16,null,null,C,null,null,null,null,UPG2A24109009480,1,Transmission Charge,INR,16200,25.63,415206,219,03/10/2024 00:00:00,2024-2025,TC
Gail,1-1-1603-371S1-0-15-0-1,UPG2A24109011721,16,null,null,C,null,null,null,null,UPG2A24109011721,1,Transmission Charge,INR,8160,25.63,209140.8,219,05/11/2024 00:00:00,2024-2025,TC
Gail,1-1-1603-371S1-0-15-0-1,UPG2A24109011722,16,null,null,C,null,null,null,null,UPG2A24109011722,1,Transmission Charge,INR,8160,25.63,209140.8,219,05/11/2024 00:00:00,2024-2025,TC
Gail,1-1-1603-372S1-0-15-0-2,UPG2A24109005843,16,null,null,C,null,null,null,null,UPG2A24109005843,1,Transmission Charge,INR,8640,25.63,221443.2,219,02/08/2024 00:00:00,2024-2025,TC
Gail,1-1-1603-372S1-0-15-0-2,UPG2A24109024022,16,null,null,C,null,null,null,null,UPG2A24109024022,1,Transmission Charge,INR,4050,25.63,103801.5,219,18/03/2025 00:00:00,2024-2025,TC
Gail,1-1-1603-372S1-0-15-0-2,UPG2A24109025263,16,null,null,C,null,null,null,null,UPG2A24109025263,1,Transmission Charge,INR,4160,25.63,106620.8,219,02/04/2025 00:00:00,2024-2025,TC
Gail,1-1-1601-371S1-0-15-0-1,UPG2A24109013368,16,null,null,C,null,null,null,null,UPG2A24109013368,1,Transmission Charge,INR,7140,42.04,300165.6,219,18/11/2024 00:00:00,2024-2025,TC
Gail,1-1-1601-371S1-0-15-0-1,UPG2A24109014673,16,null,null,C,null,null,null,null,UPG2A24109014673,1,Transmission Charge,INR,7140,42.04,300165.6,219,02/12/2024 00:00:00,2024-2025,TC
Gail,1-1-1601-371S1-0-16-0-1,UPG2A24109021627,16,null,null,C,null,null,null,null,UPG2A24109021627,1,Transmission Charge,INR,200,42.04,8408,88,17/02/2025 00:00:00,2024-2025,TC
Gail,1-1-1601-371S1-0-16-0-1,UPG2A24109021628,16,null,null,C,null,null,null,null,UPG2A24109021628,1,Transmission Charge,INR,1000,42.04,42040,88,17/02/2025 00:00:00,2024-2025,TC
Gail,1-1-1601-372S1-0-17-0-2,UPG2A24109021637,16,null,null,C,null,null,null,null,UPG2A24109021637,1,Transmission Charge,INR,90,42.04,3783.6,88,17/02/2025 00:00:00,2024-2025,TC
Gail,1-1-1601-372S1-0-17-0-2,UPG2A24109021638,16,null,null,C,null,null,null,null,UPG2A24109021638,1,Transmission Charge,INR,450,42.04,18918,88,17/02/2025 00:00:00,2024-2025,TC
Gail,1-1-1601-332S1-0-30-1-2,UPG2A23109007901,16,null,null,C,null,null,null,null,UPG2A23109007901,1,Transmission Charge,INR,150000,40,6000000,130,20/09/2023 00:00:00,2023-2024,TC
Gail,1-1-1601-332S1-0-30-1-2,UPG2A23109007901,16,null,null,C,null,null,null,null,UPG2A23109007901,1,Transmission Charge,INR,150000,40,6000000,130,07/10/2023 00:00:00,2023-2024,TC
Gail,1-1-1601-332S1-0-30-1-2,UPG2A23109007901,16,null,null,C,null,null,null,null,UPG2A23109007901,1,Transmission Charge,INR,150000,40,6000000,113,27/09/2023 00:00:00,2023-2024,TC
Gail,1-1-1601-332S1-0-30-1-2,UPG2A23109007901,16,null,null,C,null,null,null,null,UPG2A23109007901,1,Transmission Charge,INR,150000,40,6000000,113,27/09/2023 00:00:00,2023-2024,TC
Gail,1-1-1604-333S1-0-33-0-3,UPG2A23109013301,16,null,null,C,null,null,null,null,UPG2A23109013301,1,Transmission Charge,INR,11700,26.28,307476,130,17/01/2024 00:00:00,2023-2024,TC
Gail,1-1-1604-1141S2-0-1-0-1,UPG2A24109004015,16,null,null,C,null,null,null,null,UPG2A24109004015,1,Transmission Charge,INR,3000,16.18,48540,219,02/07/2024 00:00:00,2024-2025,TC
Gail,1-1-1604-1141S2-0-1-0-1,UPG2A24109005833,16,null,null,C,null,null,null,null,UPG2A24109005833,1,Transmission Charge,INR,3200,18.42,58944,219,02/08/2024 00:00:00,2024-2025,TC
Gail,1-1-1601-1211L2-0-1-0-1,UPG2A23109007478,30,null,null,C,null,null,null,null,UPG2A23109007478,1,Positive Imbalance Above 10 Rate,INR,4149.338,39.5,163898.85,113,20/09/2023 00:00:00,2023-2024,IC
Gail,1-1-1601-1211L2-0-1-0-1,UPG2A23109007478,32,null,null,C,null,null,null,null,UPG2A23109007478,2,Negative Imbalance Above 5 Rate,INR,464.28,39.5,18339.06,113,20/09/2023 00:00:00,2023-2024,IC
Gail,1-1-1601-1211L2-0-1-0-1,UPG2A23109007989,43,null,null,C,null,null,null,null,UPG2A23109007989,1,Ship or Pay Charges,INR,9308.989,79,735410.13,130,04/10/2023 00:00:00,2023-2024,TC
Gail,16-1-2-16-1604-542,HRG2A22136000657,30,null,null,R,null,null,null,null,HRG2A22136000657,1,Positive Imbalance Above 10 Rate,INR,38.312,48.67,1864.65,130,08/02/2023 00:00:00,2022-2023,IC
Gail,16-1-2-16-1604-542,HRG2A22136000775,30,null,null,R,null,null,null,null,HRG2A22136000775,1,Positive Imbalance Above 10 Rate,INR,56.844,48.67,2766.6,113,20/03/2023 00:00:00,2022-2023,IC
Gail,16-1-2-16-1604-542,HRG2A22136000816,43,null,null,R,null,null,null,null,HRG2A22136000816,1,Ship or Pay Charges,INR,1562.42,97.34,152085.67,130,06/04/2023 00:00:00,2022-2023,TC
Gail,16-1-2-16-1604-542,HRG2A22136000817,30,null,null,R,null,null,null,null,HRG2A22136000817,1,Positive Imbalance Above 10 Rate,INR,265.455,48.67,12919.69,130,06/04/2023 00:00:00,2022-2023,IC
Gail,16-1-2-16-1604-542,UPG2A23109000244,16,null,null,R,null,null,null,null,UPG2A23109000244,1,Transmission Charge,INR,181.54,13.99,2539.68,23,26/04/2023 00:00:00,2023-2024,TC
Gail,16-1-2-16-1604-542,UPG2A23109000264,30,null,null,R,null,null,null,null,UPG2A23109000264,1,Positive Imbalance Above 10 Rate,INR,265.878,7,1861.15,23,27/04/2023 00:00:00,2023-2024,IC
Gail,16-1-2-16-1604-542,UPG2A23109007689,32,null,null,R,null,null,null,null,UPG2A23109007689,1,Negative Imbalance Above 5 Rate,INR,6,13.14,78.84,113,20/09/2023 00:00:00,2023-2024,IC
Gail,1-1-1601-1201L3-0-1-0-1,UPG2A23109012053,16,null,null,C,null,null,null,null,UPG2A23109012053,1,Transmission Charge,INR,123634.42,114.52,14158613.78,130,18/12/2023 00:00:00,2023-2024,TC
Gail,1-1-1601-1211L3-0-1-0-1,UPG2A24109020370,16,null,null,C,null,null,null,null,UPG2A24109020370,1,Transmission Charge,INR,12200,80.08,976976,219,04/02/2025 00:00:00,2024-2025,TC
Gail,1-1-1601-1211L3-0-1-0-1,UPG2A24109020371,16,null,null,C,null,null,null,null,UPG2A24109020371,1,Transmission Charge,INR,8000,80.08,640640,219,04/02/2025 00:00:00,2024-2025,TC
Gail,16-1-4-16-1604-1101,GAG2A22134000298,32,null,null,R,null,null,null,null,GAG2A22134000298,1,Negative Imbalance Above 5 Rate,INR,2034.366,37.48,76248.04,23,06/01/2023 00:00:00,2022-2023,IC
Gail,16-1-4-16-1604-1101,GAG2A22134000298,34,null,null,R,null,null,null,null,GAG2A22134000298,2,UnAuthorised Overrun Above 10%,INR,324.119,37.48,12147.98,23,06/01/2023 00:00:00,2022-2023,IC
Gail,16-1-4-16-1604-1101,GAG2A22134000318,30,null,null,R,null,null,null,null,GAG2A22134000318,1,Positive Imbalance Above 10 Rate,INR,63.744,37.48,2389.13,113,19/01/2023 00:00:00,2022-2023,IC
Gail,16-1-4-16-1604-1101,GAG2A22134000318,32,null,null,R,null,null,null,null,GAG2A22134000318,2,Negative Imbalance Above 5 Rate,INR,240.093,37.48,8998.69,113,19/01/2023 00:00:00,2022-2023,IC
Gail,16-1-4-16-1604-1101,GAG2A22134000318,34,null,null,R,null,null,null,null,GAG2A22134000318,3,UnAuthorised Overrun Above 10%,INR,73.629,37.48,2759.61,113,19/01/2023 00:00:00,2022-2023,IC
Gail,16-1-4-16-1604-1101,GAG2A22134000338,16,null,null,R,null,null,null,null,GAG2A22134000338,1,Transmission Charge,INR,2257.11,74.96,169192.97,169,13/03/2023 00:00:00,2022-2023,TC
Gail,1-1-1601-292L5-0-1-0-2,UPG2A24109020633,16,null,null,C,null,null,null,null,UPG2A24109020633,1,Transmission Charge,INR,13008,42.04,546856.32,219,04/02/2025 00:00:00,2024-2025,TC
Gail,16-1-7-16-1604-101,MHG2A22105001926,43,null,null,R,null,null,null,null,MHG2A22105001926,1,Ship or Pay Charges,INR,5610.6,29.55,165793.23,130,06/04/2023 00:00:00,2022-2023,TC
Gail,16-1-9-16-1602-782,MHG2A22105001271,16,null,null,R,null,null,null,null,MHG2A22105001271,1,Transmission Charge,INR,25013.59,95.52,2389298.12,23,09/01/2023 00:00:00,2022-2023,TC
Gail,16-1-12-16-1604-782,MHG2A22105001679,16,null,null,R,null,null,null,null,MHG2A22105001679,1,Transmission Charge,INR,3825,35.58,136093.5,49,27/03/2023 00:00:00,2022-2023,TC
Gail,16-1-14-16-1601-81,GJG2A22103002840,32,null,null,R,null,null,null,null,GJG2A22103002840,1,Negative Imbalance Above 5 Rate,INR,121.415,14.78,1794.51,130,23/01/2023 00:00:00,2022-2023,IC
Gail,16-1-16-16-1605-10000165,UPG2A23109017553,16,null,null,R,null,null,null,null,UPG2A23109017553,1,Transmission Charge,INR,70000,15.23,1066100,130,02/04/2024 00:00:00,2023-2024,TC
Gail,1-1-1604-721L20-0-1-0-1,UPG2A23109016854,34,null,null,C,null,null,null,null,UPG2A23109016854,1,UnAuthorised Overrun Above 10%,INR,16983.429,13.14,223162.26,113,18/03/2024 00:00:00,2023-2024,IC
Gail,1-1-1604-721L20-0-1-0-1,UPG2A23109016855,32,null,null,C,null,null,null,null,UPG2A23109016855,1,Negative Imbalance Above 5 Rate,INR,52987.08,13.14,696250.23,113,18/03/2024 00:00:00,2023-2024,IC
Gail,1-1-1604-721L20-0-1-0-1,UPG2A23109017635,32,null,null,C,null,null,null,null,UPG2A23109017635,1,Negative Imbalance Above 5 Rate,INR,15325.677,13.14,201379.4,130,02/04/2024 00:00:00,2023-2024,IC
Gail,1-1-1604-721L20-0-1-0-1,UPG2A23109017667,16,null,null,C,null,null,null,null,UPG2A23109017667,1,Transmission Charge,INR,14677.97,26.28,385737.06,130,02/04/2024 00:00:00,2023-2024,TC
Gail,16-1-22-16-1604-101,UPG2A23109000370,30,null,null,R,null,null,null,null,UPG2A23109000370,1,Positive Imbalance Above 10 Rate,INR,18,3.75,67.5,23,28/04/2023 00:00:00,2023-2024,IC
Gail,1-1-1603-722L25-0-1-0-2,UPG2A24109019181,16,null,null,C,null,null,null,null,UPG2A24109019181,1,Transmission Charge,INR,27600,33.63,928188,219,20/01/2025 00:00:00,2024-2025,TC
Gail,16-1-24-16-1604-333,UPG2A23109000386,16,null,null,R,null,null,null,null,UPG2A23109000386,1,Transmission Charge,INR,46100,13.99,644939,23,28/04/2023 00:00:00,2023-2024,TC
Gail,1-1-1601-722L27-0-1-0-2,UPG2A24109024316,16,null,null,C,null,null,null,null,UPG2A24109024316,1,Transmission Charge,INR,4175,42.04,175517,219,18/03/2025 00:00:00,2024-2025,TC
Gail,16-1-26-16-1601-411,UPG2A23109000138,16,null,null,R,null,null,null,null,UPG2A23109000138,1,Transmission Charge,INR,550000,99.9,54945000,23,26/04/2023 00:00:00,2023-2024,TC
Gail,1-1-1604-1135L29-0-1-0-5,UPG2A25109000475,16,null,null,C,null,null,null,null,UPG2A25109000475,1,Transmission Charge,INR,30092.1,25.63,771260.52,219,17/04/2025 00:00:00,2025-2026,TC
Gail,1-1-1604-1135L29-0-1-0-5,UPG2A25109000476,16,null,null,C,null,null,null,null,UPG2A25109000476,1,Transmission Charge,INR,15000,25.63,384450,219,17/04/2025 00:00:00,2025-2026,TC
Gail,1-1-1604-1135L29-0-1-0-5,UPG2A25109000477,16,null,null,C,null,null,null,null,UPG2A25109000477,1,Transmission Charge,INR,51200,25.63,1312256,219,17/04/2025 00:00:00,2025-2026,TC
Gail,1-1-1604-1135L29-0-1-0-5,UPG2A25109000478,16,null,null,C,null,null,null,null,UPG2A25109000478,1,Transmission Charge,INR,12800,25.63,328064,219,17/04/2025 00:00:00,2025-2026,TC
Gail,1-1-1604-1135L29-0-1-0-5,UPG2A25109000898,30,null,null,C,null,null,null,null,UPG2A25109000898,1,Positive Imbalance Above 10 Rate,INR,92.1,12.82,1180.72,219,21/04/2025 00:00:00,2025-2026,IC
Gail,1-1-1604-1135L29-0-1-0-5,UPG2A25109002330,16,null,null,C,null,null,null,null,UPG2A25109002330,1,Transmission Charge,INR,39000,25.63,999570,219,02/05/2025 00:00:00,2025-2026,TC
Gail,1-1-1604-1135L29-0-1-0-5,UPG2A25109002332,16,null,null,C,null,null,null,null,UPG2A25109002332,1,Transmission Charge,INR,125000,25.63,320375,219,02/05/2025 00:00:00,2025-2026,TC
Gail,1-1-1604-1135L29-0-1-0-5,UPG2A25109002333,16,null,null,C,null,null,null,null,UPG2A25109002333,1,Transmission Charge,INR,25600,25.63,656128,219,02/05/2025 00:00:00,2025-2026,TC
Gail,1-1-1604-1135L29-0-1-0-5,UPG2A25109002334,16,null,null,C,null,null,null,null,UPG2A25109002334,1,Transmission Charge,INR,11615,25.63,297692.45,219,02/05/2025 00:00:00,2025-2026,TC
Gail,16-1-28-16-1601-881,MHG2A22105001878,30,null,null,R,null,null,null,null,MHG2A22105001878,1,Positive Imbalance Above 10 Rate,INR,46.675,19.93,42979.92,113,20/03/2023 00:00:00,2022-2023,IC
Gail,16-1-28-16-1601-881,MHG2A22105001878,32,null,null,R,null,null,null,null,MHG2A22105001878,2,Negative Imbalance Above 5 Rate,INR,2156.544,19.93,930.23,113,20/03/2023 00:00:00,2022-2023,IC
Gail,16-1-28-16-1601-881,MHG2A22105001878,34,null,null,R,null,null,null,null,MHG2A22105001878,3,UnAuthorised Overrun Above 10%,INR,2156.544,19.93,79507.09,113,20/03/2023 00:00:00,2022-2023,IC
Gail,1-1-1601-1132L29-0-1-1-2,UPG2A25109000471,16,null,null,C,null,null,null,null,UPG2A25109000471,1,Transmission Charge,INR,15000,106.77,1601550,219,17/04/2025 00:00:00,2025-2026,TC
Gail,1-1-1601-1132L29-0-1-1-2,UPG2A25109002322,16,null,null,C,null,null,null,null,UPG2A25109002322,1,Transmission Charge,INR,12900,106.77,1377333,219,02/05/2025 00:00:00,2025-2026,TC
Gail,1-1-1601-1132L29-0-1-1-2,UPG2A25109002324,16,null,null,C,null,null,null,null,UPG2A25109002324,1,Transmission Charge,INR,12800,106.77,1366656,219,02/05/2025 00:00:00,2025-2026,TC
Gail,1-1-1601-1132L29-0-1-1-2,UPG2A25109002325,16,null,null,C,null,null,null,null,UPG2A25109002325,1,Transmission Charge,INR,12800,106.77,1366656,219,02/05/2025 00:00:00,2025-2026,TC
Gail,1-1-1601-1132L29-0-1-1-2,UPG2A25109002326,16,null,null,C,null,null,null,null,UPG2A25109002326,1,Transmission Charge,INR,13985,106.77,1493178.45,219,02/05/2025 00:00:00,2025-2026,TC
Gail,16-1-29-16-1601-401,RJG2A22107001728,30,null,null,R,null,null,null,null,RJG2A22107001728,1,Positive Imbalance Above 10 Rate,INR,8962.758,22.69,203364.98,49,25/04/2023 00:00:00,2022-2023,IC
Gail,1-1-1604-1134L31-0-1-0-4,UPG2A25109009153,16,null,null,C,null,null,null,null,UPG2A25109009153,1,Transmission Charge,INR,4302.83,25.63,110281.53,219,17/07/2025 00:00:00,2025-2026,TC
Gail,1-1-1604-1135L31-0-1-0-5,UPG2A25109009159,16,null,null,C,null,null,null,null,UPG2A25109009159,1,Transmission Charge,INR,12000,39.51,474120,219,17/07/2025 00:00:00,2025-2026,TC
Gail,1-1-1604-1135L31-0-1-0-5,UPG2A25109009160,16,null,null,C,null,null,null,null,UPG2A25109009160,1,Transmission Charge,INR,24000,39.51,948240,219,17/07/2025 00:00:00,2025-2026,TC
Gail,16-1-31-16-1604-1101,GAG2A22134000350,30,null,null,R,null,null,null,null,GAG2A22134000350,1,Positive Imbalance Above 10 Rate,INR,3.461,37.48,129.72,113,20/03/2023 00:00:00,2022-2023,IC
Gail,16-1-31-16-1604-1101,GAG2A22134000350,32,null,null,R,null,null,null,null,GAG2A22134000350,2,Negative Imbalance Above 5 Rate,INR,115.989,37.48,4347.27,113,20/03/2023 00:00:00,2022-2023,IC
Gail,16-1-31-16-1604-1101,GAG2A22134000350,34,null,null,R,null,null,null,null,GAG2A22134000350,3,UnAuthorised Overrun Above 10%,INR,90.065,37.48,3375.64,113,20/03/2023 00:00:00,2022-2023,IC
Gail,16-1-31-16-1604-1101,GAG2A22134000353,30,null,null,R,null,null,null,null,GAG2A22134000353,1,Positive Imbalance Above 10 Rate,INR,10.002,37.48,374.87,130,06/04/2023 00:00:00,2022-2023,IC
Gail,16-1-32-16-1601-1141,MHG2A22105001877,30,null,null,R,null,null,null,null,MHG2A22105001877,1,Positive Imbalance Above 10 Rate,INR,556.809,19.93,11097.2,113,20/03/2023 00:00:00,2022-2023,IC
Gail,16-1-32-16-1601-1141,MHG2A22105001877,32,null,null,R,null,null,null,null,MHG2A22105001877,2,Negative Imbalance Above 5 Rate,INR,265.497,19.93,5291.36,113,20/03/2023 00:00:00,2022-2023,IC
Gail,16-1-34-16-1601-1161,UPG2A23109000027,16,null,null,R,null,null,null,null,UPG2A23109000027,1,Transmission Charge,INR,63000,99.9,6293700,23,26/04/2023 00:00:00,2023-2024,TC
Gail,16-1-38-16-1603-581,RJG2A22107001714- RJG2A22107001717,16,null,null,R,null,null,null,null,RJG2A22107001714- RJG2A22107001717,1,Transmission Charge,INR,16200,57.49,931338,49,31/03/2023 00:00:00,2022-2023,TC
Gail,16-1-38-16-1603-581,RJG2A22107001717,16,null,null,R,null,null,null,null,RJG2A22107001717,1,Transmission Charge,INR,9699.24,57.49,557609.3,49,24/04/2023 00:00:00,2022-2023,TC
Gail,16-1-38-16-1603-581,RJG2A22107001726,32,null,null,R,null,null,null,null,RJG2A22107001726,1,Negative Imbalance Above 5 Rate,INR,67.2,28.75,1932,49,26/04/2023 00:00:00,2022-2023,IC
Gail,16-1-39-16-1601-403,RJG2A22107001727,30,null,null,R,null,null,null,null,RJG2A22107001727,1,Positive Imbalance Above 10 Rate,INR,8089.741,22.69,183556.22,49,26/04/2023 00:00:00,2022-2023,IC
Gail,16-1-43-16-1604-1141,UPG2A23109000368,30,null,null,R,null,null,null,null,UPG2A23109000368,1,Positive Imbalance Above 10 Rate,INR,319.787,3.75,1199.2,23,27/04/2023 00:00:00,2023-2024,IC
Gail,16-1-43-16-1604-1141,UPG2A23109001174,30,null,null,R,null,null,null,null,UPG2A23109001174,1,Positive Imbalance Above 10 Rate,INR,196.199,3.75,735.75,49,03/05/2023 00:00:00,2023-2024,IC
Gail,16-1-43-16-1604-1141,UPG2A23109001968,30,null,null,R,null,null,null,null,UPG2A23109001968,1,Positive Imbalance Above 10 Rate,INR,2312.799,3.75,8673,130,18/05/2023 00:00:00,2023-2024,IC
Gail,16-1-43-16-1604-1141,UPG2A23109002635,30,null,null,R,null,null,null,null,UPG2A23109002635,1,Positive Imbalance Above 10 Rate,INR,167.809,3.75,629.28,130,06/06/2023 00:00:00,2023-2024,IC
Gail,16-1-43-16-1604-1141,UPG2A23109003061,30,null,null,R,null,null,null,null,UPG2A23109003061,1,Positive Imbalance Above 10 Rate,INR,905.615,3.75,3396.06,113,17/06/2023 00:00:00,2023-2024,IC
Gail,16-1-43-16-1604-1141,UPG2A23109003061,32,null,null,R,null,null,null,null,UPG2A23109003061,2,Negative Imbalance Above 5 Rate,INR,79.697,3.75,298.86,113,17/06/2023 00:00:00,2023-2024,IC
Gail,16-1-43-16-1604-1141,UPG2A23109003791,32,null,null,R,null,null,null,null,UPG2A23109003791,1,Negative Imbalance Above 5 Rate,INR,795.106,3.75,2981.65,113,04/07/2023 00:00:00,2023-2024,IC
Gail,16-1-44-16-1604-881,MHG2A22105001934,43,null,null,R,null,null,null,null,MHG2A22105001934,1,Ship or Pay Charges,INR,1656.98,29.55,48963.88,130,06/04/2023 00:00:00,2022-2023,TC
Gail,16-1-44-16-1604-881,MHG2A22105001948,30,null,null,R,null,null,null,null,MHG2A22105001948,1,Positive Imbalance Above 10 Rate,INR,542.278,14.78,8014.87,130,12/04/2023 00:00:00,2022-2023,IC
Gail,16-1-44-16-1604-881,MHG2A22105001948,32,null,null,R,null,null,null,null,MHG2A22105001948,2,Negative Imbalance Above 5 Rate,INR,347.64,14.78,5138.12,130,12/04/2023 00:00:00,2022-2023,IC
Gail,16-1-44-16-1604-881,MHG2A22105001948,34,null,null,R,null,null,null,null,MHG2A22105001948,3,UnAuthorised Overrun Above 10%,INR,177.577,14.78,2624.59,130,12/04/2023 00:00:00,2022-2023,IC
Gail,16-1-44-16-1604-881,UPG2A23109000367,30,null,null,R,null,null,null,null,UPG2A23109000367,1,Positive Imbalance Above 10 Rate,INR,12893.171,3.75,48349.39,23,27/04/2023 00:00:00,2023-2024,IC
Gail,16-1-44-16-1604-881,UPG2A23109000367,32,null,null,R,null,null,null,null,UPG2A23109000367,2,Negative Imbalance Above 5 Rate,INR,97.077,3.75,364.04,23,27/04/2023 00:00:00,2023-2024,IC
Gail,16-1-44-16-1604-881,UPG2A23109000367,34,null,null,R,null,null,null,null,UPG2A23109000367,3,UnAuthorised Overrun Above 10%,INR,2.089,3.75,7.83,23,27/04/2023 00:00:00,2023-2024,IC
Gail,16-1-44-16-1604-881,UPG2A23109001176,30,null,null,R,null,null,null,null,UPG2A23109001176,1,Positive Imbalance Above 10 Rate,INR,1173.668,3.75,4401.26,49,03/05/2023 00:00:00,2023-2024,IC
Gail,16-1-44-16-1604-881,UPG2A23109001176,32,null,null,R,null,null,null,null,UPG2A23109001176,2,Negative Imbalance Above 5 Rate,INR,283.258,3.75,1062.22,49,03/05/2023 00:00:00,2023-2024,IC
Gail,16-1-44-16-1604-881,UPG2A23109001176,34,null,null,R,null,null,null,null,UPG2A23109001176,3,UnAuthorised Overrun Above 10%,INR,270.68,3.75,1015.05,49,03/05/2023 00:00:00,2023-2024,IC
Gail,16-1-44-16-1604-881,UPG2A23109003060,32,null,null,R,null,null,null,null,UPG2A23109003060,1,Negative Imbalance Above 5 Rate,INR,4580.002,3.75,17175.01,113,21/06/2023 00:00:00,2023-2024,IC
Gail,16-1-44-16-1604-881,UPG2A23109003060,34,null,null,R,null,null,null,null,UPG2A23109003060,2,UnAuthorised Overrun Above 10%,INR,1236.083,3.75,4635.31,113,21/06/2023 00:00:00,2023-2024,IC
Gail,16-1-44-16-1604-881,UPG2A23109003117,16,null,null,R,null,null,null,null,UPG2A23109003117,1,Transmission Charge,INR,19888.3,7.5,149162.29,113,21/06/2023 00:00:00,2023-2024,TC
Gail,16-1-44-16-1604-881,UPG2A23109003788,30,null,null,R,null,null,null,null,UPG2A23109003788,1,Positive Imbalance Above 10 Rate,INR,2304.68,3.75,813.07,113,04/07/2023 00:00:00,2023-2024,IC
Gail,16-1-44-16-1604-881,UPG2A23109003788,32,null,null,R,null,null,null,null,UPG2A23109003788,2,Negative Imbalance Above 5 Rate,INR,4838.092,3.75,8642.57,113,04/07/2023 00:00:00,2023-2024,IC
Gail,16-1-44-16-1604-881,UPG2A23109003788,34,null,null,R,null,null,null,null,UPG2A23109003788,3,UnAuthorised Overrun Above 10%,INR,216.818,3.75,18142.85,113,04/07/2023 00:00:00,2023-2024,IC
Gail,16-1-47-16-1601-1211,UPG2A23109000344,13,null,null,R,null,null,null,null,UPG2A23109000344,1,Negative Imbalance Rate,INR,4994.94,37.49,187260.3,23,26/04/2023 00:00:00,2023-2024,IC
Gail,16-1-47-16-1601-1211,UPG2A23109001086,43,null,null,R,null,null,null,null,UPG2A23109001086,1,Ship or Pay Charges,INR,18505.503,74.97,1387357.56,49,03/05/2023 00:00:00,2023-2024,TC
Gail,16-1-47-16-1601-1211,UPG2A23109001156,13,null,null,R,null,null,null,null,UPG2A23109001156,1,Negative Imbalance Rate,INR,159.809,37.49,5991.24,49,03/05/2023 00:00:00,2023-2024,IC
Gail,16-1-47-16-1601-1211,UPG2A23109001156,30,null,null,R,null,null,null,null,UPG2A23109001156,2,Positive Imbalance Above 10 Rate,INR,1299.997,37.49,48736.89,49,03/05/2023 00:00:00,2023-2024,IC
Gail,16-1-50-16-1601-92,UPG2A23109000394,32,null,null,R,null,null,null,null,UPG2A23109000394,1,Negative Imbalance Above 5 Rate,INR,4518.51,19.73,89150.2,23,28/04/2023 00:00:00,2023-2024,IC
Gail,16-1-51-16-1603-371,UPG2A23109007868,32,null,null,R,null,null,null,null,UPG2A23109007868,1,Negative Imbalance Above 5 Rate,INR,148.56,13.14,1952.08,113,20/09/2023 00:00:00,2023-2024,IC
Gail,16-1-56-16-1604-881,UPG2A23109003059,34,null,null,R,null,null,null,null,UPG2A23109003059,1,UnAuthorised Overrun Above 10%,INR,235.33,3.75,882.49,113,21/06/2023 00:00:00,2023-2024,IC
Gail,16-1-56-16-1604-881,UPG2A23109003116,16,null,null,R,null,null,null,null,UPG2A23109003116,1,Transmission Charge,INR,6367.69,7.5,47757.66,113,21/06/2023 00:00:00,2023-2024,TC
Gail,16-1-59-16-1603-371,UPG2A23109007869,32,null,null,R,null,null,null,null,UPG2A23109007869,1,Negative Imbalance Above 5 Rate,INR,80,3.95,316,113,20/09/2023 00:00:00,2023-2024,IC
Gail,16-1-59-16-1603-371,UPG2A23109008224,43,null,null,R,null,null,null,null,UPG2A23109008224,1,Ship or Pay Charges,INR,214,7.9,1690.6,130,04/10/2023 00:00:00,2023-2024,TC
Gail,16-1-64-16-1604-333,UPG2A23109009230,32,null,null,R,null,null,null,null,UPG2A23109009230,1,Negative Imbalance Above 5 Rate,INR,2524.179,13.14,33167.71,130,17/10/2023 00:00:00,2023-2024,IC
Gail,16-1-64-16-1604-333,UPG2A23109009990,30,null,null,R,null,null,null,null,UPG2A23109009990,1,Positive Imbalance Above 10 Rate,INR,4797.96,13.14,63045.19,130,02/11/2023 00:00:00,2023-2024,IC
Gail,16-1-71-16-1603-892,UPG2A23109009993,43,null,null,R,null,null,null,null,UPG2A23109009993,1,Ship or Pay Charges,INR,2035,22.9,46601.5,130,02/11/2023 00:00:00,2023-2024,TC
Gail,16-1-73-16-1604-1101,UPG2A24109016485,30,null,null,R,null,null,null,null,UPG2A24109016485,1,Positive Imbalance Above 10 Rate,INR,21.965,9.21,202.3,219,17/12/2024 00:00:00,2024-2025,IC
Gail,16-1-73-16-1604-1101,UPG2A24109016485,32,null,null,R,null,null,null,null,UPG2A24109016485,2,Negative Imbalance Above 5 Rate,INR,10.372,9.21,95.53,219,17/12/2024 00:00:00,2024-2025,IC
Gail,16-1-75-16-1603-701,UPG2A24109017280,16,null,null,R,null,null,null,null,UPG2A24109017280,1,Transmission Charge,INR,3300,25.63,84579,219,03/01/2025 00:00:00,2024-2025,TC
Gail,16-1-78-16-1601-451,UPG2A24109023295,16,null,null,R,null,null,null,null,UPG2A24109023295,1,Transmission Charge,INR,3620,18.42,66680.4,219,04/03/2025 00:00:00,2024-2025,TC
Gail,16-1-80-16-1604-1101,UPG2A25109008145,16,null,null,R,null,null,null,null,UPG2A25109008145,1,Transmission Charge,INR,1200,18.42,22104,219,02/07/2025 00:00:00,2025-2026,TC
Gail,16-1-80-16-1604-1101,UPG2A25109008451,32,null,null,R,null,null,null,null,UPG2A25109008451,1,Negative Imbalance Above 5 Rate,INR,170.256,9.21,1568.06,219,03/07/2025 00:00:00,2025-2026,IC
Gail,16-1-81-16-1604-1101,UPG2A25109008144,16,null,null,R,null,null,null,null,UPG2A25109008144,1,Transmission Charge,INR,2061.42,25.63,52834.24,219,02/07/2025 00:00:00,2025-2026,TC
Gail,16-1-81-16-1604-1101,UPG2A25109008146,16,null,null,R,null,null,null,null,UPG2A25109008146,1,Transmission Charge,INR,1931.53,25.63,49505.06,219,02/07/2025 00:00:00,2025-2026,TC
Gail,16-1-81-16-1604-1101,UPG2A25109008452,30,null,null,R,null,null,null,null,UPG2A25109008452,1,Positive Imbalance Above 10 Rate,INR,1290.679,12.82,16546.5,219,03/07/2025 00:00:00,2025-2026,IC
Gail,16-1-81-16-1604-1101,UPG2A25109008453,30,null,null,R,null,null,null,null,UPG2A25109008453,1,Positive Imbalance Above 10 Rate,INR,1327.049,12.82,17012.77,219,03/07/2025 00:00:00,2025-2026,IC
Gail,16-1-81-16-1604-1101,UPG2A25109008453,32,null,null,R,null,null,null,null,UPG2A25109008453,2,Negative Imbalance Above 5 Rate,INR,144.459,12.82,1851.96,219,03/07/2025 00:00:00,2025-2026,IC
Gail,16-1-81-16-1604-1101,UPG2A25109008536,34,null,null,R,null,null,null,null,UPG2A25109008536,1,UnAuthorised Overrun Above 10%,INR,7.062,12.82,90.53,219,03/07/2025 00:00:00,2025-2026,IC
Gail,16-1-81-16-1604-1101,UPG2A25109008537,34,null,null,R,null,null,null,null,UPG2A25109008537,1,UnAuthorised Overrun Above 10%,INR,156.085,12.82,2001.01,219,03/07/2025 00:00:00,2025-2026,IC
Gail,16-1-81-16-1604-1101,UPG2A25109009689,32,null,null,R,null,null,null,null,UPG2A25109009689,1,Negative Imbalance Above 5 Rate,INR,1200.407,12.82,15389.22,219,18/07/2025 00:00:00,2025-2026,IC
Gail,16-1-83-16-1604-1101,UPG2A25109009363,16,null,null,R,null,null,null,null,UPG2A25109009363,1,Transmission Charge,INR,1400,18.42,25788,219,17/07/2025 00:00:00,2025-2026,TC
Gail,16-1-83-16-1604-1101,UPG2A25109009366,16,null,null,R,null,null,null,null,UPG2A25109009366,1,Transmission Charge,INR,2650,18.42,48813,219,17/07/2025 00:00:00,2025-2026,TC
Gail,16-1-83-16-1604-1101,UPG2A25109009690,30,null,null,R,null,null,null,null,UPG2A25109009690,1,Positive Imbalance Above 10 Rate,INR,1338.231,12.82,17156.12,219,18/07/2025 00:00:00,2025-2026,IC
Gail,16-1-83-16-1604-1101,UPG2A25109009690,32,null,null,R,null,null,null,null,UPG2A25109009690,2,Negative Imbalance Above 5 Rate,INR,250.539,12.82,3211.91,219,18/07/2025 00:00:00,2025-2026,IC
Gail,16-1-83-16-1604-1101,UPG2A25109009691,30,null,null,R,null,null,null,null,UPG2A25109009691,1,Positive Imbalance Above 10 Rate,INR,3119.775,12.82,39995.52,219,18/07/2025 00:00:00,2025-2026,IC
Gail,16-1-84-16-1610-10000165,UPG2A25109009179,16,null,null,R,null,null,null,null,UPG2A25109009179,1,Transmission Charge,INR,12000,13.88,166560,219,18/07/2025 00:00:00,2025-2026,TC
Gail,16-1-84-16-1610-10000165,UPG2A25109009180,16,null,null,R,null,null,null,null,UPG2A25109009180,1,Transmission Charge,INR,24000,13.88,333120,219,18/07/2025 00:00:00,2025-2026,TC
Gail,16-1-85-16-1604-1134,UPG2A25109009151,16,null,null,R,null,null,null,null,UPG2A25109009151,1,Transmission Charge,INR,1710,45.91,78506.1,219,17/07/2025 00:00:00,2025-2026,TC
Gail,16-1-85-16-1604-1134,UPG2A25109009152,16,null,null,R,null,null,null,null,UPG2A25109009152,1,Transmission Charge,INR,10990,45.91,504550.9,219,17/07/2025 00:00:00,2025-2026,TC
Gail,16-1-85-16-1604-1134,UPG2A25109009154,16,null,null,R,null,null,null,null,UPG2A25109009154,1,Transmission Charge,INR,10000,45.91,459100,219,17/07/2025 00:00:00,2025-2026,TC
Gail,16-1-85-16-1604-1134,UPG2A25109009155,16,null,null,R,null,null,null,null,UPG2A25109009155,1,Transmission Charge,INR,23800,45.91,1092658,219,17/07/2025 00:00:00,2025-2026,TC
Gail,16-1-85-16-1604-1134,UPG2A25109009156,16,null,null,R,null,null,null,null,UPG2A25109009156,1,Transmission Charge,INR,3800.73,45.91,174491.51,219,17/07/2025 00:00:00,2025-2026,TC
Gail,1-1-1601-81L107-0-1-0-1,UPG2A23109004307,43,null,null,C,null,null,null,null,UPG2A23109004307,1,Ship or Pay Charges,INR,4090.45,39.45,161368.09,113,04/07/2023 00:00:00,2023-2024,TC
Gail,1-1-1601-84L110-0-1-0-4,UPG2A23109004013,43,null,null,C,null,null,null,null,UPG2A23109004013,1,Ship or Pay Charges,INR,727.07,74.97,54508.29,113,04/07/2023 00:00:00,2023-2024,TC
Gail,1-1-1601-85L111-0-1-0-5,UPG2A23109003934,32,null,null,C,null,null,null,null,UPG2A23109003934,1,Negative Imbalance Above 5 Rate,INR,50,37.49,1874.5,113,04/07/2023 00:00:00,2023-2024,IC
Gail,1-1-1601-82L114-0-1-0-2,UPG2A23109005598,43,null,null,C,null,null,null,null,UPG2A23109005598,1,Ship or Pay Charges,INR,3164.642,40,126585.68,113,02/08/2023 00:00:00,2023-2024,TC
Gail,1-1-1601-81L119-0-1-0-1,UPG2A23109005786,43,null,null,C,null,null,null,null,UPG2A23109005786,1,Ship or Pay Charges,INR,3034.113,40,121364.52,113,03/08/2023 00:00:00,2023-2024,TC
Gail,1-1-1601-83L121-0-1-0-3,UPG2A23109007669,32,null,null,C,null,null,null,null,UPG2A23109007669,1,Negative Imbalance Above 5 Rate,INR,.032,39.45,1.26,113,20/09/2023 00:00:00,2023-2024,IC
Gail,1-1-1601-84L122-0-1-0-4,UPG2A23109009611,43,null,null,C,null,null,null,null,UPG2A23109009611,1,Ship or Pay Charges,INR,7717.198,79,609658.64,130,02/11/2023 00:00:00,2023-2024,TC
Gail,1-1-1601-84L122-0-1-0-4,UPG2A23109010075,12,null,null,C,null,null,null,null,UPG2A23109010075,1,Positive Imbalance Rate,INR,.03,39.5,1.19,130,02/11/2023 00:00:00,2023-2024,IC
Gail,1-1-1601-82L124-0-1-0-2,UPG2A23109012482,16,null,null,C,null,null,null,null,UPG2A23109012482,1,Transmission Charge,INR,3905,40,156200,130,03/01/2024 00:00:00,2023-2024,TC
Gail,1-1-1601-81L126-0-1-0-1,UPG2A23109013293,34,null,null,C,null,null,null,null,UPG2A23109013293,1,UnAuthorised Overrun Above 10%,INR,241630.418,20,4832608.36,130,17/01/2024 00:00:00,2023-2024,IC
Gail,1-1-1601-81L126-0-1-0-1,UPG2A23109013339,16,null,null,C,null,null,null,null,UPG2A23109013339,1,Transmission Charge,INR,241785.42,40,9671416.72,130,17/01/2024 00:00:00,2023-2024,TC
Gail,1-1-1601-81L126-0-1-0-1,UPG2A23109013994,34,null,null,C,null,null,null,null,UPG2A23109013994,1,UnAuthorised Overrun Above 10%,INR,165137.195,20,3302743.9,130,02/02/2024 00:00:00,2023-2024,IC
Gail,1-1-1601-81L126-0-1-0-1,UPG2A23109014033,16,null,null,C,null,null,null,null,UPG2A23109014033,1,Transmission Charge,INR,165233.2,40,6609327.8,130,02/02/2024 00:00:00,2023-2024,TC
Gail,1-1-1601-82L126-0-1-0-2,UPG2A23109013488,32,null,null,C,null,null,null,null,UPG2A23109013488,1,Negative Imbalance Above 5 Rate,INR,206388.227,20,4127764.54,130,17/01/2024 00:00:00,2023-2024,IC
Gail,1-1-1601-82L126-0-1-0-2,UPG2A23109013527,16,null,null,C,null,null,null,null,UPG2A23109013527,1,Transmission Charge,INR,227214.25,40,9088570.08,130,17/01/2024 00:00:00,2023-2024,TC
Gail,1-1-1601-82L126-0-1-0-2,UPG2A23109014409,32,null,null,C,null,null,null,null,UPG2A23109014409,1,Negative Imbalance Above 5 Rate,INR,147445.044,20,2948900.88,130,02/02/2024 00:00:00,2023-2024,IC
Gail,1-1-1601-82L126-0-1-0-2,UPG2A23109014520,16,null,null,C,null,null,null,null,UPG2A23109014520,1,Transmission Charge,INR,144414.39,40,5776575.72,130,02/02/2024 00:00:00,2023-2024,TC
Gail,1-1-1604-811L128-0-1-0-11,UPG2A23109015077,16,null,null,C,null,null,null,null,UPG2A23109015077,1,Transmission Charge,INR,5500,26.28,144540,113,17/02/2024 00:00:00,2023-2024,TC
Gail,1-1-1604-811L128-0-1-0-11,UPG2A23109015214,30,null,null,C,null,null,null,null,UPG2A23109015214,1,Positive Imbalance Above 10 Rate,INR,4531.255,13.14,59540.69,113,17/02/2024 00:00:00,2023-2024,IC
Gail,1-1-1604-810L128-0-1-0-10,UPG2A23109015260,30,null,null,C,null,null,null,null,UPG2A23109015260,1,Positive Imbalance Above 10 Rate,INR,1263.03,13.14,16596.21,113,17/02/2024 00:00:00,2023-2024,IC
Gail,1-1-1604-88L128-0-1-0-8,UPG2A23109015347,16,null,null,C,null,null,null,null,UPG2A23109015347,1,Transmission Charge,INR,93520.37,26.28,2457715.43,113,17/02/2024 00:00:00,2023-2024,TC
Gail,1-1-1604-87L128-0-1-0-7,UPG2A23109016242,43,null,null,C,null,null,null,null,UPG2A23109016242,1,Ship or Pay Charges,INR,10350,26.28,271998,130,04/03/2024 00:00:00,2023-2024,TC
Gail,1-1-1604-89L128-0-1-0-9,UPG2A23109015479,30,null,null,C,null,null,null,null,UPG2A23109015479,1,Positive Imbalance Above 10 Rate,INR,717,13.14,9421.38,113,17/02/2024 00:00:00,2023-2024,IC
Gail,1-1-1604-89L134-0-1-0-9,UPG2A24109001975,16,null,null,C,null,null,null,null,UPG2A24109001975,1,Transmission Charge,INR,1300,26.28,34164,113,17/05/2024 00:00:00,2024-2025,TC
PipeInfra,18-1-1-18-1804-10000183,37114000202942,30,null,null,R,null,null,null,null,37114000202942,1,Positive Imbalance Above 10 Rate,INR,49.84,46.64,2325,130,17/10/2023 00:00:00,2023-2024,IC
PipeInfra,18-1-1-18-1804-10000183,37114000203493,30,null,null,R,null,null,null,null,37114000203493,1,Positive Imbalance Above 10 Rate,INR,119.6,46.64,5578,130,17/11/2023 00:00:00,2023-2024,IC
PipeInfra,1-1-1804-452S1-0-9-2-2,371131203789,30,null,null,C,null,null,null,null,371131203789,1,Positive Imbalance Above 10 Rate,INR,549.69,40.04,653.85,113,17/01/2025 00:00:00,2024-2025,IC
PipeInfra,1-1-1804-452S1-0-9-2-2,371131203789,32,null,null,C,null,null,null,null,371131203789,2,Negative Imbalance Above 5 Rate,INR,16.33,40.04,9885.54,113,17/01/2025 00:00:00,2024-2025,IC
PipeInfra,1-1-1804-452S1-0-9-2-2,371131203789,34,null,null,C,null,null,null,null,371131203789,3,UnAuthorised Overrun Above 10%,INR,246.89,40.04,22009.73,113,17/01/2025 00:00:00,2024-2025,IC
PipeInfra,1-1-1804-452S1-0-9-2-2,371131204076,30,null,null,C,null,null,null,null,371131204076,1,Positive Imbalance Above 10 Rate,INR,760.81,40.04,30462.68,219,04/02/2025 00:00:00,2024-2025,IC
PipeInfra,1-1-1804-452S1-0-9-2-2,371131204076,32,null,null,C,null,null,null,null,371131204076,2,Negative Imbalance Above 5 Rate,INR,290.63,40.04,11636.77,219,04/02/2025 00:00:00,2024-2025,IC
PipeInfra,1-1-1804-452S1-0-9-2-2,371131204076,34,null,null,C,null,null,null,null,371131204076,3,UnAuthorised Overrun Above 10%,INR,130.04,40.04,5206.77,219,04/02/2025 00:00:00,2024-2025,IC
PipeInfra,1-1-1804-452S1-0-9-2-2,371131204531,30,null,null,C,null,null,null,null,371131204531,1,Positive Imbalance Above 10 Rate,INR,143.58,40.04,5748.47,219,18/02/2025 00:00:00,2024-2025,IC
PipeInfra,1-1-1804-452S1-0-9-2-2,371131204531,32,null,null,C,null,null,null,null,371131204531,2,Negative Imbalance Above 5 Rate,INR,4.43,40.04,177.37,219,18/02/2025 00:00:00,2024-2025,IC
PipeInfra,1-1-1804-452S1-0-9-2-2,371131204633,30,null,null,C,null,null,null,null,371131204633,1,Positive Imbalance Above 10 Rate,INR,106.23,40.04,4253.58,219,04/03/2025 00:00:00,2024-2025,IC
PipeInfra,1-1-1804-452S1-0-9-2-2,371131204913,30,null,null,C,null,null,null,null,371131204913,1,Positive Imbalance Above 10 Rate,INR,34.43,0,1378.81,219,18/03/2025 00:00:00,2024-2025,IC
PipeInfra,1-1-1804-452S1-0-9-2-2,371131204913,32,null,null,C,null,null,null,null,371131204913,2,Negative Imbalance Above 5 Rate,INR,38.99,0,1561.43,219,18/03/2025 00:00:00,2024-2025,IC
PipeInfra,1-1-1804-452S1-0-9-2-2,371131205216,30,null,null,C,null,null,null,null,371131205216,1,Positive Imbalance Above 10 Rate,INR,37.56,40.04,1503.54,219,02/04/2025 00:00:00,2024-2025,IC
PipeInfra,1-1-1805-451S1-0-10-2-1,271131200789,30,null,null,C,null,null,null,null,271131200789,1,Positive Imbalance Above 10 Rate,INR,309.17,30.83,7285.44,113,17/01/2025 00:00:00,2024-2025,IC
PipeInfra,1-1-1805-451S1-0-10-2-1,271131200789,32,null,null,C,null,null,null,null,271131200789,2,Negative Imbalance Above 5 Rate,INR,296.58,30.83,9143.56,113,17/01/2025 00:00:00,2024-2025,IC
PipeInfra,1-1-1805-451S1-0-10-2-1,271131200789,34,null,null,C,null,null,null,null,271131200789,3,UnAuthorised Overrun Above 10%,INR,236.31,30.83,9531.72,113,17/01/2025 00:00:00,2024-2025,IC
PipeInfra,1-1-1805-451S1-0-10-2-1,271131200789,30,null,null,C,null,null,null,null,271131200789,1,Positive Imbalance Above 10 Rate,INR,309.17,30.83,9531.72,113,17/01/2025 00:00:00,2024-2025,IC
PipeInfra,1-1-1805-451S1-0-10-2-1,271131200789,32,null,null,C,null,null,null,null,271131200789,2,Negative Imbalance Above 5 Rate,INR,296.58,30.83,9143.56,113,17/01/2025 00:00:00,2024-2025,IC
PipeInfra,1-1-1805-451S1-0-10-2-1,271131200789,34,null,null,C,null,null,null,null,271131200789,3,UnAuthorised Overrun Above 10%,INR,236.31,30.83,7285.44,113,17/01/2025 00:00:00,2024-2025,IC
PipeInfra,1-1-1805-451S1-0-10-2-1,271131200837,30,null,null,C,null,null,null,null,271131200837,1,Positive Imbalance Above 10 Rate,INR,300.5,0,9264.62,219,04/02/2025 00:00:00,2024-2025,IC
PipeInfra,1-1-1805-451S1-0-10-2-1,271131200837,32,null,null,C,null,null,null,null,271131200837,2,Negative Imbalance Above 5 Rate,INR,247.45,0,7629.04,219,04/02/2025 00:00:00,2024-2025,IC
PipeInfra,1-1-1805-451S1-0-10-2-1,271131200837,34,null,null,C,null,null,null,null,271131200837,3,UnAuthorised Overrun Above 10%,INR,129.34,0,3987.64,219,04/02/2025 00:00:00,2024-2025,IC
PipeInfra,1-1-1805-451S1-0-10-2-1,271131200882,30,null,null,C,null,null,null,null,271131200882,1,Positive Imbalance Above 10 Rate,INR,5.74,30.83,176.95,219,18/02/2025 00:00:00,2024-2025,IC
PipeInfra,1-1-1805-451S1-0-10-2-1,271131200882,32,null,null,C,null,null,null,null,271131200882,2,Negative Imbalance Above 5 Rate,INR,16.85,30.83,519.47,219,18/02/2025 00:00:00,2024-2025,IC
PipeInfra,1-1-1805-451S1-0-10-2-1,271131200947,30,null,null,C,null,null,null,null,271131200947,1,Positive Imbalance Above 10 Rate,INR,15.37,30.83,474.14,219,04/03/2025 00:00:00,2024-2025,IC
PipeInfra,1-1-1805-451S1-0-10-2-1,271131200994,32,null,null,C,null,null,null,null,271131200994,1,Negative Imbalance Above 5 Rate,INR,1.43,30.83,43.7,219,18/03/2025 00:00:00,2024-2025,IC
PipeInfra,18-1-2-18-1804-10000182,37114000200583,32,null,null,R,null,null,null,null,37114000200583,1,Negative Imbalance Above 5 Rate,INR,34.86,42.96,1498,49,02/05/2023 00:00:00,2023-2024,IC
PipeInfra,18-1-2-18-1804-10000182,37114000201244,16,null,null,R,null,null,null,null,37114000201244,1,Transmission Charge,INR,91921.1,85.91,7896942,113,18/06/2023 00:00:00,2023-2024,TC
PipeInfra,18-1-2-18-1804-10000182,37114000201245,32,null,null,R,null,null,null,null,37114000201245,1,Negative Imbalance Above 5 Rate,INR,124.42,42.96,5345,113,18/06/2023 00:00:00,2023-2024,IC
PipeInfra,18-1-2-18-1804-10000182,37114000204883,32,null,null,R,null,null,null,null,37114000204883,1,Negative Imbalance Above 5 Rate,INR,38.9,44.12,1716,23,19/02/2024 00:00:00,2023-2024,IC
PipeInfra,18-1-6-18-1804-10000185,37114000200449,30,null,null,R,null,null,null,null,37114000200449,1,Positive Imbalance Above 10 Rate,INR,32.33,42.96,1389,23,21/04/2023 00:00:00,2023-2024,IC
PipeInfra,18-1-8-18-1805-451,27114000200804,30,null,null,R,null,null,null,null,27114000200804,1,Positive Imbalance Above 10 Rate,INR,13.44,39.33,529,113,16/03/2023 00:00:00,2022-2023,IC
PipeInfra,18-1-8-18-1805-451,27114000200804,32,null,null,R,null,null,null,null,27114000200804,2,Negative Imbalance Above 5 Rate,INR,3.58,39.33,141,113,16/03/2023 00:00:00,2022-2023,IC
PipeInfra,18-1-8-18-1805-451,27114000200853,32,null,null,R,null,null,null,null,27114000200853,1,Negative Imbalance Above 5 Rate,INR,43.65,39.33,1717,130,04/04/2023 00:00:00,2022-2023,IC
PipeInfra,18-1-8-18-1805-451,37114000201291,34,null,null,R,null,null,null,null,37114000201291,1,UnAuthorised Overrun Above 10%,INR,15.39,24.98,384,23,21/06/2023 00:00:00,2023-2024,IC
PipeInfra,18-1-8-18-1805-451,37114000201346,32,null,null,R,null,null,null,null,37114000201346,1,Negative Imbalance Above 5 Rate,INR,304.92,24.98,7617,49,04/07/2023 00:00:00,2023-2024,IC
PipeInfra,18-1-9-18-1804-10000185,37114000201177,30,null,null,R,null,null,null,null,37114000201177,1,Positive Imbalance Above 10 Rate,INR,9.13,42.95,392,23,22/06/2023 00:00:00,2023-2024,IC
PipeInfra,18-1-9-18-1804-10000185,37114000201460,30,null,null,R,null,null,null,null,37114000201460,1,Positive Imbalance Above 10 Rate,INR,49.31,42.96,2118,49,04/07/2023 00:00:00,2023-2024,IC
PipeInfra,18-1-9-18-1804-10000185,37114000201460,32,null,null,R,null,null,null,null,37114000201460,2,Negative Imbalance Above 5 Rate,INR,2846.21,42.96,122273,49,04/07/2023 00:00:00,2023-2024,IC
PipeInfra,18-1-9-18-1804-10000185,37114000201634,30,null,null,R,null,null,null,null,37114000201634,1,Positive Imbalance Above 10 Rate,INR,1600,44.12,70592,23,18/07/2023 00:00:00,2023-2024,IC
PipeInfra,18-1-9-18-1804-10000185,37114000202879,30,null,null,R,null,null,null,null,37114000202879,1,Positive Imbalance Above 10 Rate,INR,748.58,44.12,33027,130,17/10/2023 00:00:00,2023-2024,IC
PipeInfra,18-1-9-18-1804-10000185,37114000204804,30,null,null,R,null,null,null,null,37114000204804,1,Positive Imbalance Above 10 Rate,INR,509.01,44.12,22458,23,19/02/2024 00:00:00,2023-2024,IC
PipeInfra,18-1-9-18-1804-10000185,37114000205459,32,null,null,R,null,null,null,null,37114000205459,1,Negative Imbalance Above 5 Rate,INR,286.87,44.12,12657,23,03/04/2024 00:00:00,2023-2024,IC
PipeInfra,18-1-10-18-1804-10000182,37114000200664,32,null,null,R,null,null,null,null,37114000200664,1,Negative Imbalance Above 5 Rate,INR,.2,39.96,8,49,02/05/2023 00:00:00,2023-2024,IC
PipeInfra,18-1-11-18-1804-10000185,37114000200645,30,null,null,R,null,null,null,null,37114000200645,1,Positive Imbalance Above 10 Rate,INR,253.1,42.96,10873,49,02/05/2023 00:00:00,2023-2024,IC
PipeInfra,18-1-11-18-1804-10000185,37114000201173,30,null,null,R,null,null,null,null,37114000201173,1,Positive Imbalance Above 10 Rate,INR,12.49,33.74,1435,113,18/06/2023 00:00:00,2023-2024,IC
PipeInfra,18-1-11-18-1804-10000185,37114000201173,32,null,null,R,null,null,null,null,37114000201173,2,Negative Imbalance Above 5 Rate,INR,42.53,33.74,421,113,18/06/2023 00:00:00,2023-2024,IC
PipeInfra,18-1-11-18-1804-10000185,37114000201456,30,null,null,R,null,null,null,null,37114000201456,1,Positive Imbalance Above 10 Rate,INR,355.47,33.74,11994,49,04/07/2023 00:00:00,2023-2024,IC
PipeInfra,18-1-11-18-1804-10000185,37114000203388,32,null,null,R,null,null,null,null,37114000203388,1,Negative Imbalance Above 5 Rate,INR,8.17,31.41,257,130,17/11/2023 00:00:00,2023-2024,IC
PipeInfra,18-1-12-18-1804-10000185,37114000201175,30,null,null,R,null,null,null,null,37114000201175,1,Positive Imbalance Above 10 Rate,INR,4.75,42.96,204,23,22/06/2023 00:00:00,2023-2024,IC
PipeInfra,18-1-12-18-1804-10000185,37114000201458,30,null,null,R,null,null,null,null,37114000201458,1,Positive Imbalance Above 10 Rate,INR,95.64,42.96,4109,49,04/07/2023 00:00:00,2023-2024,IC
PipeInfra,18-1-12-18-1804-10000185,37114000202484,30,null,null,R,null,null,null,null,37114000202484,1,Positive Imbalance Above 10 Rate,INR,1262.21,44.12,55689,130,18/09/2023 00:00:00,2023-2024,IC
PipeInfra,18-1-12-18-1804-10000185,37114000202877,30,null,null,R,null,null,null,null,37114000202877,1,Positive Imbalance Above 10 Rate,INR,206.25,44.12,9100,130,17/10/2023 00:00:00,2023-2024,IC
PipeInfra,18-1-12-18-1804-10000185,37114000203390,30,null,null,R,null,null,null,null,37114000203390,1,Positive Imbalance Above 10 Rate,INR,36.71,44.12,1620,130,17/11/2023 00:00:00,2023-2024,IC
PipeInfra,18-1-12-18-1804-10000185,37114000203998,16,null,null,R,null,null,null,null,37114000203998,1,Transmission Charge,INR,222939.22,88.24,19672157,130,18/12/2023 00:00:00,2023-2024,TC
PipeInfra,18-1-12-18-1804-10000185,37114000205031,30,null,null,R,null,null,null,null,37114000205031,1,Positive Imbalance Above 10 Rate,INR,20.37,44.12,899,23,03/03/2024 00:00:00,2023-2024,IC
PipeInfra,18-1-15-18-1803-451,24114000200123,16,null,null,R,null,null,null,null,24114000200123,1,Transmission Charge,INR,12563.76,48.73,612232,23,21/06/2023 00:00:00,2023-2024,TC
PipeInfra,18-1-15-18-1803-451,24114000200123,16,null,null,R,null,null,null,null,24114000200123,1,Transmission Charge,INR,12563.76,48.73,612232,23,21/06/2023 00:00:00,2023-2024,TC
PipeInfra,18-1-15-18-1803-451,24114000200124,30,null,null,R,null,null,null,null,24114000200124,1,Positive Imbalance Above 10 Rate,INR,23.91,24.37,583,23,22/06/2023 00:00:00,2023-2024,IC
PipeInfra,18-1-15-18-1803-451,24114000200124,34,null,null,R,null,null,null,null,24114000200124,2,UnAuthorised Overrun Above 10%,INR,7.64,24.37,186,23,22/06/2023 00:00:00,2023-2024,IC
PipeInfra,18-1-15-18-1803-451,24114000200136,32,null,null,R,null,null,null,null,24114000200136,1,Negative Imbalance Above 5 Rate,INR,7.4,24.37,180,49,04/07/2023 00:00:00,2023-2024,IC
PipeInfra,18-1-16-18-1804-10000185,371131200939,32,null,null,R,null,null,null,null,371131200939,1,Negative Imbalance Above 5 Rate,INR,24.56,30.83,757.14,219,17/07/2024 00:00:00,2024-2025,IC
PipeInfra,18-1-16-18-1804-10000185,371131201188,32,null,null,R,null,null,null,null,371131201188,1,Negative Imbalance Above 5 Rate,INR,90.88,30.83,2801.78,23,02/08/2024 00:00:00,2024-2025,IC
PipeInfra,18-1-16-18-1804-10000185,371131201472,32,null,null,R,null,null,null,null,371131201472,1,Negative Imbalance Above 5 Rate,INR,4.49,30.83,138.39,219,19/08/2024 00:00:00,2024-2025,IC
PipeInfra,18-1-16-18-1804-10000185,371131201995,16,null,null,R,null,null,null,null,371131201995,1,Transmission Charge,INR,49159.07,81.14,3988766.97,219,18/07/2025 00:00:00,2025-2026,TC
PipeInfra,18-1-16-18-1804-10000185,37114000201307,32,null,null,R,null,null,null,null,37114000201307,1,Negative Imbalance Above 5 Rate,INR,1.18,33.74,40,23,22/06/2023 00:00:00,2023-2024,IC
PipeInfra,18-1-16-18-1804-10000185,37114000201454,30,null,null,R,null,null,null,null,37114000201454,1,Positive Imbalance Above 10 Rate,INR,11.71,33.74,395,49,04/07/2023 00:00:00,2023-2024,IC
PipeInfra,18-1-16-18-1804-10000185,37114000204800,30,null,null,R,null,null,null,null,37114000204800,1,Positive Imbalance Above 10 Rate,INR,690.8,31.41,21698,23,19/02/2024 00:00:00,2023-2024,IC
PipeInfra,18-1-16-18-1804-10000185,37114000205028,30,null,null,R,null,null,null,null,37114000205028,1,Positive Imbalance Above 10 Rate,INR,292.45,31.41,9186,23,03/03/2024 00:00:00,2023-2024,IC
PipeInfra,18-1-20-18-1804-10000182,371131200898,32,null,null,R,null,null,null,null,371131200898,1,Negative Imbalance Above 5 Rate,INR,10.4,40.57,423.17,219,19/05/2025 00:00:00,2025-2026,IC
PipeInfra,18-1-20-18-1804-10000182,371131202740,16,null,null,R,null,null,null,null,371131202740,1,Transmission Charge,INR,192204.82,81.14,15595499.11,219,05/11/2024 00:00:00,2024-2025,TC
PipeInfra,18-1-20-18-1804-10000182,371131204253,32,null,null,R,null,null,null,null,371131204253,1,Negative Imbalance Above 5 Rate,INR,54.18,40.57,2198.23,219,04/02/2025 00:00:00,2024-2025,IC
PipeInfra,18-1-20-18-1804-10000182,37114000203491,30,null,null,R,null,null,null,null,37114000203491,1,Positive Imbalance Above 10 Rate,INR,22.98,44.12,1014,130,17/11/2023 00:00:00,2023-2024,IC
PipeInfra,18-1-20-18-1804-10000182,37114000203751,30,null,null,R,null,null,null,null,37114000203751,1,Positive Imbalance Above 10 Rate,INR,.06,44.12,3,130,04/12/2023 00:00:00,2023-2024,IC
PipeInfra,18-1-20-18-1804-10000182,37114000204433,30,null,null,R,null,null,null,null,37114000204433,1,Positive Imbalance Above 10 Rate,INR,11.74,44.12,518,23,17/01/2024 00:00:00,2023-2024,IC
PipeInfra,18-1-20-18-1804-10000182,37114000204885,30,null,null,R,null,null,null,null,37114000204885,1,Positive Imbalance Above 10 Rate,INR,6.05,44.12,267,23,19/02/2024 00:00:00,2023-2024,IC
PipeInfra,18-1-20-18-1804-10000182,37114000205112,16,null,null,R,null,null,null,null,37114000205112,1,Transmission Charge,INR,36387.43,88.24,3210827,113,04/03/2024 00:00:00,2023-2024,TC
PipeInfra,18-1-20-18-1804-10000182,37114000205112,16,null,null,R,null,null,null,null,37114000205112,1,Transmission Charge,INR,36387.43,88.24,3210827,23,03/03/2024 00:00:00,2023-2024,TC
PipeInfra,18-1-23-18-1804-10000183,371130200242,30,null,null,R,null,null,null,null,371130200242,1,Positive Imbalance Above 10 Rate,INR,4.87,46.64,226.74,23,18/04/2024 00:00:00,2024-2025,IC
PipeInfra,18-1-23-18-1804-10000183,371131203973,30,null,null,R,null,null,null,null,371131203973,1,Positive Imbalance Above 10 Rate,INR,38.1,50.72,1932.11,113,17/01/2025 00:00:00,2024-2025,IC
PipeInfra,18-1-23-18-1804-10000183,371131204255,30,null,null,R,null,null,null,null,371131204255,1,Positive Imbalance Above 10 Rate,INR,65.23,50.72,3307.98,219,04/02/2025 00:00:00,2024-2025,IC
PipeInfra,18-1-25-18-1801-10000185,241131200250,32,null,null,R,null,null,null,null,241131200250,1,Negative Imbalance Above 5 Rate,INR,.16,30.83,5.41,219,17/10/2024 00:00:00,2024-2025,IC
PipeInfra,18-1-28-18-1801-10000182,241131200319,30,null,null,R,null,null,null,null,241131200319,1,Positive Imbalance Above 10 Rate,INR,1540.27,40.57,62488.34,219,19/11/2024 00:00:00,2024-2025,IC
PipeInfra,18-1-29-18-1801-10000183,241131200461,30,null,null,R,null,null,null,null,241131200461,1,Positive Imbalance Above 10 Rate,INR,.09,38.04,3.58,113,17/01/2025 00:00:00,2024-2025,IC
PipeInfra,18-1-33-18-1801-261,241131200533,16,null,null,R,null,null,null,null,241131200533,1,Transmission Charge,INR,16700,8.41,140447.36,219,18/02/2025 00:00:00,2024-2025,TC
PipeInfra,18-1-34-18-1801-10000185,241131200063,16,null,null,R,null,null,null,null,241131200063,1,Transmission Charge,INR,16328.53,81.14,1324897.37,219,02/05/2025 00:00:00,2025-2026,TC
PipeInfra,18-1-35-18-1801-10000182,241131200568,32,null,null,R,null,null,null,null,241131200568,1,Negative Imbalance Above 5 Rate,INR,8.75,4.21,36.58,219,04/03/2025 00:00:00,2024-2025,IC
PipeInfra,18-1-36-18-1801-10000185,241131200275,30,null,null,R,null,null,null,null,241131200275,1,Positive Imbalance Above 10 Rate,INR,153.73,30.83,4739.26,219,02/07/2025 00:00:00,2025-2026,IC
PipeInfra,18-1-38-18-1804-10000185,371131200129,16,null,null,R,null,null,null,null,371131200129,1,Transmission Charge,INR,125176.92,81.14,10156855.36,219,17/04/2025 00:00:00,2025-2026,TC
PipeInfra,18-1-41-18-1801-10000183,241131200213,16,null,null,R,null,null,null,null,241131200213,1,Transmission Charge,INR,20418.97,54.14,1105483.04,44,17/06/2025 00:00:00,2025-2026,TC
PipeInfra,18-1-41-18-1801-10000183,241131200213,16,null,null,R,null,null,null,null,241131200213,1,Transmission Charge,INR,20418.97,54.14,1105483.04,44,17/06/2025 00:00:00,2025-2026,TC
PipeInfra,18-1-41-18-1801-10000183,241131200213,16,null,null,R,null,null,null,null,241131200213,2,Transmission Charge,INR,20418.97,54.14,1105483.04,44,17/06/2025 00:00:00,2025-2026,TC
PipeInfra,18-1-43-18-1803-1461,241131200302,32,null,null,R,null,null,null,null,241131200302,1,Negative Imbalance Above 5 Rate,INR,1584.16,50.72,80348.38,219,02/07/2025 00:00:00,2025-2026,IC
PipeInfra,18-1-43-18-1803-1461,241131200302,34,null,null,R,null,null,null,null,241131200302,2,UnAuthorised Overrun Above 10%,INR,1039.16,50.72,52706.05,219,02/07/2025 00:00:00,2025-2026,IC
PipeInfra,18-1-46-18-1803-10000185,241131200336,16,null,null,R,null,null,null,null,241131200336,1,Transmission Charge,INR,6750,17.62,118934.8,219,18/07/2025 00:00:00,2025-2026,TC
GSPL,1-1-202-1341S1-0-1-0-1,IN23-24/485/0017,30,null,null,C,null,null,null,null,IN23-24/485/0017,1,Positive Imbalance Above 10 Rate,INR,225.19,10.62,2392.64,23,02/11/2023 00:00:00,2023-2024,IC
GSPL,1-1-202-1341S1-0-1-0-1,IN23-24/485/0020,16,null,null,C,null,null,null,null,IN23-24/485/0020,1,Transmission Charge,INR,8500,21.25,180625,23,02/11/2023 00:00:00,2023-2024,TC
GSPL,2-1-1-2-202-701,IN22-23/485/0047,30,null,null,R,null,null,null,null,IN22-23/485/0047,1,Positive Imbalance Above 10 Rate,INR,865.97,17.42,15085.2,113,05/01/2023 00:00:00,2022-2023,IC
GSPL,1-1-202-1351S1-0-2-0-1,IN23-24/485/0029,30,null,null,C,null,null,null,null,IN23-24/485/0029,1,Positive Imbalance Above 10 Rate,INR,1864.9,10.62,19814.56,23,02/02/2024 00:00:00,2023-2024,IC
GSPL,1-1-202-1351S1-0-2-0-1,IN23-24/485/0029,34,null,null,C,null,null,null,null,IN23-24/485/0029,2,UnAuthorised Overrun Above 10%,INR,6.96,10.62,73.95,23,02/02/2024 00:00:00,2023-2024,IC
GSPL,1-1-202-1351S1-0-2-0-1,IN23-24/485/0032,30,null,null,C,null,null,null,null,IN23-24/485/0032,1,Positive Imbalance Above 10 Rate,INR,401.49,10.62,4265.83,23,16/02/2024 00:00:00,2023-2024,IC
GSPL,1-1-202-1351S1-0-2-0-1,IN23-24/485/0032,32,null,null,C,null,null,null,null,IN23-24/485/0032,2,Negative Imbalance Above 5 Rate,INR,9.17,10.62,97.43,23,16/02/2024 00:00:00,2023-2024,IC
GSPL,1-1-202-1351S1-0-2-0-1,IN23-24/485/0035,32,null,null,C,null,null,null,null,IN23-24/485/0035,1,Negative Imbalance Above 5 Rate,INR,57.41,10.62,610,23,03/03/2024 00:00:00,2023-2024,IC
GSPL,1-1-202-1351S1-0-2-0-1,IN23-24/485/0035,32,null,null,C,null,null,null,null,IN23-24/485/0035,1,Negative Imbalance Above 5 Rate,INR,57.41,10.62,610,23,03/03/2024 00:00:00,2023-2024,IC
GSPL,1-1-202-1051S1-0-3-0-1,IN23-24/485/0010,16,null,null,C,null,null,null,null,IN23-24/485/0010,1,Transmission Charge,INR,6000,21.25,127500,23,17/10/2023 00:00:00,2023-2024,TC
GSPL,1-1-202-1051S1-0-3-0-1,IN23-24/485/0039,16,null,null,C,null,null,null,null,IN23-24/485/0039,1,Transmission Charge,INR,3200,21.25,68000,23,02/04/2024 00:00:00,2023-2024,TC
GSPL,1-1-202-1351S1-0-3-0-1,IN23-24/485/0038,30,null,null,C,null,null,null,null,IN23-24/485/0038,1,Positive Imbalance Above 10 Rate,INR,62.99,10.62,669.27,23,18/03/2024 00:00:00,2023-2024,IC
GSPL,1-1-202-1351S1-0-3-0-1,IN23-24/485/0038,32,null,null,C,null,null,null,null,IN23-24/485/0038,2,Negative Imbalance Above 5 Rate,INR,207.43,10.62,2203.94,23,18/03/2024 00:00:00,2023-2024,IC
GSPL,1-1-202-1351S1-0-3-0-1,IN23-24/485/0038,34,null,null,C,null,null,null,null,IN23-24/485/0038,3,UnAuthorised Overrun Above 10%,INR,45.39,10.62,482.27,23,18/03/2024 00:00:00,2023-2024,IC
GSPL,1-1-202-1351S1-0-3-0-1,IN23-24/485/0041,30,null,null,C,null,null,null,null,IN23-24/485/0041,1,Positive Imbalance Above 10 Rate,INR,1.89,10.62,20.08,23,02/04/2024 00:00:00,2023-2024,IC
GSPL,1-1-202-1351S1-0-3-0-1,IN23-24/485/0041,32,null,null,C,null,null,null,null,IN23-24/485/0041,2,Negative Imbalance Above 5 Rate,INR,24.63,10.62,261.69,23,02/04/2024 00:00:00,2023-2024,IC
GSPL,1-1-202-701S1-0-5-0-1,IN23-24/485/0011,16,null,null,C,null,null,null,null,IN23-24/485/0011,1,Transmission Charge,INR,60222.05,21.25,1279718.51,23,17/10/2023 00:00:00,2023-2024,TC
GSPL,1-1-202-701S1-0-5-0-1,IN23-24/485/0012,32,null,null,C,null,null,null,null,IN23-24/485/0012,1,Negative Imbalance Above 5 Rate,INR,31177.45,10.62,105131.72,23,17/10/2023 00:00:00,2023-2024,IC
GSPL,1-1-202-701S1-0-5-0-1,IN23-24/485/0012,34,null,null,C,null,null,null,null,IN23-24/485/0012,2,UnAuthorised Overrun Above 10%,INR,9894.75,10.62,331260.41,23,17/10/2023 00:00:00,2023-2024,IC
GSPL,1-1-202-701S1-0-5-0-1,IN23-24/485/0015,30,null,null,C,null,null,null,null,IN23-24/485/0015,1,Positive Imbalance Above 10 Rate,INR,1608.73,10.62,17092.76,23,02/11/2023 00:00:00,2023-2024,IC
GSPL,1-1-202-701S1-0-5-0-1,IN23-24/485/0015,34,null,null,C,null,null,null,null,IN23-24/485/0015,2,UnAuthorised Overrun Above 10%,INR,3894.27,10.62,41376.62,23,02/11/2023 00:00:00,2023-2024,IC
GSPL,1-1-202-701S1-0-5-0-1,IN23-24/485/0018,16,null,null,C,null,null,null,null,IN23-24/485/0018,1,Transmission Charge,INR,43361.35,21.25,921428.78,23,02/11/2023 00:00:00,2023-2024,TC
GSPL,1-1-202-701S1-0-5-0-1,IN23-24/485/0019,34,null,null,C,null,null,null,null,IN23-24/485/0019,1,UnAuthorised Overrun Above 10%,INR,5592.85,10.62,59424.03,23,02/11/2023 00:00:00,2023-2024,IC
GSPL,2-1-2-2-201-701,IN22-23/485/0054,32,null,null,R,null,null,null,null,IN22-23/485/0054,1,Negative Imbalance Above 5 Rate,INR,301.77,17.42,5256.83,169,08/03/2023 00:00:00,2022-2023,IC
GSPL,1-1-202-264S2-0-26-0-4,IN24-25/485/0008,30,null,null,C,null,null,null,null,IN24-25/485/0008,1,Positive Imbalance Above 10 Rate,INR,825.23,2,1650.46,219,04/12/2024 00:00:00,2024-2025,IC
GSPL,1-1-202-264S2-0-26-0-4,IN24-25/485/0008,32,null,null,C,null,null,null,null,IN24-25/485/0008,2,Negative Imbalance Above 5 Rate,INR,.37,2,.74,219,04/12/2024 00:00:00,2024-2025,IC
GSPL,1-1-202-264S2-0-26-0-4,IN24-25/485/0010,30,null,null,C,null,null,null,null,IN24-25/485/0010,1,Positive Imbalance Above 10 Rate,INR,2.22,2,69.3,219,17/12/2024 00:00:00,2024-2025,IC
GSPL,1-1-202-264S2-0-26-0-4,IN24-25/485/0010,32,null,null,C,null,null,null,null,IN24-25/485/0010,2,Negative Imbalance Above 5 Rate,INR,55.48,2,4.44,219,17/12/2024 00:00:00,2024-2025,IC
GSPL,1-1-202-264S2-0-26-0-4,IN24-25/485/0010,34,null,null,C,null,null,null,null,IN24-25/485/0010,3,UnAuthorised Overrun Above 10%,INR,34.65,2,110.96,219,17/12/2024 00:00:00,2024-2025,IC
GSPL,1-1-202-264S2-0-26-0-4,IN24-25/485/0012,30,null,null,C,null,null,null,null,IN24-25/485/0012,1,Positive Imbalance Above 10 Rate,INR,240.74,2,481.48,219,02/01/2025 00:00:00,2024-2025,IC
GSPL,2-1-4-2-203-1000022,IN23-24/485/0003,32,null,null,R,null,null,null,null,IN23-24/485/0003,1,Negative Imbalance Above 5 Rate,INR,1,3.95,3.95,23,03/08/2023 00:00:00,2023-2024,IC
GSIGLIM,19-1-1-19-1901-10000192,RJ0110500016,43,null,null,R,null,null,null,null,RJ0110500016,1,Ship or Pay Charges,INR,3244,11.45,37143.8,113,24/08/2023 00:00:00,2023-2024,TC
