COMPANY_CD,FINANCIAL_YEAR,COUNTERPARTY_CD,AGMT_NO,AGMT_REV,CONT_NO,CONT_REV,CONTRACT_TYPE,BU_UNIT,PLANT_SEQ,INVOICE_NO,INVOICE_SEQ,INVOICE_ID_SEQ,DR_CR_REF_NO,DR_CR_NO,CRITERIA,DR_CR_FLAG,DR_CR_SEQ,ITEM_DESCRIPTION,LINE_SEQ,ITEM_CD,ITEM_EFF_DT,ITEM_AMT,ITEM_DIFF_AMT,ITEM_DIFF_VALUE
RIL,2021-2022,C-1-8-6-0,8,0,6,0,O,1,9,L00036/21-22,36,36,C0002/21-22,C0002/21-22,10,CR,null,null,1,10,null,null,null,null
RIL,2019-2020,L-1-1-0,1,0,1,0,L,1,15,0115/19-20,115,115,D018/19-20,D018/19-20,1,DR,null,null,1,1,null,71.325,71.925,-0.6000
RIL,2016-2017,C-1-3-3-0,3,0,3,0,O,1,2,0001@2016-2017,1,1,null,null,1,DR,null,null,1,1,null,66.375,66.555,-0.1800
RIL,2016-2017,C-1-3-24-0,3,0,24,0,O,1,2,0228@2016-2017,228,228,0001/16-17,0001/16-17,10,CR,null,null,1,10,null,null,null,null
RIL,2016-2017,C-1-3-24-0,3,0,24,0,O,1,3,0229@2016-2017,229,229,0002/16-17,0002/16-17,10,CR,null,null,1,10,null,null,null,null
RIL,2016-2017,C-1-3-24-0,3,0,24,0,O,1,5,0230@2016-2017,230,230,0003/16-17,0003/16-17,10,CR,null,null,1,10,null,null,null,null
RIL,2016-2017,C-1-3-24-0,3,0,24,0,O,1,9,0239@2016-2017,239,239,0004/16-17,0004/16-17,10,CR,null,null,1,10,null,null,null,null
RIL,2017-2018,C-1-4-15-0,4,0,15,0,O,1,2,0137@2017-2018,137,137,0003/17-18,0003/17-18,10,CR,null,null,1,10,null,null,null,null
RIL,2017-2018,C-1-4-16-0,4,0,16,0,O,1,2,0145@2017-2018,145,145,0004/17-18,0004/17-18,10,CR,null,null,1,10,null,null,null,null
RIL,2020-2021,C-1-8-2-0,8,0,2,0,O,1,1,L00528/20-21,528,528,C0005/20-21,C0005/20-21,10,CR,null,null,1,10,null,null,null,null
MGL,2020-2021,25,6,0,6,0,S,1,1,S0363/20-21,363,363,D002/21-22,D002/21-22,10,DR,null,null,1,10,null,null,null,null
MGL,2024-2025,33Tranche1,6,0,16,2,S,2,2,SMH0039/24-25,39,39,DMH014/24-25,DMH014/24-25,1,DR,null,null,1,1,null,83.565,83.66,-0.0950
MGL,2024-2025,33Tranche1,6,0,16,2,S,2,2,SMH0043/24-25,43,43,DMH015/24-25,DMH015/24-25,1,DR,null,null,1,1,null,83.745,83.81,-0.0650
GSPCL,2018-2019,C-3-12018-12-0,12018,0,12,0,O,1,1,00472/18-19,472,472,C006/18-19,C006/18-19,1,CR,null,null,1,1,null,70.215,69.915,0.3000
GSPCL,2019-2020,117,1,0,105,3,S,1,1,0095/19-20,95,95,D006/19-20,D006/19-20,1,DR,null,null,1,1,null,71.425,71.485,-0.0600
Gail,2023-2024,C-4-10722-21-0,10722,0,21,0,O,1,1,L00025/23-24,25,25,C0003/23-24,C0003/23-24,2,CR,null,null,1,2,null,.76,.75,0.0100
Gail,2019-2020,22,2,0,1,1,S,1,1,0024/19-20,24,24,C002/19-20,C002/19-20,10,CR,null,null,1,10,null,null,null,null
Gail,2019-2020,24,2,1,3,1,S,1,1,0096/19-20,96,96,D007/19-20,D007/19-20,1,DR,null,null,1,1,null,71.425,71.485,-0.0600
Gail,2020-2021,C-4-10519-1-0,10519,0,1,0,O,1,1,L00113/20-21,113,113,D0001/20-21,D0001/20-21,1,DR,null,null,1,1,null,75.425,75.995,-0.5700
Gail,2025-2026,X-4-13-0,0,0,13,0,X,2,3,2SMH0015/25-26,15,15,2CRMH0003/25-26,2CRMH0003/25-26,6,CR,null,OTHERS,1,6,null,null,null,null
KRIBHCO,2019-2020,L-19-1-0,19,0,1,0,L,1,1,0121/19-20,121,121,C003/19-20,C003/19-20,2,CR,null,null,1,2,null,5.97,5.966,0.0040
KRIBHCO,2020-2021,L-25-1-0,25,0,1,0,L,1,1,S0368/20-21,368,368,D009/21-22,D009/21-22,10,DR,null,null,1,10,null,null,null,null
KRIBHCO,2023-2024,L-33-1-0,33,0,1,0,L,1,1,S0008/23-24,8,8,C007/23-24,C007/23-24,1,CR,null,null,1,1,null,82.45,82.25,0.2000
DFPCL,2022-2023,05,2,0,5,0,S,2,1,SMH0128/22-23,128,128,DMH008/22-23,DMH008/22-23,10,DR,null,Imbalance charges,1,10,null,null,null,null
DFPCL,2022-2023,05,2,0,5,0,S,2,1,SMH0139/22-23,139,139,DMH011/22-23,DMH011/22-23,10,DR,null,Ship or Pay charges for Dec-22,1,10,null,null,null,null
DFPCL,2022-2023,06,2,0,6,0,S,2,1,SMH0152/22-23,152,152,DMH016/22-23,DMH016/22-23,10,DR,null, Ship or Pay Charges,1,10,null,null,null,null
DFPCL,2022-2023,05,2,0,5,0,S,2,1,SMH0049/22-23,49,49,DMH001/22-23,DMH001/22-23,10,DR,null,Monthly Ship or pay,1,10,null,null,null,null
DFPCL,2023-2024,06,2,0,6,0,S,2,1,SMH0003/23-24,3,3,CMH001/23-24,CMH001/23-24,1,CR,null,null,1,1,null,82.025,81.825,0.2000
DFPCL,2022-2023,06,2,0,6,0,S,2,1,SMH0193/22-23,193,193,DMH031/22-23,DMH031/22-23,10,DR,null,Ship or Pay Charges,1,10,null,null,null,null
IGL,2024-2025,X-23-52-0,0,0,52,0,X,1,2,S0154/24-25,154,154,D018/24-25,D018/24-25,6,DR,null,OTHERS,1,6,null,null,null,null
IGL,2024-2025,X-23-52-0,0,0,52,0,X,1,2,S0172/24-25,172,172,D021/24-25,D021/24-25,6,DR,null,OTHERS,1,6,null,null,null,null
IGL,2022-2023,X-23-3-0,0,0,3,0,X,1,1,S0084/22-23,84,84,C002/22-23,C002/22-23,10,CR,null,null,1,10,null,null,null,null
IGL,2022-2023,X-23-4-0,0,0,4,0,X,1,1,S0085/22-23,85,85,C003/22-23,C003/22-23,10,CR,null,null,1,10,null,null,null,null
IGL,2024-2025,X-23-51-0,0,0,51,0,X,1,2,S0128/24-25,128,128,D011/24-25,D011/24-25,6,DR,null,OTHERS,1,6,null,null,null,null
IGL,2024-2025,X-23-51-0,0,0,51,0,X,1,2,S0134/24-25,134,134,D014/24-25,D014/24-25,6,DR,null,OTHERS,1,6,null,null,null,null
HPCL,2024-2025,34,2,0,26,0,S,1,4,S0253/24-25,253,253,D034/24-25,D034/24-25,10,DR,null, Imbalance Charges,1,10,null,null,null,null
HPCL,2024-2025,34,2,0,26,0,S,1,4,S0242/24-25,242,242,D032/24-25,D032/24-25,10,DR,null, Imbalance- Ship or Pay charges,1,10,null,null,null,null
HPCL,2024-2025,34,2,0,26,0,S,1,4,S0242/24-25,242,242,D033/24-25,D033/24-25,10,DR,null,OTHERS:OTHERS,2,10,null,null,null,null
HPCL,2023-2024,31,2,0,20,0,S,2,3,SMH0178/23-24,178,178,DMH034/23-24,DMH034/23-24,1,DR,null,null,1,1,null,83.025,83.05,-0.0250
HPCL,2023-2024,31,2,0,20,0,S,2,3,SMH0185/23-24,185,185,CMH016/23-24,CMH016/23-24,1,CR,null,null,1,1,null,82.915,82.89,0.0250
HPCL,2023-2024,29,2,0,18,0,S,1,2,S0087/23-24,87,87,C011/23-24,C011/23-24,2,CR,null,null,1,2,null,12.5024,12.488,0.0144
HPCL,2024-2025,33,2,0,24,0,S,2,3,SMH0049/24-25,49,49,CMH012/24-25,CMH012/24-25,1,CR,null,null,1,1,null,84.36,83.84,0.5200
HPCL,2024-2025,33,2,0,24,0,S,2,3,SMH0054/24-25,54,54,CMH013/24-25,CMH013/24-25,1,CR,null,null,1,1,null,84.29,83.98,0.3100
HPCL,2024-2025,32,2,1,21,0,S,2,3,SMH0014/24-25,14,14,CMH004/24-25,CMH004/24-25,1,CR,null,null,1,1,null,83.495,83.42,0.0750
HPCL,2019-2020,19,2,0,5,0,S,1,1,0005/19-20,5,5,C001/19-20,C001/19-20,10,CR,null,null,1,10,null,null,null,null
GSFC,2019-2020,3,1,0,3,0,S,1,1,0097/19-20,97,97,D008/19-20,D008/19-20,1,DR,null,null,1,1,null,71.425,71.485,-0.0600
AMNS,2021-2022,C-33-11921-9-0,11921,0,9,0,O,1,1,L00134/21-22,134,134,C0003/21-22,C0003/21-22,10,CR,null,null,1,10,null,null,null,null
AMNS,2020-2021,60,1,0,15,0,S,1,1,S0364/20-21,364,364,D003/21-22,D003/21-22,10,DR,null,null,1,10,null,null,null,null
AMNS,2021-2022,65,1,0,21,0,S,1,2,S0191/21-22,191,191,C006/21-22,C006/21-22,10,CR,null,null,1,10,null,null,null,null
AMNS,2022-2023,69,1,0,24,0,S,2,3,SMH0087/22-23,87,87,DMH002/22-23,DMH002/22-23,10,DR,null,Imbalance Charges,1,10,null,null,null,null
AMNS,2022-2023,69,1,0,24,0,S,2,3,SMH0093/22-23,93,93,DMH004/22-23,DMH004/22-23,10,DR,null, Imbalance and Ship or Pay charges,1,10,null,null,null,null
AMNS,2022-2023,69,1,0,24,0,S,2,3,SMH0103/22-23,103,103,DMH006/22-23,DMH006/22-23,10,DR,null, Imbalance Charges,1,10,null,null,null,null
AMNS,2023-2024,C-33-11921-29-0,11921,0,29,0,O,1,1,L00002/23-24,2,2,C0001/23-24,C0001/23-24,1,CR,null,null,1,1,null,82.025,81.825,0.2000
AMNS,2023-2024,C-33-11921-31-0,11921,0,31,0,O,1,1,L00020/23-24,20,20,C0004/23-24,C0004/23-24,10,CR,null,null,1,10,null,null,null,null
AMNS,2016-2017,C-33-12017-1-0,12017,0,1,0,O,1,1,0669@2016-2017,669,669,0005/16-17,0005/16-17,10,CR,null,null,1,10,null,null,null,null
AMNS,2019-2020,C-33-11719-2-0,11719,0,2,0,O,1,1,00692/19-20,692,692,D001/19-20,D001/19-20,1,DR,null,null,1,1,null,71.425,71.485,-0.0600
AMNS,2025-2026,,1,2,39,0,S,3,5,2SAP0008/25-26,8,8,2CRAP0004/25-26,2CRAP0004/25-26,6,CR,null,OTHERS,1,6,null,null,null,null
AMNS,2025-2026,,1,2,39,0,S,2,3,2SMH0036/25-26,36,36,2CRMH0006/25-26,2CRMH0006/25-26,10,CR,null,DIFF-PRICE,1,10,null,null,null,null
AMNS,2024-2025,SN 78,1,1,38,0,S,2,3,SMH0116/24-25,116,116,2DRMH0012/25-26,2DRMH0012/25-26,3,DR,null,null,1,3,null,null,null,null
SEMTPL,2024-2025,SN-19,1,0,21,0,S,2,9,SMH0067/24-25,67,67,DMH028/24-25,DMH028/24-25,10,DR,null,OTHERS:OTHERS,1,10,null,null,null,null
SEMTPL,2024-2025,SN-19,1,0,21,0,S,3,13,SAP0032/24-25,32,32,CAP002/24-25,CAP002/24-25,2,CR,null,null,1,2,null,10.3632,10.16,0.2032
SEMTPL,2023-2024,14,1,2,14,0,S,2,7,SMH0118/23-24,118,118,CMH014/23-24,CMH014/23-24,3,CR,null,null,1,3,null,null,null,null
SEMTPL,2023-2024,14,1,1,14,0,S,2,7,SMH0044/23-24,44,44,DMH013/23-24,DMH013/23-24,10,DR,null, Imbalance Charges,1,10,null,null,null,null
SEMTPL,2023-2024,14,1,2,14,0,S,2,7,SMH0054/23-24,54,54,DMH016/23-24,DMH016/23-24,10,DR,null, Diff Price for SMH0054/23-24 Period from 16-19-Ju,1,10,null,null,null,null
SEMTPL,2024-2025,SN-19,1,0,21,0,S,2,9,SMH0067/24-25,67,67,CMH016/24-25,CMH016/24-25,1,CR,null,null,1,1,null,84.51,84.085,0.4250
SEMTPL,2019-2020,02,1,0,2,0,S,1,1,0101/19-20,101,101,D012/19-20,D012/19-20,1,DR,null,null,1,1,null,71.425,71.485,-0.0600
SEMTPL,2024-2025,SN-19,1,0,21,0,S,3,12,SAP0031/24-25,31,31,CAP001/24-25,CAP001/24-25,3,CR,null,null,1,3,null,null,null,null
SEMTPL,2025-2026,,1,0,22,0,S,3,13,2SAP0004/25-26,4,4,2CRAP0003/25-26,2CRAP0003/25-26,3,CR,null,null,1,3,null,null,null,null
SEMTPL,2025-2026,,1,1,24,0,S,1,10,2SGJ0088/25-26,88,88,2DRGJ0003/25-26,2DRGJ0003/25-26,10,DR,null,Transportation charges from Hazira to Mhaskal,1,10,null,null,null,null
SGIPL,2020-2021,15,1,1,15,0,S,1,1,S0365/20-21,365,365,D004/21-22,D004/21-22,10,DR,null,null,1,10,null,null,null,null
SGIPL,2020-2021,15,1,1,15,0,S,1,2,S0366/20-21,366,366,D005/21-22,D005/21-22,10,DR,null,null,1,10,null,null,null,null
SGIPL,2020-2021,13,1,0,13,0,S,1,3,S0235/20-21,235,235,D045/20-21,D045/20-21,7,DR,null,15% VAT required less 6% VAT already collected thr,1,7,null,null,null,null
SGIPL,2020-2021,13,1,0,13,0,S,1,3,S0254/20-21,254,254,D048/20-21,D048/20-21,7,DR,null,15% VAT required less 6% VAT already collected thr,1,7,null,null,null,null
SGIPL,2019-2020,2-0,1,1,2,0,S,1,2,0098/19-20,98,98,D009/19-20,D009/19-20,1,DR,null,null,1,1,null,71.425,71.485,-0.0600
SGIPL,2019-2020,11-0,1,0,11,0,S,1,2,0099/19-20,99,99,D010/19-20,D010/19-20,1,DR,null,null,1,1,null,71.425,71.485,-0.0600
PGPGPL,2023-2024,06,1,0,14,0,S,1,1,S0083/23-24,83,83,C012/23-24,C012/23-24,2,CR,null,null,1,2,null,12.812,12.8057,0.0063
PGPGPL,2023-2024,06,1,0,14,0,S,1,2,S0084/23-24,84,84,C013/23-24,C013/23-24,2,CR,null,null,1,2,null,12.812,12.8057,0.0063
HCG,2020-2021,03,1,0,3,0,S,1,1,S0371/20-21,371,371,D001/21-22,D001/21-22,10,DR,null, Imbalance Charges,1,10,null,null,null,null
HCG,2020-2021,01,1,0,1,0,S,1,1,S0369/20-21,369,369,D006/21-22,D006/21-22,10,DR,null,null,1,10,null,null,null,null
HCG,2020-2021,2-0,1,0,2,0,S,1,1,S0370/20-21,370,370,D007/21-22,D007/21-22,10,DR,null,null,1,10,null,null,null,null
HCG,2024-2025,SN08 T2,1,0,9,0,S,1,1,S0161/24-25,161,161,D020/24-25,D020/24-25,10,DR,null, Imbalance Charges.,1,10,null,null,null,null
HCG,2024-2025,SN08 T1,1,0,8,0,S,1,1,S0180/24-25,180,180,C005/24-25,C005/24-25,1,CR,null,null,1,1,null,84.29,83.98,0.3100
HCG,2024-2025,SN08 T1,1,0,8,0,S,1,1,S0145/24-25,145,145,C003/24-25,C003/24-25,1,CR,null,null,1,1,null,84.18,83.81,0.3700
HCG,2024-2025,SN08 T1,1,0,8,0,S,1,1,S0193/24-25,193,193,C006/24-25,C006/24-25,1,CR,null,null,1,1,null,84.37,83.73,0.6400
HCG,2023-2024,06,1,0,6,0,S,1,1,S0190/23-24,190,190,D014/23-24,D014/23-24,10,DR,null, Imbalance Charges ,1,10,null,null,null,null
HCG,2023-2024,06,1,0,6,0,S,1,1,S0166/23-24,166,166,D008/23-24,D008/23-24,10,DR,null, Imbalance charges,1,10,null,null,null,null
HCG,2023-2024,06,1,0,6,0,S,1,1,S0228/23-24,228,228,C028/23-24,C028/23-24,1,CR,null,null,1,1,null,83.345,83.16,0.1850
HCG,2023-2024,06,1,0,6,0,S,1,1,S0350/23-24,350,350,D032/23-24,D032/23-24,3,DR,null,null,1,3,null,null,null,null
HCG,2023-2024,06,1,0,6,0,S,1,1,S0370/23-24,370,370,D039/23-24,D039/23-24,1,DR,null,null,1,1,null,83.025,83.05,-0.0250
HCG,2023-2024,05,1,0,5,0,S,1,1,S0061/23-24,61,61,D001/23-24,D001/23-24,10,DR,null, Imbalance charges,1,10,null,null,null,null
HCG,2023-2024,06,1,0,6,0,S,1,1,S0175/23-24,175,175,D010/23-24,D010/23-24,10,DR,null, Imbalance Quantity ,1,10,null,null,null,null
HCG,2023-2024,06,1,0,6,0,S,1,1,S0215/23-24,215,215,D022/23-24,D022/23-24,10,DR,null, Imbalance Charges,1,10,null,null,null,null
HCG,2023-2024,06,1,0,6,0,S,1,1,S0262/23-24,262,262,D024/23-24,D024/23-24,1,DR,null,null,1,1,null,83.205,83.335,-0.1300
HCG,2023-2024,06,1,0,6,0,S,1,1,S0390/23-24,390,390,C036/23-24,C036/23-24,1,CR,null,null,1,1,null,82.915,82.89,0.0250
HCG,2023-2024,06,1,0,6,0,S,1,1,S0320/23-24,320,320,D026/23-24,D026/23-24,10,DR,null,Imbalance charges,1,10,null,null,null,null
HCG,2023-2024,06,1,1,6,0,S,1,1,S0438/23-24,438,438,D046/23-24,D046/23-24,6,DR,null,OTHERS,1,6,null,null,null,null
HCG,2023-2024,06,1,1,6,0,S,1,1,S0438/23-24,438,438,D002/24-25,D002/24-25,1,DR,null,DIFF-EXG,2,1,null,83.375,83.4,-0.0250
HCG,2024-2025,SN08 T1,1,0,8,0,S,1,1,S0160/24-25,160,160,C004/24-25,C004/24-25,1,CR,null,null,1,1,null,84.36,83.84,0.5200
HCG,2024-2025,SN08 T1,1,0,8,0,S,1,1,S0201/24-25,201,201,C008/24-25,C008/24-25,1,CR,null,null,1,1,null,84.1,83.98,0.1200
HCG,2023-2024,06,1,0,6,0,S,1,1,S0403/23-24,403,403,C040/23-24,C040/23-24,1,CR,null,null,1,1,null,82.975,82.97,0.0050
HCG,2024-2025,07,1,0,7,0,S,1,1,S0179/24-25,179,179,D022/24-25,D022/24-25,10,DR,null, Imbalance Charges,1,10,null,null,null,null
HCG,2024-2025,07,1,0,7,0,S,1,1,S0065/24-25,65,65,D007/24-25,D007/24-25,10,DR,null, Imbalance Charges,1,10,null,null,null,null
GGL,2022-2023,07,1,0,8,0,S,1,1,S0022/22-23,22,22,D004/22-23,D004/22-23,10,DR,null, Imbalance,1,10,null,null,null,null
GGL,2024-2025,08,1,0,9,0,S,2,3,SMH0065/24-25,65,65,DMH025/24-25,DMH025/24-25,1,DR,null,null,1,1,null,84.085,84.09,-0.0050
GGL,2024-2025,08,1,0,9,0,S,2,3,SMH0070/24-25,70,70,DMH029/24-25,DMH029/24-25,1,DR,null,null,1,1,null,84.105,84.29,-0.1850
GGL,2024-2025,08,1,0,9,0,S,2,3,SMH0192/23-24,192,192,CMH001/24-25,CMH001/24-25,6,CR,null,OTHERS,1,6,null,null,null,null
GGL,2024-2025,08,1,0,9,0,S,2,3,SMH0044/24-25,44,44,DMH016/24-25,DMH016/24-25,1,DR,null,null,1,1,null,83.745,83.81,-0.0650
GGL,2024-2025,08,1,0,9,0,S,2,3,SMH0058/24-25,58,58,CMH014/24-25,CMH014/24-25,1,CR,null,null,1,1,null,83.945,83.73,0.2150
GGL,2020-2021,01,1,0,1,0,S,1,1,S0367/20-21,367,367,D008/21-22,D008/21-22,10,DR,null,null,1,10,null,null,null,null
GGL,2021-2022,04,1,0,5,0,S,1,1,S0146/21-22,146,146,C005/21-22,C005/21-22,3,CR,null,null,1,3,null,null,null,null
GGL,2022-2023,07,1,0,8,0,S,1,2,S0079/22-23,79,79,D013/22-23,D013/22-23,10,DR,null,Monthly Ship or pay,1,10,null,null,null,null
GGL,2022-2023,04,1,0,5,0,S,1,1,S0268/22-23,268,268,D028/22-23,D028/22-23,10,DR,null,Transportation Charges,1,10,null,null,null,null
GGL,2023-2024,04,1,0,5,0,S,1,1,S0127/23-24,127,127,D007/23-24,D007/23-24,10,DR,null,Natural Gas (Delivered) for gas day 14-Sep-23. Inv,1,10,null,null,null,null
GGL,2023-2024,04,1,0,5,0,S,1,1,S0004/23-24,4,4,C005/23-24,C005/23-24,1,CR,null,null,1,1,null,82.025,81.825,0.2000
GGL,2024-2025,08,1,0,9,0,S,2,3,SMH0017/24-25,17,17,CMH006/24-25,CMH006/24-25,1,CR,null,null,1,1,null,83.515,83.34,0.1750
GGL,2024-2025,08,1,0,9,0,S,2,3,SMH0032/24-25,32,32,DMH007/24-25,DMH007/24-25,1,DR,null,null,1,1,null,83.425,83.49,-0.0650
GGL,2024-2025,08,1,0,9,0,S,2,3,SMH0037/24-25,37,37,DMH012/24-25,DMH012/24-25,1,DR,null,null,1,1,null,83.565,83.66,-0.0950
GGL,2024-2025,08,1,0,9,0,S,2,3,SMH0050/24-25,50,50,CMH010/24-25,CMH010/24-25,1,CR,null,null,1,1,null,83.935,83.84,0.0950
GGL,2024-2025,08,1,0,9,0,S,2,3,SMH0061/24-25,61,61,DMH022/24-25,DMH022/24-25,1,DR,null,null,1,1,null,83.725,83.98,-0.2550
GGL,2024-2025,08,1,0,9,0,S,2,3,SMH0055/24-25,55,55,DMH020/24-25,DMH020/24-25,1,DR,null,null,1,1,null,83.925,83.98,-0.0550
GGL,2023-2024,08,1,0,9,0,S,2,3,SMH0203/23-24,203,203,DMH002/24-25,DMH002/24-25,1,DR,null,null,1,1,null,83.375,83.4,-0.0250
GGL,2024-2025,08,1,0,9,0,S,2,3,SMH0005/24-25,5,5,DMH003/24-25,DMH003/24-25,1,DR,null,null,1,1,null,83.465,83.6,-0.1350
GGL,2024-2025,08,1,0,9,0,S,2,3,SMH0010/24-25,10,10,CMH002/24-25,CMH002/24-25,1,CR,null,null,1,1,null,83.495,83.42,0.0750
GGL,2024-2025,08,1,0,9,0,S,2,3,SMH0020/24-25,20,20,DMH006/24-25,DMH006/24-25,1,DR,null,null,1,1,null,83.275,83.48,-0.2050
GGL,2023-2024,08,1,0,9,0,S,2,3,SMH0192/23-24,192,192,DMH037/23-24,DMH037/23-24,2,DR,null,null,1,2,null,9.96,10.1592,-0.1992
GGL,2024-2025,08,1,0,9,0,S,2,3,SMH0024/24-25,24,24,CMH007/24-25,CMH007/24-25,1,CR,null,null,1,1,null,83.575,83.41,0.1650
GGL,2019-2020,01,1,0,1,0,S,1,1,0100/19-20,100,100,D011/19-20,D011/19-20,1,DR,null,null,1,1,null,71.425,71.485,-0.0600
GGL,2024-2025,X-39-1-0,0,2,1,0,X,1,1,S0316/24-25,316,316,C011/24-25,C011/24-25,10,CR,null,DIFF-PRICE,1,10,null,null,null,null
GGL,2024-2025,SN10,1,0,11,0,S,2,3,SMH0113/24-25,113,113,2DRMH0003/25-26,2DRMH0003/25-26,1,DR,null,null,1,1,null,85.525,85.73,-0.2050
GGL,2024-2025,SN10,1,0,11,0,S,2,3,SMH0109/24-25,109,109,CMH024/24-25,CMH024/24-25,1,CR,null,null,1,1,null,86.975,86.68,0.2950
IFFCO,2023-2024,L-22-1-0,22,0,1,0,L,1,1,S0009/23-24,9,9,C008/23-24,C008/23-24,1,CR,null,null,1,1,null,82.45,82.25,0.2000
HGL-RLNG,2021-2022,2-0,1,0,2,0,S,1,1,S0137/21-22,137,137,D020/21-22,D020/21-22,10,DR,null,Imbalance Charges,1,10,null,null,null,null
HGL-RLNG,2021-2022,2-0,1,0,2,0,S,1,1,S0159/21-22,159,159,D024/21-22,D024/21-22,10,DR,null, Imbalance / Overrun Charges,1,10,null,null,null,null
HGL-RLNG,2021-2022,2-0,1,0,2,0,S,1,1,S0209/21-22,209,209,D032/21-22,D032/21-22,10,DR,null, Imbalance / Overrun Charges / Ship or Pay,1,10,null,null,null,null
HGL-RLNG,2021-2022,2-0,1,0,2,0,S,1,1,S0115/21-22,115,115,D016/21-22,D016/21-22,10,DR,null, Imbalance / Overrun Charges ,1,10,null,null,null,null
HGL-RLNG,2021-2022,2-0,1,0,2,0,S,1,1,S0131/21-22,131,131,D019/21-22,D019/21-22,10,DR,null,Imbalance / Overrun Charges,1,10,null,null,null,null
HGL-RLNG,2021-2022,01,1,0,1,0,S,1,1,S0008/21-22,8,8,D010/21-22,D010/21-22,10,DR,null, Imbalance Charges ,1,10,null,null,null,null
HGL-RLNG,2021-2022,01,1,0,1,0,S,1,1,S0022/21-22,22,22,D011/21-22,D011/21-22,10,DR,null, Imbalance Charges,1,10,null,null,null,null
HGL-RLNG,2021-2022,2-0,1,0,2,0,S,1,1,S0143/21-22,143,143,D021/21-22,D021/21-22,10,DR,null, Imbalance / Overrun Charges ,1,10,null,null,null,null
HGL-RLNG,2021-2022,2-0,1,0,2,0,S,1,1,S0151/21-22,151,151,D023/21-22,D023/21-22,10,DR,null, Imbalance / Overrun Charges / Ship or Pay,1,10,null,null,null,null
HGL-RLNG,2021-2022,2-0,1,0,2,0,S,1,1,S0168/21-22,168,168,D025/21-22,D025/21-22,10,DR,null,Imbalance / Overrun Charges,1,10,null,null,null,null
HGL-RLNG,2021-2022,2-0,1,0,2,0,S,1,1,S0180/21-22,180,180,D026/21-22,D026/21-22,10,DR,null, Imbalance / Overrun Charges,1,10,null,null,null,null
HGL-RLNG,2021-2022,2-0,1,0,2,0,S,1,1,S0195/21-22,195,195,D028/21-22,D028/21-22,10,DR,null, Imbalance / Overrun Charges ,1,10,null,null,null,null
HGL-RLNG,2021-2022,2-0,1,0,2,0,S,1,1,S0199/21-22,199,199,D030/21-22,D030/21-22,10,DR,null, Imbalance / Overrun Charges / Ship or Pay,1,10,null,null,null,null
HGL-RLNG,2021-2022,2-0,1,0,2,0,S,1,1,S0124/21-22,124,124,D017/21-22,D017/21-22,10,DR,null, Imbalance / Overrun Charges ,1,10,null,null,null,null
HGL-RLNG,2021-2022,2-0,1,0,2,0,S,1,1,S0188/21-22,188,188,D027/21-22,D027/21-22,10,DR,null, Imbalance ,1,10,null,null,null,null
HGL-RLNG,2021-2022,2-0,1,0,2,0,S,1,1,S0215/21-22,215,215,D033/21-22,D033/21-22,10,DR,null, Imbalance ,1,10,null,null,null,null
HGL-RLNG,2021-2022,2-0,1,0,2,0,S,1,1,S0222/21-22,222,222,D034/21-22,D034/21-22,10,DR,null, Imbalance / Overrun Charges ,1,10,null,null,null,null
HGL-RLNG,2021-2022,2-0,1,0,2,0,S,1,1,S0091/21-22,91,91,D012/21-22,D012/21-22,10,DR,null, Imbalance / Overrun Charges,1,10,null,null,null,null
HGL-RLNG,2021-2022,2-0,1,0,2,0,S,1,1,S0102/21-22,102,102,D014/21-22,D014/21-22,3,DR,null,null,1,3,null,null,null,null
HSIL,2024-2025,09(RLNG),1,2,10,0,S,2,1,SMH0084/24-25,84,84,DMH039/24-25,DMH039/24-25,10,DR,null, Imbalance Charges,1,10,null,null,null,null
HSIL,2024-2025,09(Domgas),1,2,9,0,S,3,2,SAP0018/24-25,18,18,DAP004/24-25,DAP004/24-25,10,DR,null,Imbalance Charges,1,10,null,null,null,null
HSIL,2020-2021,03,1,0,3,0,S,1,1,S0243/20-21,243,243,D046/20-21,D046/20-21,10,DR,null, Imbalance Charges,1,10,null,null,null,null
HSIL,2020-2021,03,1,0,3,0,S,1,1,S0262/20-21,262,262,D047/20-21,D047/20-21,10,DR,null,Imbalance charges,1,10,null,null,null,null
HSIL,2022-2023,07,1,0,6,0,S,2,1,SMH0185/22-23,185,185,DMH028/22-23,DMH028/22-23,10,DR,null,Imbalance Charges,1,10,null,null,null,null
HSIL,2023-2024,08,1,2,7,0,S,2,1,SMH0038/23-24,38,38,DMH012/23-24,DMH012/23-24,10,DR,null, Imbalance / Overrun Charges ,1,10,null,null,null,null
HSIL,2023-2024,08,1,2,7,0,S,2,1,SMH0050/23-24,50,50,DMH015/23-24,DMH015/23-24,10,DR,null, Imbalance Charges ,1,10,null,null,null,null
HSIL,2024-2025,09(Domgas),1,2,9,0,S,3,2,SAP0024/24-25,24,24,DAP006/24-25,DAP006/24-25,10,DR,null, Imbalance Charges,1,10,null,null,null,null
HSIL,2024-2025,09(RLNG),1,3,10,0,S,2,1,SMH0111/24-25,111,111,DMH044/24-25,DMH044/24-25,10,DR,null, Imbalance charges,1,10,null,null,null,null
HSIL,2024-2025,09(Domgas),1,3,9,0,S,3,2,SAP0026/24-25,26,26,DAP007/24-25,DAP007/24-25,10,DR,null, Imbalance charges,1,10,null,null,null,null
HSIL,2024-2025,09(RLNG),1,2,10,0,S,2,1,SMH0095/24-25,95,95,DMH042/24-25,DMH042/24-25,10,DR,null,Imbalance Charges,1,10,null,null,null,null
HSIL,2024-2025,09(RLNG),1,2,10,0,S,2,1,SMH0107/24-25,107,107,CMH022/24-25,CMH022/24-25,10,CR,null,DIFF-PRICE,1,10,null,null,null,null
HSIL,2024-2025,09(Domgas),1,3,9,0,S,3,2,SAP0030/24-25,30,30,DAP008/24-25,DAP008/24-25,10,DR,null, Imbalance charges,1,10,null,null,null,null
HSIL,2024-2025,09(RLNG),1,2,10,0,S,2,1,SMH0107/24-25,107,107,DMH043/24-25,DMH043/24-25,10,DR,null, Imbalance/ Ship or Pay charges,1,10,null,null,null,null
HSIL,2024-2025,09(RLNG),1,2,10,0,S,2,1,SMH0087/24-25,87,87,DMH040/24-25,DMH040/24-25,10,DR,null, Imbalance Charges,1,10,null,null,null,null
HSIL,2024-2025,09(Domgas),1,2,9,0,S,3,2,SAP0020/24-25,20,20,DAP005/24-25,DAP005/24-25,10,DR,null,Imbalance Charges,1,10,null,null,null,null
KFL,2023-2024,L-6-1-0,6,0,1,0,L,1,2,S0001/23-24,1,1,C001/23-24,C001/23-24,1,CR,null,null,1,1,null,82.45,82.25,0.2000
KFL,2020-2021,L-2-1-0,2,0,1,0,L,1,1,S0313/20-21,313,313,D049/20-21,D049/20-21,10,DR,null,Ship or Pay,1,10,null,null,null,null
MINDA,2022-2023,3-0,1,0,3,0,S,2,2,SMH0097/22-23,97,97,DMH005/22-23,DMH005/22-23,10,DR,null, Imbalance Charges,1,10,null,null,null,null
MINDA,2022-2023,3-0,1,0,3,0,S,2,2,SMH0144/22-23,144,144,DMH012/22-23,DMH012/22-23,10,DR,null, Imbalance Charges,1,10,null,null,null,null
MINDA,2022-2023,3-0,1,0,3,0,S,2,2,SMH0154/22-23,154,154,DMH014/22-23,DMH014/22-23,10,DR,null, Imbalance charges,1,10,null,null,null,null
MINDA,2022-2023,3-0,1,0,3,0,S,2,2,SMH0091/22-23,91,91,DMH003/22-23,DMH003/22-23,10,DR,null, Imbalance / Overrun Charges / Ship or Pay,1,10,null,null,null,null
MINDA,2022-2023,3-0,1,0,3,0,S,2,2,SMH0140/22-23,140,140,DMH010/22-23,DMH010/22-23,10,DR,null,Imbalance and Ship or Pay charges,1,10,null,null,null,null
MINDA,2022-2023,3-0,1,0,3,0,S,2,2,SMH0172/22-23,172,172,DMH023/22-23,DMH023/22-23,10,DR,null, Imbalance / Ship or Pay Charges,1,10,null,null,null,null
MINDA,2023-2024,3-0,1,1,3,0,S,2,2,SMH0024/23-24,24,24,CMH009/23-24,CMH009/23-24,2,CR,null,null,1,2,null,37,13.9826,23.0174
MINDA,2023-2024,3-0,1,0,3,0,S,2,2,SMH0001/23-24,1,1,DMH001/23-24,DMH001/23-24,10,DR,null, Imbalance,1,10,null,null,null,null
MINDA,2022-2023,3-0,1,0,3,0,S,2,2,SMH0187/22-23,187,187,DMH024/22-23,DMH024/22-23,10,DR,null,Imbalance Charges,1,10,null,null,null,null
MINDA,2022-2023,3-0,1,0,3,0,S,2,2,SMH0197/22-23,197,197,DMH029/22-23,DMH029/22-23,10,DR,null,Imbalance and Ship or Pay Charges,1,10,null,null,null,null
MINDA,2023-2024,05,1,0,5,0,S,2,2,SMH0199/23-24,199,199,DMH039/23-24,DMH039/23-24,6,DR,null,OTHERS,1,6,null,null,null,null
HCGD-B,2024-2025,06,1,0,6,0,S,1,1,S0228/24-25,228,228,D029/24-25,D029/24-25,10,DR,null, Imbalance Charges.,1,10,null,null,null,null
HCGD-B,2024-2025,06,1,0,6,0,S,1,1,S0129/24-25,129,129,D012/24-25,D012/24-25,1,DR,null,null,1,1,null,83.565,83.66,-0.0950
HCGD-B,2024-2025,06,1,0,6,0,S,1,1,S0146/24-25,146,146,D016/24-25,D016/24-25,1,DR,null,null,1,1,null,83.745,83.81,-0.0650
HCGD-B,2024-2025,06,1,0,6,0,S,1,1,S0182/24-25,182,182,D023/24-25,D023/24-25,10,DR,null, Imbalance charges,1,10,null,null,null,null
HCGD-B,2024-2025,06,1,0,6,0,S,1,1,S0219/24-25,219,219,D027/24-25,D027/24-25,10,DR,null, Imbalance charges,1,10,null,null,null,null
SISECAM,2021-2022,1-0,1,0,1,0,S,1,1,S0121/21-22,121,121,D018/21-22,D018/21-22,10,DR,null, Imbalance ,1,10,null,null,null,null
SISECAM,2021-2022,3-0,1,0,3,0,S,1,1,S0208/21-22,208,208,D031/21-22,D031/21-22,10,DR,null, Imbalance ,1,10,null,null,null,null
SISECAM,2022-2023,04,1,0,4,0,S,1,1,S0050/22-23,50,50,D006/22-23,D006/22-23,10,DR,null, Imbalance / Ship or Pay,1,10,null,null,null,null
SISECAM,2022-2023,04,1,0,4,0,S,1,1,S0058/22-23,58,58,D008/22-23,D008/22-23,10,DR,null, Imbalance and Ship or Pay for 16-31 July 2022,1,10,null,null,null,null
SISECAM,2021-2022,3-0,1,0,3,0,S,1,1,S0197/21-22,197,197,D029/21-22,D029/21-22,10,DR,null, Imbalance ,1,10,null,null,null,null
SISECAM,2022-2023,04,1,0,4,0,S,1,1,S0099/22-23,99,99,D018/22-23,D018/22-23,10,DR,null,Ship or Pay,1,10,null,null,null,null
SISECAM,2024-2025,07,1,0,8,0,S,1,1,S0130/24-25,130,130,D009/24-25,D009/24-25,10,DR,null, Imbalance Charges,1,10,null,null,null,null
SISECAM,2022-2023,04,1,0,4,0,S,1,1,S0201/22-23,201,201,D023/22-23,D023/22-23,10,DR,null,Imbalance/Ship or Pay charges,1,10,null,null,null,null
SISECAM,2022-2023,04,1,0,4,0,S,1,1,S0210/22-23,210,210,D024/22-23,D024/22-23,10,DR,null,Imbalance and Ship or Pay charges,1,10,null,null,null,null
SISECAM,2022-2023,04,1,0,4,0,S,1,1,S0222/22-23,222,222,D025/22-23,D025/22-23,10,DR,null, Ship or Pay charges,1,10,null,null,null,null
SISECAM,2021-2022,1-0,1,0,1,0,S,1,1,S0103/21-22,103,103,D015/21-22,D015/21-22,10,DR,null, Imbalance Charges,1,10,null,null,null,null
SISECAM,2021-2022,3-0,1,0,3,0,S,1,1,S0223/21-22,223,223,D035/21-22,D035/21-22,10,DR,null, Imbalance ,1,10,null,null,null,null
SISECAM,2022-2023,04,1,0,4,0,S,1,1,S0088/22-23,88,88,D016/22-23,D016/22-23,10,DR,null,Imbalance and Ship or Pay,1,10,null,null,null,null
SISECAM,2022-2023,04,1,0,4,0,S,1,1,S0171/22-23,171,171,D021/22-23,D021/22-23,10,DR,null,Imbalance and Ship or Pay Charges ,1,10,null,null,null,null
SISECAM,2022-2023,04,1,0,4,0,S,1,1,S0194/22-23,194,194,D022/22-23,D022/22-23,10,DR,null,Imbalance and Ship or Pay Charges,1,10,null,null,null,null
SISECAM,2021-2022,1-0,1,0,1,0,S,1,1,S0145/21-22,145,145,D022/21-22,D022/21-22,10,DR,null, Imbalance ,1,10,null,null,null,null
SISECAM,2022-2023,3-0,1,1,3,0,S,1,1,S0003/22-23,3,3,D001/22-23,D001/22-23,10,DR,null, Imbalance ,1,10,null,null,null,null
SISECAM,2022-2023,3-0,1,1,3,0,S,1,1,S0015/22-23,15,15,D002/22-23,D002/22-23,10,DR,null,Overrun Charges ,1,10,null,null,null,null
SISECAM,2022-2023,3-0,1,1,3,0,S,1,1,S0042/22-23,42,42,D005/22-23,D005/22-23,10,DR,null, Imbalance ,1,10,null,null,null,null
SISECAM,2022-2023,04,1,0,4,0,S,1,1,S0072/22-23,72,72,D010/22-23,D010/22-23,10,DR,null, Imbalance and Ship or Pay charges for 01-15 Augus,1,10,null,null,null,null
SISECAM,2022-2023,04,1,0,4,0,S,1,1,S0078/22-23,78,78,D014/22-23,D014/22-23,10,DR,null, Imbalance and Ship or Pay for 16-31 August 2022,1,10,null,null,null,null
SISECAM,2022-2023,04,1,0,4,0,S,1,1,S0091/22-23,91,91,D017/22-23,D017/22-23,10,DR,null,Imbalance and Ship or Pay,1,10,null,null,null,null
SISECAM,2022-2023,04,1,0,4,0,S,1,1,S0122/22-23,122,122,D019/22-23,D019/22-23,10,DR,null, Imbalance / Overrun Charges / Ship or Pay,1,10,null,null,null,null
SISECAM,2022-2023,04,1,0,4,0,S,1,1,S0135/22-23,135,135,D020/22-23,D020/22-23,10,DR,null,Ship or Pay charges,1,10,null,null,null,null
SISECAM,2022-2023,04,1,0,4,0,S,1,1,S0255/22-23,255,255,D027/22-23,D027/22-23,10,DR,null, Imbalance Charges,1,10,null,null,null,null
SISECAM,2022-2023,04,1,0,4,0,S,1,1,S0225/22-23,225,225,D026/22-23,D026/22-23,10,DR,null, Imbalance / Overrun Charges / Ship or Pay,1,10,null,null,null,null
SISECAM,2023-2024,5-0,1,0,5,0,S,1,1,S0161/23-24,161,161,D009/23-24,D009/23-24,10,DR,null, Imbalance and Overrun Charges ,1,10,null,null,null,null
SISECAM,2023-2024,04,1,0,4,0,S,1,1,S0010/23-24,10,10,C009/23-24,C009/23-24,1,CR,null,null,1,1,null,82.025,81.825,0.2000
SISECAM,2023-2024,6,1,0,7,0,S,1,1,S0218/23-24,218,218,D023/23-24,D023/23-24,10,DR,null, Imbalance Charges,1,10,null,null,null,null
SISECAM,2023-2024,5-0,1,0,5,0,S,1,1,S0170/23-24,170,170,D012/23-24,D012/23-24,10,DR,null, Imbalance and Over Run ,1,10,null,null,null,null
SISECAM,2024-2025,07,1,0,8,0,S,1,1,S0112/24-25,112,112,D008/24-25,D008/24-25,10,DR,null,Imbalance Charges,1,10,null,null,null,null
SISECAM,2024-2025,07,1,0,8,0,S,1,1,S0147/24-25,147,147,D015/24-25,D015/24-25,10,DR,null,Imbalance & Overrun Charges ,1,10,null,null,null,null
SISECAM,2024-2025,07,1,0,8,0,S,1,1,S0163/24-25,163,163,D019/24-25,D019/24-25,10,DR,null, Imbalance & Overrun Charges.,1,10,null,null,null,null
SISECAM,2024-2025,07,1,0,8,0,S,1,1,S0173/24-25,173,173,D025/24-25,D025/24-25,10,DR,null,Overrun Charges ,1,10,null,null,null,null
SISECAM,2024-2025,07,1,0,8,0,S,1,1,S0173/24-25,173,173,D026/24-25,D026/24-25,6,DR,null,OTHERS,2,6,null,null,null,null
SISECAM,2023-2024,07,1,0,8,0,S,1,1,S0414/23-24,414,414,D043/23-24,D043/23-24,10,DR,null, Imbalance charges.,1,10,null,null,null,null
SISECAM,2021-2022,1-0,1,0,1,0,S,1,1,S0092/21-22,92,92,D013/21-22,D013/21-22,10,DR,null, Imbalance Charges,1,10,null,null,null,null
OPAL,2021-2022,L-1-1-0,1,2,1,0,L,1,1,S0112/21-22,112,112,C004/21-22,C004/21-22,10,CR,null,null,1,10,null,null,null,null
OPAL,2022-2023,L-11-1-0,11,0,1,0,L,2,1,SMH0039/22-23,39,39,CMH004/22-23,CMH004/22-23,1,CR,null,null,1,1,null,80.4,80.1,0.3000
OPAL,2023-2024,L-17-1-0,17,0,1,0,L,2,1,SMH0028/23-24,28,28,DMH008/23-24,DMH008/23-24,2,DR,null,null,1,2,null,13.0513,13.2937,-0.2424
OPAL,2024-2025,L-21-1-0,21,0,1,0,L,2,1,SMH0018/24-25,18,18,DMH005/24-25,DMH005/24-25,1,DR,null,null,1,1,null,83.515,83.94,-0.4250
RCF,2023-2024,L-2-1-0,2,0,1,0,L,2,2,SMH0005/23-24,5,5,CMH004/23-24,CMH004/23-24,1,CR,null,null,1,1,null,82.025,81.825,0.2000
RCF,2023-2024,L-7-1-0,7,1,1,0,L,2,2,SMH0108/23-24,108,108,DMH019/23-24,DMH019/23-24,1,DR,null,null,1,1,null,83.175,83.25,-0.0750
TGLPL,2022-2023,01,1,0,1,0,S,1,2,S0074/22-23,74,74,D012/22-23,D012/22-23,10,DR,null,Monthly Ship or Pay,1,10,null,null,null,null
TGBPL,2023-2024,2-0,1,0,2,0,S,1,1,S0349/23-24,349,349,C030/23-24,C030/23-24,1,CR,null,null,1,1,null,83.145,83.07,0.0750
TGBPL,2023-2024,03,1,0,3,0,S,1,1,S0365/23-24,365,365,D040/23-24,D040/23-24,1,DR,null,null,1,1,null,83.025,83.05,-0.0250
TGBPL,2023-2024,2-0,1,0,2,0,S,1,1,S0324/23-24,324,324,D031/23-24,D031/23-24,1,DR,null,null,1,1,null,82.855,83.18,-0.3250
TGBPL,2023-2024,01,1,3,1,0,S,1,2,S0005/23-24,5,5,C003/23-24,C003/23-24,1,CR,null,null,1,1,null,82.025,81.825,0.2000
TGBPL,2023-2024,03,1,0,3,0,S,1,1,S0386/23-24,386,386,C039/23-24,C039/23-24,1,CR,null,null,1,1,null,82.915,82.89,0.0250
VVF India,2022-2023,07,1,2,6,0,S,2,1,SMH0176/22-23,176,176,DMH021/22-23,DMH021/22-23,10,DR,null, Imbalance / Overrun Charges,1,10,null,null,null,null
VVF India,2023-2024,10,1,0,9,0,S,2,1,SMH0063/23-24,63,63,DMH017/23-24,DMH017/23-24,10,DR,null, Imbalance Charges,1,10,null,null,null,null
VVF India,2022-2023,07,1,1,6,0,S,2,1,SMH0166/22-23,166,166,DMH018/22-23,DMH018/22-23,10,DR,null, Imbalance & Overrun Charges,1,10,null,null,null,null
VVF India,2023-2024,09,1,0,8,0,S,2,1,SMH0008/23-24,8,8,DMH003/23-24,DMH003/23-24,10,DR,null, Imbalance / Overrun Charges ,1,10,null,null,null,null
VVF India,2023-2024,10,1,0,9,0,S,2,1,SMH0040/23-24,40,40,DMH011/23-24,DMH011/23-24,10,DR,null, Imbalance and Overrun Charges ,1,10,null,null,null,null
VVF India,2022-2023,08,1,1,7,0,S,2,1,SMH0182/22-23,182,182,DMH025/22-23,DMH025/22-23,10,DR,null,Imbalance / Overrun Charges,1,10,null,null,null,null
VVF India,2023-2024,09,1,0,8,0,S,2,1,SMH0016/23-24,16,16,DMH005/23-24,DMH005/23-24,10,DR,null, Imbalance / Overrun Charges ,1,10,null,null,null,null
VVF India,2023-2024,10,1,0,9,0,S,2,1,SMH0048/23-24,48,48,DMH014/23-24,DMH014/23-24,10,DR,null, Imbalance / Overrun Charges,1,10,null,null,null,null
VVF India,2023-2024,10,1,0,9,0,S,2,1,SMH0078/23-24,78,78,DMH018/23-24,DMH018/23-24,10,DR,null, Imbalance / Overrun Charges / Ship or Pay,1,10,null,null,null,null
VVF India,2022-2023,08,1,2,7,0,S,2,1,SMH0198/22-23,198,198,DMH033/22-23,DMH033/22-23,10,DR,null,Imbalance / Overrun Charges / Ship or Pay,1,10,null,null,null,null
GNFC,2023-2024,03,1,0,3,0,S,1,2,S0191/23-24,191,191,D018/23-24,D018/23-24,3,DR,null,null,1,3,null,null,null,null
GFCL,2022-2023,01,1,0,1,0,S,1,1,S0060/22-23,60,60,D007/22-23,D007/22-23,10,DR,null, Imbalance and Ship or Pay,1,10,null,null,null,null
GFCL,2022-2023,01,1,0,1,0,S,1,1,S0070/22-23,70,70,D009/22-23,D009/22-23,10,DR,null, Imbalance ,1,10,null,null,null,null
GFCL,2022-2023,01,1,0,1,0,S,1,1,S0081/22-23,81,81,D011/22-23,D011/22-23,10,DR,null, Imbalance charges,1,10,null,null,null,null
GFCL,2023-2024,2,1,0,2,0,S,1,1,S0007/23-24,7,7,C006/23-24,C006/23-24,1,CR,null,null,1,1,null,82.025,81.825,0.2000
CPL,2024-2025,06,1,0,6,0,S,2,1,SMH0023/24-25,23,23,CMH008/24-25,CMH008/24-25,1,CR,null,null,1,1,null,83.575,83.41,0.1650
CPL,2024-2025,06,1,1,6,0,S,2,1,SMH0066/24-25,66,66,DMH026/24-25,DMH026/24-25,1,DR,null,null,1,1,null,84.085,84.09,-0.0050
CPL,2024-2025,06,1,1,6,0,S,2,1,SMH0069/24-25,69,69,DMH030/24-25,DMH030/24-25,1,DR,null,null,1,1,null,84.105,84.29,-0.1850
CPL,2024-2025,06,1,1,6,0,S,2,1,SMH0075/24-25,75,75,DMH034/24-25,DMH034/24-25,1,DR,null,null,1,1,null,84.575,84.73,-0.1550
CPL,2023-2024,04,1,0,4,0,S,2,1,SMH0191/23-24,191,191,CMH018/23-24,CMH018/23-24,1,CR,null,null,1,1,null,82.975,82.97,0.0050
CPL,2024-2025,06,1,1,6,0,S,2,1,SMH0035/24-25,35,35,DMH008/24-25,DMH008/24-25,1,DR,null,null,1,1,null,83.425,83.49,-0.0650
CPL,2024-2025,06,1,1,6,0,S,2,1,SMH0046/24-25,46,46,DMH017/24-25,DMH017/24-25,1,DR,null,null,1,1,null,83.745,83.81,-0.0650
CPL,2024-2025,06,1,1,6,0,S,2,1,SMH0059/24-25,59,59,CMH015/24-25,CMH015/24-25,1,CR,null,null,1,1,null,83.945,83.73,0.2150
CPL,2024-2025,06,1,1,6,0,S,2,1,SMH0072/24-25,72,72,DMH032/24-25,DMH032/24-25,1,DR,null,null,1,1,null,84.425,84.44,-0.0150
CPL,2024-2025,06,1,1,6,0,S,2,1,SMH0076/24-25,76,76,DMH036/24-25,DMH036/24-25,1,DR,null,null,1,1,null,84.885,84.94,-0.0550
CPL,2024-2025,06,1,1,6,0,S,2,1,SMH0103/24-25,103,103,CMH021/24-25,CMH021/24-25,1,CR,null,null,1,1,null,87.375,87.23,0.1450
CPL,2023-2024,04,1,0,4,0,S,2,1,SMH0179/23-24,179,179,DMH035/23-24,DMH035/23-24,1,DR,null,null,1,1,null,83.025,83.05,-0.0250
CPL,2023-2024,04,1,0,4,0,S,2,1,SMH0186/23-24,186,186,CMH017/23-24,CMH017/23-24,1,CR,null,null,1,1,null,82.915,82.89,0.0250
CPL,2023-2024,04,1,2,4,0,S,2,1,SMH0204/23-24,204,204,DMH001/24-25,DMH001/24-25,1,DR,null,null,1,1,null,83.375,83.4,-0.0250
CPL,2024-2025,07,1,1,7,0,S,2,1,SMH0040/24-25,40,40,DMH010/24-25,DMH010/24-25,1,DR,null,null,1,1,null,83.565,83.66,-0.0950
CPL,2024-2025,06,1,1,6,0,S,2,1,SMH0038/24-25,38,38,DMH011/24-25,DMH011/24-25,1,DR,null,null,1,1,null,83.565,83.66,-0.0950
CPL,2024-2025,06,1,1,6,0,S,2,1,SMH0051/24-25,51,51,CMH011/24-25,CMH011/24-25,1,CR,null,null,1,1,null,83.935,83.84,0.0950
CPL,2024-2025,06,1,1,6,0,S,2,1,SMH0062/24-25,62,62,DMH023/24-25,DMH023/24-25,1,DR,null,null,1,1,null,83.725,83.98,-0.2550
CPL,2024-2025,06,1,1,6,0,S,2,1,SMH0056/24-25,56,56,DMH021/24-25,DMH021/24-25,1,DR,null,null,1,1,null,83.925,83.98,-0.0550
CPL,2024-2025,5-0,1,0,5,0,S,2,1,SMH0007/24-25,7,7,DMH004/24-25,DMH004/24-25,1,DR,null,null,1,1,null,83.465,83.6,-0.1350
CPL,2024-2025,07,1,1,7,0,S,2,1,SMH0047/24-25,47,47,DMH019/24-25,DMH019/24-25,1,DR,null,null,1,1,null,83.745,83.81,-0.0650
CPL,2024-2025,5-0,1,1,5,0,S,2,1,SMH0013/24-25,13,13,CMH003/24-25,CMH003/24-25,1,CR,null,null,1,1,null,83.495,83.42,0.0750
CPL,2024-2025,06,1,1,6,0,S,2,1,SMH0083/24-25,83,83,CMH017/24-25,CMH017/24-25,1,CR,null,null,1,1,null,86.545,86.53,0.0150
CPL,2024-2025,06,1,1,6,0,S,2,1,SMH0091/24-25,91,91,CMH020/24-25,CMH020/24-25,1,CR,null,null,1,1,null,86.725,86.53,0.1950
CPL,2024-2025,06,1,1,6,0,S,2,1,SMH0114/24-25,114,114,2DRMH0002/25-26,2DRMH0002/25-26,1,DR,null,null,1,1,null,85.525,85.73,-0.2050
CPL,2024-2025,06,1,1,6,0,S,2,1,SMH0086/24-25,86,86,DMH041/24-25,DMH041/24-25,1,DR,null,null,1,1,null,86.625,87.13,-0.5050
CPL,2024-2025,06,1,1,6,0,S,2,1,SMH0108/24-25,108,108,CMH023/24-25,CMH023/24-25,1,CR,null,null,1,1,null,86.975,86.68,0.2950
CPL,2024-2025,06,1,1,6,0,S,2,1,SMH0080/24-25,80,80,DMH038/24-25,DMH038/24-25,1,DR,null,null,1,1,null,85.625,85.81,-0.1850
INPEROX,2023-2024,03,1,0,3,0,S,1,1,S0193/23-24,193,193,D017/23-24,D017/23-24,1,DR,null,null,1,1,null,83.095,83.3,-0.2050
INPEROX,2023-2024,03,1,0,3,0,S,1,1,S0232/23-24,232,232,C029/23-24,C029/23-24,1,CR,null,null,1,1,null,83.345,83.16,0.1850
INPEROX,2023-2024,03,1,0,3,0,S,1,1,S0355/23-24,355,355,C034/23-24,C034/23-24,1,CR,null,null,1,1,null,83.145,83.07,0.0750
INPEROX,2023-2024,03,1,0,3,0,S,1,1,S0140/23-24,140,140,D003/23-24,D003/23-24,10,DR,null, Difference in exchange rate,1,10,null,null,null,null
INPEROX,2023-2024,03,1,0,3,0,S,1,1,S0162/23-24,162,162,C019/23-24,C019/23-24,1,CR,null,null,1,1,null,83.265,83.21,0.0550
INPEROX,2023-2024,03,1,0,3,0,S,1,1,S0172/23-24,172,172,C020/23-24,C020/23-24,1,CR,null,null,1,1,null,83.285,83.26,0.0250
INPEROX,2023-2024,03,1,0,3,0,S,1,1,S0217/23-24,217,217,C027/23-24,C027/23-24,1,CR,null,null,1,1,null,83.345,83.3,0.0450
INPEROX,2023-2024,03,1,0,3,0,S,1,1,S0366/23-24,366,366,D038/23-24,D038/23-24,1,DR,null,null,1,1,null,83.025,83.05,-0.0250
INPEROX,2023-2024,03,1,0,3,0,S,1,1,S0257/23-24,257,257,D025/23-24,D025/23-24,1,DR,null,null,1,1,null,83.205,83.335,-0.1300
INPEROX,2023-2024,03,1,0,3,0,S,1,1,S0152/23-24,152,152,D004/23-24,D004/23-24,1,DR,null,null,1,1,null,83.175,83.25,-0.0750
INPEROX,2023-2024,03,1,0,3,0,S,1,1,S0325/23-24,325,325,D028/23-24,D028/23-24,1,DR,null,null,1,1,null,82.855,83.18,-0.3250
INPEROX,2023-2024,03,1,0,3,0,S,1,1,S0434/23-24,434,434,D001/24-25,D001/24-25,1,DR,null,null,1,1,null,83.375,83.4,-0.0250
INPEROX,2023-2024,03,1,0,3,0,S,1,1,S0392/23-24,392,392,C038/23-24,C038/23-24,1,CR,null,null,1,1,null,82.915,82.89,0.0250
INPEROX,2023-2024,03,1,0,3,0,S,1,1,S0409/23-24,409,409,C041/23-24,C041/23-24,1,CR,null,null,1,1,null,82.975,82.97,0.0050
HINDURV,2023-2024,L-3-1-0,3,0,1,0,L,1,1,S0003/23-24,3,3,C004/23-24,C004/23-24,1,CR,null,null,1,1,null,82.45,82.25,0.2000
GOAGLSF,2024-2025,4,1,0,4,0,S,2,1,SMH0073/24-25,73,73,DMH031/24-25,DMH031/24-25,10,DR,null, Imbalance Charges.,1,10,null,null,null,null
GOAGLSF,2024-2025,4,1,0,4,0,S,2,1,SMH0074/24-25,74,74,DMH033/24-25,DMH033/24-25,10,DR,null, Imbalance / Ship or Pay Charges,1,10,null,null,null,null
GOAGLSF,2024-2025,4,1,1,4,0,S,2,1,SMH0077/24-25,77,77,DMH035/24-25,DMH035/24-25,10,DR,null, Imbalance Charges,1,10,null,null,null,null
GOAGLSF,2024-2025,4,1,1,4,0,S,2,1,SMH0081/24-25,81,81,DMH037/24-25,DMH037/24-25,10,DR,null,Imbalance Charges,1,10,null,null,null,null
GOAGLSF,2025-2026,,1,4,6,0,S,2,1,2SMH0035/25-26,35,35,2DRMH0009/25-26,2DRMH0009/25-26,10,DR,null,Imbalance/ Ship-Or-Pay/ Unauthorized Overrun charg,1,10,null,null,null,null
GOAGLSF,2025-2026,,1,3,6,0,S,2,1,2SMH0031/25-26,31,31,2DRMH0008/25-26,2DRMH0008/25-26,10,DR,null,Imbalance charges,1,10,null,null,null,null
GOAGLSF,2022-2023,1-0,1,0,1,0,S,2,1,SMH0130/22-23,130,130,DMH007/22-23,DMH007/22-23,10,DR,null, Imbalance and Overrun Charges ,1,10,null,null,null,null
GOAGLSF,2022-2023,1-0,1,1,1,0,S,2,1,SMH0145/22-23,145,145,DMH013/22-23,DMH013/22-23,10,DR,null,Imbalance and Overrun Charges,1,10,null,null,null,null
GOAGLSF,2022-2023,1-0,1,1,1,0,S,2,1,SMH0155/22-23,155,155,DMH015/22-23,DMH015/22-23,10,DR,null, Imbalance and Overrun Charges ,1,10,null,null,null,null
GOAGLSF,2022-2023,1-0,1,0,1,0,S,2,1,SMH0131/22-23,131,131,DMH009/22-23,DMH009/22-23,10,DR,null,Imbalance and Overrun Charges,1,10,null,null,null,null
GOAGLSF,2022-2023,2-0,1,0,2,0,S,2,1,SMH0170/22-23,170,170,DMH022/22-23,DMH022/22-23,10,DR,null,Imbalance / Overrun Charges,1,10,null,null,null,null
GOAGLSF,2022-2023,2-0,1,0,2,0,S,2,1,SMH0165/22-23,165,165,DMH019/22-23,DMH019/22-23,10,DR,null, Imbalance / Overrun Charges / Ship or Pay,1,10,null,null,null,null
GOAGLSF,2022-2023,2-0,1,0,2,0,S,2,1,SMH0188/22-23,188,188,DMH026/22-23,DMH026/22-23,10,DR,null, Imbalance / Overrun Charges / Ship or Pay,1,10,null,null,null,null
GOAGLSF,2022-2023,2-0,1,0,2,0,S,2,1,SMH0199/22-23,199,199,DMH030/22-23,DMH030/22-23,10,DR,null, Imbalance Charges ,1,10,null,null,null,null
GOAGLSF,2023-2024,2-0,1,0,2,0,S,2,1,SMH0006/23-24,6,6,CMH002/23-24,CMH002/23-24,1,CR,null,null,1,1,null,82.025,81.825,0.2000
GOAGLSF,2024-2025,3-0,1,0,3,0,S,2,1,SMH0064/24-25,64,64,DMH024/24-25,DMH024/24-25,10,DR,null, Imbalance Charges.,1,10,null,null,null,null
GOAGLSF,2024-2025,3-0,1,0,3,0,S,2,1,SMH0068/24-25,68,68,DMH027/24-25,DMH027/24-25,10,DR,null, Imbalance charges,1,10,null,null,null,null
GOAGLSF,2025-2026,,1,0,5,0,S,2,1,2SMH0009/25-26,9,9,2DRMH0005/25-26,2DRMH0005/25-26,10,DR,null, Imbalance Charges,1,10,null,null,null,null
GOAGLSF,2025-2026,,1,0,5,0,S,2,1,2SMH0003/25-26,3,3,2DRMH0004/25-26,2DRMH0004/25-26,10,DR,null, Imbalance charges.,1,10,null,null,null,null
GOAGLSF,2025-2026,,1,2,6,0,S,2,1,2SMH0022/25-26,22,22,2DRMH0007/25-26,2DRMH0007/25-26,10,DR,null, Imbalance Charges,1,10,null,null,null,null
GOAGLSF,2025-2026,,1,5,6,0,S,2,1,2SMH0048/25-26,48,48,2DRMH0011/25-26,2DRMH0011/25-26,10,DR,null, Imbalance / Overrun Charges / Ship or Pay,1,10,null,null,null,null
GOAGLSF,2025-2026,,1,1,6,0,S,2,1,2SMH0018/25-26,18,18,2DRMH0006/25-26,2DRMH0006/25-26,10,DR,null, Imbalance Charges.,1,10,null,null,null,null
GOAGLSF,2025-2026,,1,5,6,0,S,2,1,2SMH0041/25-26,41,41,2DRMH0010/25-26,2DRMH0010/25-26,10,DR,null,Imbalance & UnAth Overrun charges ,1,10,null,null,null,null
PEFORCV,2023-2024,1,1,0,1,0,S,2,1,SMH0009/23-24,9,9,CMH003/23-24,CMH003/23-24,1,CR,null,null,1,1,null,82.025,81.825,0.2000
DCMSHRI,2023-2024,L-1-1-0,1,0,1,0,L,1,1,S0002/23-24,2,2,C002/23-24,C002/23-24,1,CR,null,null,1,1,null,82.45,82.25,0.2000
HINAGIL,2024-2025,1-0,1,0,1,0,S,2,1,SMH0011/24-25,11,11,CMH005/24-25,CMH005/24-25,1,CR,null,null,1,1,null,83.495,83.42,0.0750
NEL,2023-2024,1-0,2,0,1,0,S,1,1,S0089/23-24,89,89,D002/23-24,D002/23-24,2,DR,null,null,1,2,null,10.71,10.76,-0.0500
TASTELI,2024-2025,01,2,0,1,0,S,2,1,SMH0027/24-25,27,27,CMH009/24-25,CMH009/24-25,1,CR,null,null,1,1,null,83.575,83.41,0.1650
TASTELI,2024-2025,01,2,1,1,0,S,2,1,SMH0033/24-25,33,33,DMH009/24-25,DMH009/24-25,1,DR,null,null,1,1,null,83.425,83.49,-0.0650
TASTELI,2022-2023,1,1,0,1,0,S,2,1,SMH0177/22-23,177,177,DMH020/22-23,DMH020/22-23,10,DR,null, Imbalance / Overrun Charges / Ship or Pay,1,10,null,null,null,null
TASTELI,2023-2024,2,1,0,2,0,S,2,1,SMH0032/23-24,32,32,DMH009/23-24,DMH009/23-24,10,DR,null, Imbalance Charges,1,10,null,null,null,null
TASTELI,2022-2023,1,1,0,1,0,S,2,1,SMH0181/22-23,181,181,DMH027/22-23,DMH027/22-23,10,DR,null,Imbalance Charges,1,10,null,null,null,null
TASTELI,2023-2024,1,1,0,1,0,S,2,1,SMH0002/23-24,2,2,DMH002/23-24,DMH002/23-24,10,DR,null, Imbalance ,1,10,null,null,null,null
TASTELI,2023-2024,1,1,0,1,0,S,2,1,SMH0022/23-24,22,22,DMH007/23-24,DMH007/23-24,10,DR,null,Imbalance Charges,1,10,null,null,null,null
TASTELI,2023-2024,2,1,0,2,0,S,2,1,SMH0036/23-24,36,36,DMH010/23-24,DMH010/23-24,10,DR,null, Imbalance Charges,1,10,null,null,null,null
TASTELI,2022-2023,1,1,0,1,0,S,2,1,SMH0168/22-23,168,168,DMH017/22-23,DMH017/22-23,10,DR,null, Imbalance Charges,1,10,null,null,null,null
TASTELI,2023-2024,1,1,0,1,0,S,2,1,SMH0013/23-24,13,13,DMH004/23-24,DMH004/23-24,10,DR,null, Imbalance,1,10,null,null,null,null
TASTELI,2022-2023,1,1,0,1,0,S,2,1,SMH0201/22-23,201,201,DMH032/22-23,DMH032/22-23,10,DR,null, Imbalance Charges ,1,10,null,null,null,null
TASTELI,2024-2025,01,2,1,1,0,S,2,1,SMH0041/24-25,41,41,DMH013/24-25,DMH013/24-25,1,DR,null,null,1,1,null,83.565,83.66,-0.0950
TASTELI,2024-2025,01,2,1,1,0,S,2,1,SMH0048/24-25,48,48,DMH018/24-25,DMH018/24-25,1,DR,null,null,1,1,null,83.745,83.81,-0.0650
HMEL,2024-2025,L-18-1-0,18,0,1,0,L,1,2,S0229/24-25,229,229,D028/24-25,D028/24-25,10,DR,null,Transportation tariff,1,10,null,null,null,null
HMEL,2023-2024,L-9-1-0,9,0,1,0,L,2,4,SMH0194/23-24,194,194,DMH038/23-24,DMH038/23-24,10,DR,null,On account of INR Component (Transportation Charge,1,10,null,null,null,null
HMEL,2023-2024,L-9-1-0,9,1,1,0,L,2,4,SMH0197/23-24,197,197,CMH019/23-24,CMH019/23-24,6,CR,null,OTHERS,1,6,null,null,null,null
HMEL,2024-2025,L-21-1-0,21,0,1,0,L,1,2,S0241/24-25,241,241,D031/24-25,D031/24-25,10,DR,null,Transportation tariff,1,10,null,null,null,null
HMEL,2024-2025,L-25-1-0,25,0,1,0,L,1,2,S0270/24-25,270,270,D036/24-25,D036/24-25,10,DR,null,Transportation charges,1,10,null,null,null,null
HMEL,2025-2026,L-29-1-0,29,1,1,0,L,3,5,2SAP0002/25-26,2,2,2CRAP0001/25-26,2CRAP0001/25-26,6,CR,null,OTHERS,1,6,null,null,null,null
HMEL,2024-2025,L-26-1-0,26,2,1,0,L,2,3,SMH0117/24-25,117,117,2CRMH0001/25-26,2CRMH0001/25-26,6,CR,null,OTHERS,1,6,null,null,null,null
HMEL,2025-2026,L-29-1-0,29,1,1,0,L,1,2,2SGJ0007/25-26,7,7,2CRGJ0001/25-26,2CRGJ0001/25-26,6,CR,null,OTHERS,1,6,null,null,null,null
HMEL,2024-2025,L-25-1-0,25,0,1,0,L,2,3,SMH0089/24-25,89,89,CMH018/24-25,CMH018/24-25,6,CR,null,OTHERS,1,6,null,null,null,null
HMEL,2024-2025,L-25-1-0,25,0,1,0,L,2,3,SMH0096/24-25,96,96,CMH019/24-25,CMH019/24-25,6,CR,null,OTHERS,1,6,null,null,null,null
HMEL,2024-2025,L-25-1-0,25,0,1,0,L,1,2,S0270/24-25,270,270,D037/24-25,D037/24-25,6,DR,null,OTHERS,1,6,null,null,null,null
HMEL,2025-2026,L-29-1-0,29,1,1,0,L,3,5,2SAP0003/25-26,3,3,2CRAP0002/25-26,2CRAP0002/25-26,6,CR,null,OTHERS,1,6,null,null,null,null
HMEL,2025-2026,L-28-1-0,28,0,1,0,L,1,2,2SGJ0011/25-26,11,11,2DRGJ0002/25-26,2DRGJ0002/25-26,1,DR,null,null,1,1,null,85.2289,85.2895,-0.0606
HMEL,2025-2026,L-28-1-0,28,0,1,0,L,2,2,2SMH0011/25-26,11,11,2DRGJ0002/25-26,2DRGJ0002/25-26,1,DR,null,null,1,1,null,85.2289,85.2895,-0.0606
HMEL,2025-2026,L-28-1-0,28,0,1,0,L,1,3,2SGJ0011/25-26,11,11,2CRMH0002/25-26,2CRMH0002/25-26,6,CR,null,OTHERS,1,6,null,null,null,null
HMEL,2025-2026,L-28-1-0,28,0,1,0,L,2,3,2SMH0011/25-26,11,11,2CRMH0002/25-26,2CRMH0002/25-26,6,CR,null,OTHERS,1,6,null,null,null,null
HMEL,2025-2026,L-29-1-0,29,1,1,0,L,1,2,2SGJ0010/25-26,10,10,2DRGJ0001/25-26,2DRGJ0001/25-26,1,DR,null,null,1,1,null,84.7992,85.313,-0.5138
HMEL,2025-2026,L-29-1-0,29,1,1,0,L,3,5,2SAP0002/25-26,2,2,2CRAP0002/25-26,2CRAP0002/25-26,10,CR,null,null,1,10,null,null,null,null
HMEL,2024-2025,L-26-1-0,26,2,1,0,L,2,3,SMH0117/24-25,117,117,2DRMH0001/25-26,2DRMH0001/25-26,10,DR,null,Change in price & Transportation tariff rebate.,1,10,null,null,null,null
HMEL,2024-2025,L-25-1-0,25,0,1,0,L,1,2,S0297/24-25,297,297,C010/24-25,C010/24-25,6,CR,null,OTHERS,1,6,null,null,null,null
BOROREN,2023-2024,1-0,1,0,1,0,S,1,1,S0354/23-24,354,354,D035/23-24,D035/23-24,10,DR,null,Imbalance charges,1,10,null,null,null,null
BOROREN,2023-2024,1-0,1,0,1,0,S,1,1,S0323/23-24,323,323,D027/23-24,D027/23-24,10,DR,null,Imbalance charge,1,10,null,null,null,null
SUMGLAS,2023-2024,01,1,0,1,0,S,1,1,S0177/23-24,177,177,D011/23-24,D011/23-24,10,DR,null, Imbalance quantity ,1,10,null,null,null,null
SVTPLIN,2023-2024,2-0,1,0,2,0,S,1,1,S0369/23-24,369,369,D041/23-24,D041/23-24,1,DR,null,null,1,1,null,83.025,83.05,-0.0250
SVTPLIN,2023-2024,2-0,1,0,2,0,S,1,1,S0358/23-24,358,358,D033/23-24,D033/23-24,10,DR,null,Imbalance Charges,1,10,null,null,null,null
SVTPLIN,2023-2024,2-0,1,0,2,0,S,1,1,S0391/23-24,391,391,C037/23-24,C037/23-24,1,CR,null,null,1,1,null,82.915,82.89,0.0250
SVTPLIN,2024-2025,04,1,0,4,0,S,1,1,S0031/24-25,31,31,C002/24-25,C002/24-25,1,CR,null,null,1,1,null,83.525,83.42,0.1050
SVTPLIN,2023-2024,03,1,1,3,0,S,1,1,S0435/23-24,435,435,D048/23-24,D048/23-24,1,DR,null,DIFF-EXG,1,1,null,83.375,83.4,-0.0250
SVTPLIN,2023-2024,03,1,0,3,0,S,1,1,S0410/23-24,410,410,D044/23-24,D044/23-24,10,DR,null, Unauthorized Overrun_Imbalance and Ship or pay C,1,10,null,null,null,null
SVTPLIN,2024-2025,04,1,0,4,0,S,1,1,S0014/24-25,14,14,D005/24-25,D005/24-25,1,DR,null,null,1,1,null,83.465,83.6,-0.1350
SVTPLIN,2023-2024,03,1,1,3,0,S,1,1,S0435/23-24,435,435,D045/23-24,D045/23-24,10,DR,null, Imbalance and Ship or Pay charges,1,10,null,null,null,null
SVTPLIN,2024-2025,04,1,0,4,0,S,1,1,S0030/24-25,30,30,C001/24-25,C001/24-25,1,CR,null,null,1,1,null,83.495,83.42,0.0750
AVGL,2024-2025,X-137-10-0,0,0,10,0,X,1,1,S0155/24-25,155,155,D017/24-25,D017/24-25,6,DR,null,OTHERS,1,6,null,null,null,null
AVGL,2024-2025,X-137-9-0,0,0,9,0,X,1,1,S0137/24-25,137,137,D013/24-25,D013/24-25,6,DR,null,OTHERS,1,6,null,null,null,null
AVGL,2024-2025,X-137-9-0,0,0,9,0,X,1,1,S0125/24-25,125,125,D010/24-25,D010/24-25,6,DR,null,OTHERS,1,6,null,null,null,null
AVGL,2024-2025,X-137-10-0,0,0,10,0,X,1,1,S0175/24-25,175,175,D024/24-25,D024/24-25,6,DR,null,OTHERS,1,6,null,null,null,null
LANCOKO,2025-2026,,1,1,1,0,S,3,2,2SAP0020/25-26,20,20,2DRAP0002/25-26,2DRAP0002/25-26,10,DR,null,Imbalance & UnAth Overrun Charges ,1,10,null,null,null,null
LANCOKO,2025-2026,,1,0,1,0,S,3,2,2SAP0014/25-26,14,14,2DRAP0001/25-26,2DRAP0001/25-26,10,DR,null,Imbalance and parking charges.,1,10,null,null,null,null
LANCOKO,2025-2026,,1,2,1,0,S,3,2,2SAP0023/25-26,23,23,2DRAP0003/25-26,2DRAP0003/25-26,10,DR,null,Imbalance & UnAth Overrun Charges,1,10,null,null,null,null
CRMNDEL,2024-2025,1-0,1,0,1,0,S,3,1,SAP0001/24-25,1,1,DAP001/24-25,DAP001/24-25,1,DR,null,null,1,1,null,83.565,83.66,-0.0950
CRMNDEL,2024-2025,1-0,1,0,1,0,S,3,1,SAP0002/24-25,2,2,DAP002/24-25,DAP002/24-25,3,DR,null,null,1,3,null,null,null,null
