COMPANY_CD,FINANCIAL_YEAR,COUNTERPARTY_CD,AGMT_NO,AGMT_REV,CONT_NO,CONT_REV,CONTRACT_TYPE,BU_UNIT,BU_STATE_TIN,BU_CONTACT_PERSON_CD,ADDR_FLAG,CONTACT_PERSON_CD,INVOICE_TYPE,INVOICE_SEQ,INVOICE_NO,LINE_NO,LINE_DESC,UNIT,QTY,RATE,AMOUNT,ENT_BY,ENT_DT,CARGO_NO,SAC_CD
Gail,2025-2026,A-4-7-10722-0,7,0,10722,0,Q,1,24,2LGJ0025/25-26,null,null,TLU,25,2LGJ0025/25-26,1,TLU Charges (Cubal LNG dtd 09-June-25 ),INR,1768.9,90.57,160209.27,null,null,null,998599
Gail,2025-2026,A-4-7-10722-0,7,0,10722,0,Q,1,24,2LGJ0026/25-26,null,null,TLU,26,2LGJ0026/25-26,1,TLU Charges (Lobito LNG dtd 21-June-25),INR,6209.89,90.57,562429.74,null,null,null,998599
Gail,2025-2026,A-4-7-10722-0,7,0,10722,0,Q,1,24,2LGJ0032/25-26,null,null,TLU,32,2LGJ0032/25-26,1,TLU CHARGES (Lobito LNG dated 21-June-25),INR,16034.51,90.57,1452245.57,null,null,null,998599
MINDA,2024-2025,S-1-0-11-0,1,0,11,0,S,1,0,IT0005/24-25,null,null,LP,5,IT0005/24-25,1,Delayed Payment Invoice Generated Against Invoice No. T1062/24-25 dated 30-NOV-24,INR,852.7,13.6,11596.72,46,18/12/2024 00:00:00,0,null
MINDA,2024-2025,S-1-0-11-0,1,0,11,0,S,1,0,IT0006/24-25,null,null,LP,6,IT0006/24-25,1,Delayed Payment Invoice Generated Against Invoice No. T1065/24-25 dated 30-NOV-24,INR,585.42,13.6,7961.712,46,18/12/2024 00:00:00,0,null
MINDA,2025-2026,S-1-0-11-0,1,0,11,0,S,1,0,IT0009/25-26,null,null,LP,9,IT0009/25-26,1,Delayed Payment Invoice Generated Against Invoice No. T1143/24-25 dated 22-DEC-24,INR,891.73,13.6,12127.528,4,11/09/2025 14:18:47,0,null
JKPAPER,2022-2023,S-1-0-6-0,1,0,6,0,S,1,0,IT0001/22-23,null,null,LP,1,IT0001/22-23,1,Delayed Payment Invoice Generated Against Invoice No. T1059/22-23 dated 11-MAR-23,INR,830.1,20,16602,113,29/03/2023 00:00:00,0,null
VIGASLD,2023-2024,S-1-0-3-0,1,0,3,0,S,1,0,IT0029/23-24,null,null,LP,29,IT0029/23-24,1,Delayed Payment Invoice Generated Against Invoice No. T0751/23-24 dated 27-SEP-23,INR,894.85,12.65,11319.8525,113,15/11/2023 00:00:00,0,null
VIGASLD,2023-2024,S-1-0-3-0,1,0,3,0,S,1,0,IT0030/23-24,null,null,LP,30,IT0030/23-24,1,Delayed Payment Invoice Generated Against Invoice No. T0752/23-24 dated 27-SEP-23,INR,898.04,12.65,11360.206,113,15/11/2023 00:00:00,0,null
VIGASLD,2023-2024,S-1-0-3-0,1,0,3,0,S,1,0,IT0031/23-24,null,null,LP,31,IT0031/23-24,1,Delayed Payment Invoice Generated Against Invoice No. T0756/23-24 dated 28-SEP-23,INR,894.7,12.65,11317.955,113,15/11/2023 00:00:00,0,null
VIGASLD,2023-2024,S-1-0-3-0,1,0,3,0,S,1,0,IT0033/23-24,null,null,LP,33,IT0033/23-24,1,Delayed Payment Invoice Generated Against Invoice No. T0760/23-24 dated 29-SEP-23,INR,895.13,12.65,11323.3945,113,15/11/2023 00:00:00,0,null
VIGASLD,2023-2024,S-1-0-3-0,1,0,3,0,S,1,0,IT0034/23-24,null,null,LP,34,IT0034/23-24,1,Delayed Payment Invoice Generated Against Invoice No. T0762/23-24 dated 29-SEP-23,INR,791.71,12.65,10015.1315,113,15/11/2023 00:00:00,0,null
VIGASLD,2023-2024,S-1-0-3-0,1,0,3,0,S,1,0,IT0035/23-24,null,null,LP,35,IT0035/23-24,1,Delayed Payment Invoice Generated Against Invoice No. T0763/23-24 dated 29-SEP-23,INR,899.81,12.65,11382.5965,113,15/11/2023 00:00:00,0,null
VIGASLD,2023-2024,S-1-0-3-0,1,0,3,0,S,1,0,IT0036/23-24,null,null,LP,36,IT0036/23-24,1,Delayed Payment Invoice Generated Against Invoice No. T0764/23-24 dated 30-SEP-23,INR,883.31,12.65,11173.8715,113,15/11/2023 00:00:00,0,null
VIGASLD,2023-2024,S-1-0-3-0,1,0,3,0,S,1,0,IT0090/23-24,null,null,LP,90,IT0090/23-24,1,Delayed Payment Invoice Generated Against Invoice No. T1031/23-24 dated 13-NOV-23,INR,858.52,12.65,10860.278,201,27/11/2023 00:00:00,0,null
VIGASLD,2023-2024,S-1-0-3-0,1,0,3,0,S,1,0,IT0078/23-24,null,null,LP,78,IT0078/23-24,1,Delayed Payment Invoice Generated Against Invoice No. T1010/23-24 dated 09-NOV-23,INR,859.9,12.65,10877.735,201,27/11/2023 00:00:00,0,null
VIGASLD,2023-2024,S-1-0-3-0,1,0,3,0,S,1,0,IT0044/23-24,null,null,LP,44,IT0044/23-24,1,Delayed Payment Invoice Generated Against Invoice No. T0861/23-24 dated 15-OCT-23,INR,893.25,12.65,11299.6125,201,22/11/2023 00:00:00,0,null
VIGASLD,2023-2024,S-1-0-3-0,1,0,3,0,S,1,0,IT0055/23-24,null,null,LP,55,IT0055/23-24,1,Delayed Payment Invoice Generated Against Invoice No. T0912/23-24 dated 24-OCT-23,INR,890.05,12.65,11259.1325,201,22/11/2023 00:00:00,0,null
VIGASLD,2023-2024,S-1-0-3-0,1,0,3,0,S,1,0,IT0063/23-24,null,null,LP,63,IT0063/23-24,1,Delayed Payment Invoice Generated Against Invoice No. T0928/23-24 dated 27-OCT-23,INR,889.09,12.65,11246.9885,201,22/11/2023 00:00:00,0,null
VIGASLD,2023-2024,S-1-0-3-0,1,0,3,0,S,1,0,IT0032/23-24,null,null,LP,32,IT0032/23-24,1,Delayed Payment Invoice Generated Against Invoice No. T0759/23-24 dated 28-SEP-23,INR,894.48,12.65,11315.172,113,15/11/2023 00:00:00,0,null
VIGASLD,2023-2024,S-1-0-3-0,1,0,3,0,S,1,0,IT0018/23-24,null,null,LP,18,IT0018/23-24,1,Delayed Payment Invoice Generated Against Invoice No. T0663/23-24 dated 12-SEP-23,INR,890.77,12.65,11268.2405,201,13/11/2023 00:00:00,0,null
VIGASLD,2023-2024,S-1-0-3-0,1,0,3,0,S,1,0,IT0010/23-24,null,null,LP,10,IT0010/23-24,1,Delayed Payment Invoice Generated Against Invoice No. T0647/23-24 dated 09-SEP-23,INR,874.86,12.65,11066.979,201,13/11/2023 00:00:00,0,null
VIGASLD,2023-2024,S-1-0-3-0,1,0,3,0,S,1,0,IT0008/23-24,null,null,LP,8,IT0008/23-24,1,Delayed Payment Invoice Generated Against Invoice No. T0644/23-24 dated 09-SEP-23,INR,880.55,12.65,11138.9575,201,13/11/2023 00:00:00,0,null
VIGASLD,2023-2024,S-1-0-3-0,1,0,3,0,S,1,0,IT0037/23-24,null,null,LP,37,IT0037/23-24,1,Delayed Payment Invoice Generated Against Invoice No. T0765/23-24 dated 30-SEP-23,INR,893.16,12.65,11298.474,113,15/11/2023 00:00:00,0,null
VIGASLD,2023-2024,S-1-0-3-0,1,0,3,0,S,1,0,IT0038/23-24,null,null,LP,38,IT0038/23-24,1,Delayed Payment Invoice Generated Against Invoice No. T0766/23-24 dated 30-SEP-23,INR,773.66,12.65,9786.799,113,15/11/2023 00:00:00,0,null
VIGASLD,2023-2024,S-1-0-3-0,1,0,3,0,S,1,0,IT0039/23-24,null,null,LP,39,IT0039/23-24,1,Delayed Payment Invoice Generated Against Invoice No. T0771/23-24 dated 01-OCT-23,INR,853.18,12.65,10792.727,113,15/11/2023 00:00:00,0,null
VIGASLD,2023-2024,S-1-0-3-0,1,0,3,0,S,1,0,IT0040/23-24,null,null,LP,40,IT0040/23-24,1,Delayed Payment Invoice Generated Against Invoice No. T0772/23-24 dated 01-OCT-23,INR,768.61,12.65,9722.9165,113,15/11/2023 00:00:00,0,null
VIGASLD,2023-2024,S-1-0-3-0,1,0,3,0,S,1,0,IT0041/23-24,null,null,LP,41,IT0041/23-24,1,Delayed Payment Invoice Generated Against Invoice No. T0773/23-24 dated 01-OCT-23,INR,891.21,12.65,11273.8065,113,15/11/2023 00:00:00,0,null
VIGASLD,2023-2024,S-1-0-3-0,1,0,3,0,S,1,0,IT0042/23-24,null,null,LP,42,IT0042/23-24,1,Delayed Payment Invoice Generated Against Invoice No. T0774/23-24 dated 02-OCT-23,INR,887.87,12.65,11231.5555,113,15/11/2023 00:00:00,0,null
VIGASLD,2023-2024,S-1-0-3-0,1,0,3,0,S,1,0,IT0083/23-24,null,null,LP,83,IT0083/23-24,1,Delayed Payment Invoice Generated Against Invoice No. T1017/23-24 dated 10-NOV-23,INR,889.08,12.65,11246.862,201,27/11/2023 00:00:00,0,null
VIGASLD,2023-2024,S-1-0-3-0,1,0,3,0,S,1,0,IT0084/23-24,null,null,LP,84,IT0084/23-24,1,Delayed Payment Invoice Generated Against Invoice No. T1019/23-24 dated 11-NOV-23,INR,790.85,12.65,10004.2525,201,27/11/2023 00:00:00,0,null
VIGASLD,2023-2024,S-1-0-3-0,1,0,3,0,S,1,0,IT0085/23-24,null,null,LP,85,IT0085/23-24,1,Delayed Payment Invoice Generated Against Invoice No. T1023/23-24 dated 11-NOV-23,INR,886.37,12.65,11212.5805,201,27/11/2023 00:00:00,0,null
VIGASLD,2023-2024,S-1-0-3-0,1,0,3,0,S,1,0,IT0086/23-24,null,null,LP,86,IT0086/23-24,1,Delayed Payment Invoice Generated Against Invoice No. T1024/23-24 dated 12-NOV-23,INR,888.46,12.65,11239.019,201,27/11/2023 00:00:00,0,null
VIGASLD,2023-2024,S-1-0-3-0,1,0,3,0,S,1,0,IT0087/23-24,null,null,LP,87,IT0087/23-24,1,Delayed Payment Invoice Generated Against Invoice No. T1025/23-24 dated 12-NOV-23,INR,901.96,12.65,11409.794,201,27/11/2023 00:00:00,0,null
VIGASLD,2023-2024,S-1-0-3-0,1,0,3,0,S,1,0,IT0088/23-24,null,null,LP,88,IT0088/23-24,1,Delayed Payment Invoice Generated Against Invoice No. T1026/23-24 dated 12-NOV-23,INR,858.82,12.65,10864.073,201,27/11/2023 00:00:00,0,null
VIGASLD,2023-2024,S-1-0-3-0,1,0,3,0,S,1,0,IT0089/23-24,null,null,LP,89,IT0089/23-24,1,Delayed Payment Invoice Generated Against Invoice No. T1028/23-24 dated 12-NOV-23,INR,889.45,12.65,11251.5425,201,27/11/2023 00:00:00,0,null
VIGASLD,2023-2024,S-1-0-3-0,1,0,3,0,S,1,0,IT0091/23-24,null,null,LP,91,IT0091/23-24,1,Delayed Payment Invoice Generated Against Invoice No. T1032/23-24 dated 13-NOV-23,INR,891.24,12.65,11274.186,201,27/11/2023 00:00:00,0,null
VIGASLD,2023-2024,S-1-0-3-0,1,0,3,0,S,1,0,IT0092/23-24,null,null,LP,92,IT0092/23-24,1,Delayed Payment Invoice Generated Against Invoice No. T1034/23-24 dated 14-NOV-23,INR,886.71,12.65,11216.8815,201,27/11/2023 00:00:00,0,null
VIGASLD,2023-2024,S-1-0-3-0,1,0,3,0,S,1,0,IT0093/23-24,null,null,LP,93,IT0093/23-24,1,Delayed Payment Invoice Generated Against Invoice No. T1036/23-24 dated 14-NOV-23,INR,881.83,12.65,11155.1495,201,27/11/2023 00:00:00,0,null
VIGASLD,2023-2024,S-1-0-3-0,1,0,3,0,S,1,0,IT0023/23-24,null,null,LP,23,IT0023/23-24,1,Delayed Payment Invoice Generated Against Invoice No. T0677/23-24 dated 14-SEP-23,INR,864.02,12.65,10929.853,201,13/11/2023 00:00:00,0,null
VIGASLD,2023-2024,S-1-0-3-0,1,0,3,0,S,1,0,IT0024/23-24,null,null,LP,24,IT0024/23-24,1,Delayed Payment Invoice Generated Against Invoice No. T0679/23-24 dated 14-SEP-23,INR,869.1,12.65,10994.115,201,13/11/2023 00:00:00,0,null
VIGASLD,2023-2024,S-1-0-3-0,1,0,3,0,S,1,0,IT0025/23-24,null,null,LP,25,IT0025/23-24,1,Delayed Payment Invoice Generated Against Invoice No. T0681/23-24 dated 14-SEP-23,INR,762.19,12.65,9641.7035,201,13/11/2023 00:00:00,0,null
VIGASLD,2023-2024,S-1-0-3-0,1,0,3,0,S,1,0,IT0026/23-24,null,null,LP,26,IT0026/23-24,1,Delayed Payment Invoice Generated Against Invoice No. T0685/23-24 dated 15-SEP-23,INR,769.14,12.65,9729.621,201,13/11/2023 00:00:00,0,null
VIGASLD,2023-2024,S-1-0-3-0,1,0,3,0,S,1,0,IT0027/23-24,null,null,LP,27,IT0027/23-24,1,Delayed Payment Invoice Generated Against Invoice No. T0688/23-24 dated 15-SEP-23,INR,875.58,12.65,11076.087,201,13/11/2023 00:00:00,0,null
VIGASLD,2023-2024,S-1-0-3-0,1,0,3,0,S,1,0,IT0028/23-24,null,null,LP,28,IT0028/23-24,1,Delayed Payment Invoice Generated Against Invoice No. T0694/23-24 dated 15-SEP-23,INR,857.33,12.65,10845.2245,201,13/11/2023 00:00:00,0,null
VIGASLD,2023-2024,S-1-0-3-0,1,0,3,0,S,1,0,IT0094/23-24,null,null,LP,94,IT0094/23-24,1,Delayed Payment Invoice Generated Against Invoice No. T1037/23-24 dated 15-NOV-23,INR,787.93,12.65,9967.3145,201,27/11/2023 00:00:00,0,null
VIGASLD,2023-2024,S-1-0-3-0,1,0,3,0,S,1,0,IT0011/23-24,null,null,LP,11,IT0011/23-24,1,Delayed Payment Invoice Generated Against Invoice No. T0648/23-24 dated 10-SEP-23,INR,873.47,12.65,11049.3955,201,13/11/2023 00:00:00,0,null
VIGASLD,2023-2024,S-1-0-3-0,1,0,3,0,S,1,0,IT0012/23-24,null,null,LP,12,IT0012/23-24,1,Delayed Payment Invoice Generated Against Invoice No. T0649/23-24 dated 10-SEP-23,INR,894.4,12.65,11314.16,201,13/11/2023 00:00:00,0,null
VIGASLD,2023-2024,S-1-0-3-0,1,0,3,0,S,1,0,IT0013/23-24,null,null,LP,13,IT0013/23-24,1,Delayed Payment Invoice Generated Against Invoice No. T0652/23-24 dated 10-SEP-23,INR,879.24,12.65,11122.386,201,13/11/2023 00:00:00,0,null
VIGASLD,2023-2024,S-1-0-3-0,1,0,3,0,S,1,0,IT0014/23-24,null,null,LP,14,IT0014/23-24,1,Delayed Payment Invoice Generated Against Invoice No. T0655/23-24 dated 10-SEP-23,INR,770.5,12.65,9746.825,201,13/11/2023 00:00:00,0,null
VIGASLD,2023-2024,S-1-0-3-0,1,0,3,0,S,1,0,IT0015/23-24,null,null,LP,15,IT0015/23-24,1,Delayed Payment Invoice Generated Against Invoice No. T0658/23-24 dated 11-SEP-23,INR,782.05,12.65,9892.9325,201,13/11/2023 00:00:00,0,null
VIGASLD,2023-2024,S-1-0-3-0,1,0,3,0,S,1,0,IT0016/23-24,null,null,LP,16,IT0016/23-24,1,Delayed Payment Invoice Generated Against Invoice No. T0660/23-24 dated 11-SEP-23,INR,868.84,12.65,10990.826,201,13/11/2023 00:00:00,0,null
VIGASLD,2023-2024,S-1-0-3-0,1,0,3,0,S,1,0,IT0017/23-24,null,null,LP,17,IT0017/23-24,1,Delayed Payment Invoice Generated Against Invoice No. T0661/23-24 dated 11-SEP-23,INR,878.73,12.65,11115.9345,201,13/11/2023 00:00:00,0,null
VIGASLD,2023-2024,S-1-0-3-0,1,0,3,0,S,1,0,IT0019/23-24,null,null,LP,19,IT0019/23-24,1,Delayed Payment Invoice Generated Against Invoice No. T0667/23-24 dated 12-SEP-23,INR,865.04,12.65,10942.756,201,13/11/2023 00:00:00,0,null
VIGASLD,2023-2024,S-1-0-3-0,1,0,3,0,S,1,0,IT0020/23-24,null,null,LP,20,IT0020/23-24,1,Delayed Payment Invoice Generated Against Invoice No. T0670/23-24 dated 13-SEP-23,INR,888.78,12.65,11243.067,201,13/11/2023 00:00:00,0,null
VIGASLD,2023-2024,S-1-0-3-0,1,0,3,0,S,1,0,IT0096/23-24,null,null,LP,96,IT0096/23-24,1,Delayed Payment Invoice Generated Against Invoice No. T1040/23-24 dated 15-NOV-23,INR,896.23,12.65,11337.3095,201,27/11/2023 00:00:00,0,null
VIGASLD,2023-2024,S-1-0-3-0,1,0,3,0,S,1,0,IT0097/23-24,null,null,LP,97,IT0097/23-24,1,Delayed Payment Invoice Generated Against Invoice No. T1041/23-24 dated 15-NOV-23,INR,864.58,12.65,10936.937,201,27/11/2023 00:00:00,0,null
VIGASLD,2023-2024,S-1-0-3-0,1,0,3,0,S,1,0,IT0021/23-24,null,null,LP,21,IT0021/23-24,1,Delayed Payment Invoice Generated Against Invoice No. T0674/23-24 dated 13-SEP-23,INR,875.07,12.65,11069.6355,201,13/11/2023 00:00:00,0,null
VIGASLD,2023-2024,S-1-0-3-0,1,0,3,0,S,1,0,IT0022/23-24,null,null,LP,22,IT0022/23-24,1,Delayed Payment Invoice Generated Against Invoice No. T0676/23-24 dated 14-SEP-23,INR,872.43,12.65,11036.2395,201,13/11/2023 00:00:00,0,null
VIGASLD,2023-2024,S-1-0-3-0,1,0,3,0,S,1,0,IT0052/23-24,null,null,LP,52,IT0052/23-24,1,Delayed Payment Invoice Generated Against Invoice No. T0895/23-24 dated 21-OCT-23,INR,893.31,12.65,11300.3715,201,22/11/2023 00:00:00,0,null
VIGASLD,2023-2024,S-1-0-3-0,1,0,3,0,S,1,0,IT0053/23-24,null,null,LP,53,IT0053/23-24,1,Delayed Payment Invoice Generated Against Invoice No. T0905/23-24 dated 23-OCT-23,INR,789.1,12.65,9982.115,201,22/11/2023 00:00:00,0,null
VIGASLD,2023-2024,S-1-0-3-0,1,0,3,0,S,1,0,IT0054/23-24,null,null,LP,54,IT0054/23-24,1,Delayed Payment Invoice Generated Against Invoice No. T0909/23-24 dated 23-OCT-23,INR,882.2,12.65,11159.83,201,22/11/2023 00:00:00,0,null
VIGASLD,2023-2024,S-1-0-3-0,1,0,3,0,S,1,0,IT0056/23-24,null,null,LP,56,IT0056/23-24,1,Delayed Payment Invoice Generated Against Invoice No. T0914/23-24 dated 24-OCT-23,INR,886.46,12.65,11213.719,201,22/11/2023 00:00:00,0,null
VIGASLD,2023-2024,S-1-0-3-0,1,0,3,0,S,1,0,IT0077/23-24,null,null,LP,77,IT0077/23-24,1,Delayed Payment Invoice Generated Against Invoice No. T1002/23-24 dated 08-NOV-23,INR,860.96,12.65,10891.144,201,27/11/2023 00:00:00,0,null
VIGASLD,2023-2024,S-1-0-3-0,1,0,3,0,S,1,0,IT0079/23-24,null,null,LP,79,IT0079/23-24,1,Delayed Payment Invoice Generated Against Invoice No. T1011/23-24 dated 09-NOV-23,INR,892.57,12.65,11291.0105,201,27/11/2023 00:00:00,0,null
VIGASLD,2023-2024,S-1-0-3-0,1,0,3,0,S,1,0,IT0080/23-24,null,null,LP,80,IT0080/23-24,1,Delayed Payment Invoice Generated Against Invoice No. T1012/23-24 dated 09-NOV-23,INR,890.3,12.65,11262.295,201,27/11/2023 00:00:00,0,null
VIGASLD,2023-2024,S-1-0-3-0,1,0,3,0,S,1,0,IT0081/23-24,null,null,LP,81,IT0081/23-24,1,Delayed Payment Invoice Generated Against Invoice No. T1014/23-24 dated 10-NOV-23,INR,868.88,12.65,10991.332,201,27/11/2023 00:00:00,0,null
VIGASLD,2023-2024,S-1-0-3-0,1,0,3,0,S,1,0,IT0082/23-24,null,null,LP,82,IT0082/23-24,1,Delayed Payment Invoice Generated Against Invoice No. T1016/23-24 dated 10-NOV-23,INR,893.77,12.65,11306.1905,201,27/11/2023 00:00:00,0,null
VIGASLD,2023-2024,S-1-0-3-0,1,0,3,0,S,1,0,IT0057/23-24,null,null,LP,57,IT0057/23-24,1,Delayed Payment Invoice Generated Against Invoice No. T0916/23-24 dated 25-OCT-23,INR,776.38,12.65,9821.207,201,22/11/2023 00:00:00,0,null
VIGASLD,2023-2024,S-1-0-3-0,1,0,3,0,S,1,0,IT0058/23-24,null,null,LP,58,IT0058/23-24,1,Delayed Payment Invoice Generated Against Invoice No. T0918/23-24 dated 25-OCT-23,INR,887.14,12.65,11222.321,201,22/11/2023 00:00:00,0,null
VIGASLD,2023-2024,S-1-0-3-0,1,0,3,0,S,1,0,IT0059/23-24,null,null,LP,59,IT0059/23-24,1,Delayed Payment Invoice Generated Against Invoice No. T0920/23-24 dated 25-OCT-23,INR,862.26,12.65,10907.589,201,22/11/2023 00:00:00,0,null
VIGASLD,2023-2024,S-1-0-3-0,1,0,3,0,S,1,0,IT0060/23-24,null,null,LP,60,IT0060/23-24,1,Delayed Payment Invoice Generated Against Invoice No. T0923/23-24 dated 26-OCT-23,INR,783.25,12.65,9908.1125,201,22/11/2023 00:00:00,0,null
VIGASLD,2023-2024,S-1-0-3-0,1,0,3,0,S,1,0,IT0061/23-24,null,null,LP,61,IT0061/23-24,1,Delayed Payment Invoice Generated Against Invoice No. T0925/23-24 dated 26-OCT-23,INR,891.32,12.65,11275.198,201,22/11/2023 00:00:00,0,null
VIGASLD,2023-2024,S-1-0-3-0,1,0,3,0,S,1,0,IT0062/23-24,null,null,LP,62,IT0062/23-24,1,Delayed Payment Invoice Generated Against Invoice No. T0926/23-24 dated 26-OCT-23,INR,892.88,12.65,11294.932,201,22/11/2023 00:00:00,0,null
VIGASLD,2023-2024,S-1-0-3-0,1,0,3,0,S,1,0,IT0064/23-24,null,null,LP,64,IT0064/23-24,1,Delayed Payment Invoice Generated Against Invoice No. T0930/23-24 dated 27-OCT-23,INR,847.03,12.65,10714.9295,201,22/11/2023 00:00:00,0,null
VIGASLD,2023-2024,S-1-0-3-0,1,0,3,0,S,1,0,IT0065/23-24,null,null,LP,65,IT0065/23-24,1,Delayed Payment Invoice Generated Against Invoice No. T0932/23-24 dated 27-OCT-23,INR,894.17,12.65,11311.2505,201,22/11/2023 00:00:00,0,null
VIGASLD,2023-2024,S-1-0-3-0,1,0,3,0,S,1,0,IT0066/23-24,null,null,LP,66,IT0066/23-24,1,Delayed Payment Invoice Generated Against Invoice No. T0934/23-24 dated 28-OCT-23,INR,781.45,12.65,9885.3425,201,22/11/2023 00:00:00,0,null
VIGASLD,2023-2024,S-1-0-3-0,1,0,3,0,S,1,0,IT0067/23-24,null,null,LP,67,IT0067/23-24,1,Delayed Payment Invoice Generated Against Invoice No. T0935/23-24 dated 28-OCT-23,INR,863.93,12.65,10928.7145,201,22/11/2023 00:00:00,0,null
VIGASLD,2023-2024,S-1-0-3-0,1,0,3,0,S,1,0,IT0068/23-24,null,null,LP,68,IT0068/23-24,1,Delayed Payment Invoice Generated Against Invoice No. T0937/23-24 dated 28-OCT-23,INR,889,12.65,11245.85,201,22/11/2023 00:00:00,0,null
VIGASLD,2023-2024,S-1-0-3-0,1,0,3,0,S,1,0,IT0069/23-24,null,null,LP,69,IT0069/23-24,1,Delayed Payment Invoice Generated Against Invoice No. T0938/23-24 dated 28-OCT-23,INR,902.49,12.65,11416.4985,201,22/11/2023 00:00:00,0,null
VIGASLD,2023-2024,S-1-0-3-0,1,0,3,0,S,1,0,IT0070/23-24,null,null,LP,70,IT0070/23-24,1,Delayed Payment Invoice Generated Against Invoice No. T0940/23-24 dated 29-OCT-23,INR,889.02,12.65,11246.103,201,22/11/2023 00:00:00,0,null
VIGASLD,2023-2024,S-1-0-3-0,1,0,3,0,S,1,0,IT0071/23-24,null,null,LP,71,IT0071/23-24,1,Delayed Payment Invoice Generated Against Invoice No. T0941/23-24 dated 29-OCT-23,INR,889.53,12.65,11252.5545,201,22/11/2023 00:00:00,0,null
VIGASLD,2023-2024,S-1-0-3-0,1,0,3,0,S,1,0,IT0072/23-24,null,null,LP,72,IT0072/23-24,1,Delayed Payment Invoice Generated Against Invoice No. T0942/23-24 dated 29-OCT-23,INR,794.2,12.65,10046.63,201,22/11/2023 00:00:00,0,null
VIGASLD,2023-2024,S-1-0-3-0,1,0,3,0,S,1,0,IT0073/23-24,null,null,LP,73,IT0073/23-24,1,Delayed Payment Invoice Generated Against Invoice No. T0944/23-24 dated 30-OCT-23,INR,851.86,12.65,10776.029,201,22/11/2023 00:00:00,0,null
VIGASLD,2023-2024,S-1-0-3-0,1,0,3,0,S,1,0,IT0074/23-24,null,null,LP,74,IT0074/23-24,1,Delayed Payment Invoice Generated Against Invoice No. T0947/23-24 dated 30-OCT-23,INR,899,12.65,11372.35,201,22/11/2023 00:00:00,0,null
VIGASLD,2023-2024,S-1-0-3-0,1,0,3,0,S,1,0,IT0075/23-24,null,null,LP,75,IT0075/23-24,1,Delayed Payment Invoice Generated Against Invoice No. T0950/23-24 dated 31-OCT-23,INR,887.6,12.65,11228.14,201,22/11/2023 00:00:00,0,null
VIGASLD,2023-2024,S-1-0-3-0,1,0,3,0,S,1,0,IT0076/23-24,null,null,LP,76,IT0076/23-24,1,Delayed Payment Invoice Generated Against Invoice No. T0952/23-24 dated 31-OCT-23,INR,882.95,12.65,11169.3175,201,22/11/2023 00:00:00,0,null
VIGASLD,2023-2024,S-1-0-3-0,1,0,3,0,S,1,0,IT0002/23-24,null,null,LP,2,IT0002/23-24,1,Delayed Payment Invoice Generated Against Invoice No. T0625/23-24 dated 07-SEP-23,INR,888.98,12.65,11245.597,201,13/11/2023 00:00:00,0,null
VIGASLD,2023-2024,S-1-0-3-0,1,0,3,0,S,1,0,IT0003/23-24,null,null,LP,3,IT0003/23-24,1,Delayed Payment Invoice Generated Against Invoice No. T0628/23-24 dated 07-SEP-23,INR,894.69,12.65,11317.8285,201,13/11/2023 00:00:00,0,null
VIGASLD,2023-2024,S-1-0-3-0,1,0,3,0,S,1,0,IT0004/23-24,null,null,LP,4,IT0004/23-24,1,Delayed Payment Invoice Generated Against Invoice No. T0629/23-24 dated 07-SEP-23,INR,783.28,12.65,9908.492,201,13/11/2023 00:00:00,0,null
VIGASLD,2023-2024,S-1-0-3-0,1,0,3,0,S,1,0,IT0005/23-24,null,null,LP,5,IT0005/23-24,1,Delayed Payment Invoice Generated Against Invoice No. T0632/23-24 dated 08-SEP-23,INR,872.3,12.65,11034.595,201,13/11/2023 00:00:00,0,null
VIGASLD,2023-2024,S-1-0-3-0,1,0,3,0,S,1,0,IT0006/23-24,null,null,LP,6,IT0006/23-24,1,Delayed Payment Invoice Generated Against Invoice No. T0636/23-24 dated 08-SEP-23,INR,773.08,12.65,9779.462,201,13/11/2023 00:00:00,0,null
VIGASLD,2023-2024,S-1-0-3-0,1,0,3,0,S,1,0,IT0007/23-24,null,null,LP,7,IT0007/23-24,1,Delayed Payment Invoice Generated Against Invoice No. T0637/23-24 dated 08-SEP-23,INR,886.38,12.65,11212.707,201,13/11/2023 00:00:00,0,null
VIGASLD,2023-2024,S-1-0-3-0,1,0,3,0,S,1,0,IT0009/23-24,null,null,LP,9,IT0009/23-24,1,Delayed Payment Invoice Generated Against Invoice No. T0645/23-24 dated 09-SEP-23,INR,882.85,12.65,11168.0525,201,13/11/2023 00:00:00,0,null
VIGASLD,2023-2024,S-1-0-3-0,1,0,3,0,S,1,0,IT0043/23-24,null,null,LP,43,IT0043/23-24,1,Delayed Payment Invoice Generated Against Invoice No. T0854/23-24 dated 14-OCT-23,INR,888.05,12.65,11233.8325,201,22/11/2023 00:00:00,0,null
VIGASLD,2023-2024,S-1-0-3-0,1,0,3,0,S,1,0,IT0045/23-24,null,null,LP,45,IT0045/23-24,1,Delayed Payment Invoice Generated Against Invoice No. T0862/23-24 dated 15-OCT-23,INR,730.16,12.65,9236.524,201,22/11/2023 00:00:00,0,null
VIGASLD,2023-2024,S-1-0-3-0,1,0,3,0,S,1,0,IT0046/23-24,null,null,LP,46,IT0046/23-24,1,Delayed Payment Invoice Generated Against Invoice No. T0865/23-24 dated 15-OCT-23,INR,865.62,12.65,10950.093,201,22/11/2023 00:00:00,0,null
VIGASLD,2023-2024,S-1-0-3-0,1,0,3,0,S,1,0,IT0047/23-24,null,null,LP,47,IT0047/23-24,1,Delayed Payment Invoice Generated Against Invoice No. T0888/23-24 dated 20-OCT-23,INR,796.33,12.65,10073.5745,201,22/11/2023 00:00:00,0,null
VIGASLD,2023-2024,S-1-0-3-0,1,0,3,0,S,1,0,IT0048/23-24,null,null,LP,48,IT0048/23-24,1,Delayed Payment Invoice Generated Against Invoice No. T0889/23-24 dated 20-OCT-23,INR,894.95,12.65,11321.1175,201,22/11/2023 00:00:00,0,null
VIGASLD,2023-2024,S-1-0-3-0,1,0,3,0,S,1,0,IT0049/23-24,null,null,LP,49,IT0049/23-24,1,Delayed Payment Invoice Generated Against Invoice No. T0890/23-24 dated 20-OCT-23,INR,883.36,12.65,11174.504,201,22/11/2023 00:00:00,0,null
VIGASLD,2023-2024,S-1-0-3-0,1,0,3,0,S,1,0,IT0050/23-24,null,null,LP,50,IT0050/23-24,1,Delayed Payment Invoice Generated Against Invoice No. T0892/23-24 dated 21-OCT-23,INR,878.66,12.65,11115.049,201,22/11/2023 00:00:00,0,null
VIGASLD,2023-2024,S-1-0-3-0,1,0,3,0,S,1,0,IT0051/23-24,null,null,LP,51,IT0051/23-24,1,Delayed Payment Invoice Generated Against Invoice No. T0894/23-24 dated 21-OCT-23,INR,801.13,12.65,10134.2945,201,22/11/2023 00:00:00,0,null
VIGASLD,2023-2024,S-1-0-3-0,1,0,3,0,S,1,0,IT0095/23-24,null,null,LP,95,IT0095/23-24,1,Delayed Payment Invoice Generated Against Invoice No. T1038/23-24 dated 15-NOV-23,INR,893.36,12.65,11301.004,201,27/11/2023 00:00:00,0,null
KUTCHCL,2024-2025,S-1-0-1-0,1,0,1,0,S,1,0,IT0007/24-25,null,null,LP,7,IT0007/24-25,1,Delayed Payment Invoice Generated Against Invoice No. T1066/24-25 dated 30-NOV-24,INR,834.52,9.95,8303.474,201,20/12/2024 00:00:00,0,null
KUTCHCL,2024-2025,S-1-0-1-0,1,0,1,0,S,1,0,IT0008/24-25,null,null,LP,8,IT0008/24-25,1,Delayed Payment Invoice Generated Against Invoice No. T1061/24-25 dated 29-NOV-24,INR,835.44,9.95,8312.628,201,20/12/2024 00:00:00,0,null
KUTCHCL,2024-2025,S-1-0-1-0,1,0,1,0,S,1,0,IT0009/24-25,null,null,LP,9,IT0009/24-25,1,Delayed Payment Invoice Generated Against Invoice No. T1053/24-25 dated 28-NOV-24,INR,841.93,9.95,8377.2035,201,20/12/2024 00:00:00,0,null
KUTCHCL,2024-2025,S-1-0-1-0,1,0,1,0,S,1,0,IT0010/24-25,null,null,LP,10,IT0010/24-25,1,Delayed Payment Invoice Generated Against Invoice No. T1055/24-25 dated 28-NOV-24,INR,837.92,9.95,8337.304,201,20/12/2024 00:00:00,0,null
KUTCHCL,2024-2025,S-1-0-1-0,1,0,1,0,S,1,0,IT0011/24-25,null,null,LP,11,IT0011/24-25,1,Delayed Payment Invoice Generated Against Invoice No. T1050/24-25 dated 27-NOV-24,INR,827.9,9.95,8237.605,201,20/12/2024 00:00:00,0,null
KUTCHCL,2024-2025,S-1-0-1-0,1,0,1,0,S,1,0,IT0012/24-25,null,null,LP,12,IT0012/24-25,1,Delayed Payment Invoice Generated Against Invoice No. T1039/24-25 dated 24-NOV-24,INR,881.09,9.95,8766.8455,201,20/12/2024 00:00:00,0,null
KUTCHCL,2024-2025,S-1-0-1-0,1,0,1,0,S,1,0,IT0013/24-25,null,null,LP,13,IT0013/24-25,1,Delayed Payment Invoice Generated Against Invoice No. T1026/24-25 dated 21-NOV-24,INR,877.18,9.95,8727.941,201,20/12/2024 00:00:00,0,null
KUTCHCL,2024-2025,S-1-0-1-0,1,0,1,0,S,1,0,IT0014/24-25,null,null,LP,14,IT0014/24-25,1,Delayed Payment Invoice Generated Against Invoice No. T1013/24-25 dated 18-NOV-24,INR,840.6,9.95,8363.97,201,20/12/2024 00:00:00,0,null
KUTCHCL,2024-2025,S-1-0-1-0,1,0,1,0,S,1,0,IT0001/24-25,null,null,LP,1,IT0001/24-25,1,Delayed Payment Invoice Generated Against Invoice No. T0961/24-25 dated 31-OCT-24,INR,842.91,9.95,8386.9545,201,11/12/2024 00:00:00,0,null
KUTCHCL,2024-2025,S-1-0-1-0,1,0,1,0,S,1,0,IT0002/24-25,null,null,LP,2,IT0002/24-25,1,Delayed Payment Invoice Generated Against Invoice No. T0978/24-25 dated 06-NOV-24,INR,850.28,9.95,8460.286,201,11/12/2024 00:00:00,0,null
KUTCHCL,2024-2025,S-1-0-1-0,1,0,1,0,S,1,0,IT0003/24-25,null,null,LP,3,IT0003/24-25,1,Delayed Payment Invoice Generated Against Invoice No. T0981/24-25 dated 07-NOV-24,INR,825.22,9.95,8210.939,201,11/12/2024 00:00:00,0,null
KUTCHCL,2024-2025,S-1-0-1-0,1,0,1,0,S,1,0,IT0004/24-25,null,null,LP,4,IT0004/24-25,1,Delayed Payment Invoice Generated Against Invoice No. T0998/24-25 dated 13-NOV-24,INR,836.68,9.95,8324.966,201,11/12/2024 00:00:00,0,null
KUTCHCL,2024-2025,S-1-0-2-0,1,0,2,0,S,1,0,IT0015/24-25,null,null,LP,15,IT0015/24-25,1,Delayed Payment Invoice Generated Against Invoice No. T1200/24-25 dated 14-JAN-25,INR,880.52,15.26,13436.7352,46,24/02/2025 00:00:00,0,null
KUTCHCL,2024-2025,S-1-0-2-0,1,0,2,0,S,1,0,IT0016/24-25,null,null,LP,16,IT0016/24-25,1,Delayed Payment Invoice Generated Against Invoice No. T1201/24-25 dated 14-JAN-25,INR,861.89,15.26,13152.4414,46,24/02/2025 00:00:00,0,null
KUTCHCL,2024-2025,S-1-0-2-0,1,0,2,0,S,1,0,IT0017/24-25,null,null,LP,17,IT0017/24-25,1,Delayed Payment Invoice Generated Against Invoice No. T1202/24-25 dated 14-JAN-25,INR,791.71,15.26,12081.4946,46,24/02/2025 00:00:00,0,null
KUTCHCL,2024-2025,S-1-0-2-0,1,0,2,0,S,1,0,IT0018/24-25,null,null,LP,18,IT0018/24-25,1,Delayed Payment Invoice Generated Against Invoice No. T1209/24-25 dated 18-JAN-25,INR,855.9,15.26,13061.034,46,24/02/2025 00:00:00,0,null
KUTCHCL,2024-2025,S-1-0-2-0,1,0,2,0,S,1,0,IT0019/24-25,null,null,LP,19,IT0019/24-25,1,Delayed Payment Invoice Generated Against Invoice No. T1217/24-25 dated 22-JAN-25,INR,887.91,15.26,13549.5066,46,24/02/2025 00:00:00,0,null
KUTCHCL,2024-2025,S-1-0-2-0,1,0,2,0,S,1,0,IT0020/24-25,null,null,LP,20,IT0020/24-25,1,Delayed Payment Invoice Generated Against Invoice No. T1221/24-25 dated 24-JAN-25,INR,849.71,15.26,12966.5746,46,24/02/2025 00:00:00,0,null
KUTCHCL,2024-2025,S-1-0-2-0,1,0,2,0,S,1,0,IT0021/24-25,null,null,LP,21,IT0021/24-25,1,Delayed Payment Invoice Generated Against Invoice No. T1223/24-25 dated 25-JAN-25,INR,890.67,15.26,13591.6242,46,24/02/2025 00:00:00,0,null
KUTCHCL,2025-2026,S-1-0-2-0,1,0,2,0,S,1,0,2TLPGJ0002/25-26,null,null,LP,2,2TLPGJ0002/25-26,1,Delayed Payment Invoice Generated Against Invoice No. T1369/24-25 dated 26-MAR-25,INR,882.73,15.26,13470.4598,46,25/04/2025 00:00:00,0,null
KUTCHCL,2025-2026,S-1-0-2-0,1,0,2,0,S,1,0,2TLPGJ0003/25-26,null,null,LP,3,2TLPGJ0003/25-26,1,Delayed Payment Invoice Generated Against Invoice No. T1377/24-25 dated 28-MAR-25,INR,881.62,15.26,13453.5212,46,25/04/2025 00:00:00,0,null
KUTCHCL,2025-2026,S-1-0-2-0,1,0,2,0,S,1,0,2TLPGJ0004/25-26,null,null,LP,4,2TLPGJ0004/25-26,1,Delayed Payment Invoice Generated Against Invoice No. T1378/24-25 dated 28-MAR-25,INR,884.57,15.26,13498.5382,46,25/04/2025 00:00:00,0,null
KUTCHCL,2025-2026,S-1-0-2-0,1,0,2,0,S,1,0,2TLPGJ0005/25-26,null,null,LP,5,2TLPGJ0005/25-26,1,Delayed Payment Invoice Generated Against Invoice No. 2TGJ0004/25-26 dated 02-APR-25,INR,882,15.26,13459.32,201,06/05/2025 00:00:00,0,null
KUTCHCL,2025-2026,S-1-0-2-0,1,0,2,0,S,1,0,2TLPGJ0006/25-26,null,null,LP,6,2TLPGJ0006/25-26,1,Delayed Payment Invoice Generated Against Invoice No. 2TGJ0005/25-26 dated 02-APR-25,INR,877.88,15.26,13396.4488,201,06/05/2025 00:00:00,0,null
KUTCHCL,2025-2026,S-1-0-2-0,1,0,2,0,S,1,0,2TLPGJ0007/25-26,null,null,LP,7,2TLPGJ0007/25-26,1,Delayed Payment Invoice Generated Against Invoice No. 2TGJ0017/25-26 dated 07-APR-25,INR,888.23,15.26,13554.3898,201,06/05/2025 00:00:00,0,null
KUTCHCL,2025-2026,S-1-0-2-0,1,0,2,0,S,1,0,2TLPGJ0008/25-26,null,null,LP,8,2TLPGJ0008/25-26,1,Delayed Payment Invoice Generated Against Invoice No. 2TGJ0022/25-26 dated 09-APR-25,INR,888.32,15.26,13555.7632,201,06/05/2025 00:00:00,0,null
KUTCHCL,2025-2026,S-1-0-2-0,1,0,2,0,S,1,0,2TLPGJ0001/25-26,null,null,LP,1,2TLPGJ0001/25-26,1,Delayed Payment Invoice Generated Against Invoice No. T1361/24-25 dated 24-MAR-25,INR,890.94,15.26,13595.7444,46,25/04/2025 00:00:00,0,null
