COMPANY_CD,FINANCIAL_YEAR,BU_STATE_TIN,INVOICE_SEQ,INVOICE_TYPE,PDF_TYPE,FILE_NAME,ENT_BY,ENT_DT,MODIFY_BY,MODIFY_DT,PDF_SIGNED,SIGNED_BY,SIGNED_DT
Gail,2025-2026,25,2LGJ0025/25-26,TLU,O,INVOICE-E-2025-2026-25-1.pdf,null,null,null,null,Y,NAKUL ASHOK RAHEJA,01/07/2025 00:00:00
Gail,2025-2026,25,2LGJ0025/25-26,TLU,D,INVOICE-E-2025-2026-25-1.pdf,null,null,null,null,Y,NAKUL ASHOK RAHEJA,16/07/2025 00:00:00
Gail,2025-2026,26,2LGJ0026/25-26,TLU,O,INVOICE-E-2025-2026-26-1.pdf,null,null,null,null,Y,NAKUL ASHOK RAHEJA,01/07/2025 00:00:00
Gail,2025-2026,26,2LGJ0026/25-26,TLU,D,INVOICE-E-2025-2026-26-1.pdf,null,null,null,null,Y,NAKUL ASHOK RAHEJA,16/07/2025 00:00:00
Gail,2025-2026,32,2LGJ0032/25-26,TLU,O,INVOICE-E-2025-2026-32-1.pdf,null,null,null,null,Y,NAKUL ASHOK RAHEJA,16/07/2025 00:00:00
Gail,2025-2026,32,2LGJ0032/25-26,TLU,D,INVOICE-E-2025-2026-32-1.pdf,null,null,null,null,Y,NAKUL ASHOK RAHEJA,01/08/2025 00:00:00
Gail,2025-2026,37,2LGJ0037/25-26,TLU,O,INVOICE-E-2025-2026-37-1.pdf,null,null,null,null,Y,NAKUL ASHOK RAHEJA,01/08/2025 00:00:00
Gail,2025-2026,37,2LGJ0037/25-26,TLU,D,INVOICE-E-2025-2026-37-1.pdf,null,null,null,null,Y,NAKUL ASHOK RAHEJA,01/08/2025 00:00:00
Gail,2025-2026,38,2LGJ0038/25-26,TLU,O,INVOICE-E-2025-2026-38-1.pdf,null,null,null,null,Y,NAKUL ASHOK RAHEJA,01/08/2025 00:00:00
Gail,2025-2026,38,2LGJ0038/25-26,TLU,D,INVOICE-E-2025-2026-38-1.pdf,null,null,null,null,Y,NAKUL ASHOK RAHEJA,01/08/2025 00:00:00
Gail,2025-2026,47,2LGJ0047/25-26,TLU,O,INVOICE-E-2025-2026-47-1.pdf,null,null,null,null,Y,NAKUL ASHOK RAHEJA,18/08/2025 00:00:00
Gail,2025-2026,48,2LGJ0048/25-26,TLU,O,INVOICE-E-2025-2026-48-1.pdf,null,null,null,null,Y,NAKUL ASHOK RAHEJA,18/08/2025 00:00:00
Gail,2025-2026,49,2LGJ0049/25-26,TLU,O,INVOICE-E-2025-2026-49-1.pdf,null,null,null,null,Y,NAKUL ASHOK RAHEJA,18/08/2025 00:00:00
Gail,2025-2026,50,2LGJ0050/25-26,TLU,O,INVOICE-E-2025-2026-50-1.pdf,null,null,null,null,Y,NAKUL ASHOK RAHEJA,01/09/2025 00:00:00
Gail,2025-2026,50,2LGJ0050/25-26,TLU,D,INVOICE-E-2025-2026-50-1.pdf,null,null,null,null,Y,NAKUL ASHOK RAHEJA,01/09/2025 00:00:00
MINDA,2024-2025,5,IT0005/24-25,LP,D,INVOICE-18122024-MINDA-Minda-Detroj-I-5.pdf,46,18/12/2024 00:00:00,null,null,Y,NAKUL ASHOK RAHEJA,18/12/2024 00:00:00
MINDA,2024-2025,5,IT0005/24-25,LP,O,INVOICE-18122024-MINDA-Minda-Detroj-I-5.pdf,46,18/12/2024 00:00:00,null,null,Y,NAKUL ASHOK RAHEJA,18/12/2024 00:00:00
MINDA,2024-2025,5,IT0005/24-25,LP,T,INVOICE-18122024-MINDA-Minda-Detroj-I-5.pdf,46,18/12/2024 00:00:00,null,null,Y,NAKUL ASHOK RAHEJA,18/12/2024 00:00:00
MINDA,2024-2025,6,IT0006/24-25,LP,D,INVOICE-18122024-MINDA-Minda-Detroj-I-6.pdf,46,18/12/2024 00:00:00,null,null,Y,NAKUL ASHOK RAHEJA,18/12/2024 00:00:00
MINDA,2024-2025,6,IT0006/24-25,LP,O,INVOICE-18122024-MINDA-Minda-Detroj-I-6.pdf,46,18/12/2024 00:00:00,null,null,Y,NAKUL ASHOK RAHEJA,18/12/2024 00:00:00
MINDA,2024-2025,6,IT0006/24-25,LP,T,INVOICE-18122024-MINDA-Minda-Detroj-I-6.pdf,46,18/12/2024 00:00:00,null,null,Y,NAKUL ASHOK RAHEJA,18/12/2024 00:00:00
MINDA,2025-2026,9,IT0009/25-26,LP,O,INVOICE-11092025-MINDA-Minda-Detroj-I-9.pdf,null,null,null,null,null,null,null
JKPAPER,2022-2023,1,IT0001/22-23,LP,D,INVOICE-29032023-JKPAPER-JKPAPER-SONGADH-I-1.pdf,113,29/03/2023 00:00:00,null,null,Y,NAKUL ASHOK RAHEJA,29/03/2023 00:00:00
JKPAPER,2022-2023,1,IT0001/22-23,LP,O,INVOICE-29032023-JKPAPER-JKPAPER-SONGADH-I-1.pdf,113,29/03/2023 00:00:00,null,null,Y,NAKUL ASHOK RAHEJA,29/03/2023 00:00:00
JKPAPER,2022-2023,1,IT0001/22-23,LP,T,INVOICE-29032023-JKPAPER-JKPAPER-SONGADH-I-1.pdf,113,29/03/2023 00:00:00,null,null,Y,NAKUL ASHOK RAHEJA,29/03/2023 00:00:00
VIGASLD,2023-2024,2,IT0002/23-24,LP,D,INVOICE-13112023-VIGASLD-Vishaka_Glass_-_Mundra-I-20.pdf,201,13/11/2023 00:00:00,null,null,null,null,null
VIGASLD,2023-2024,2,IT0002/23-24,LP,O,INVOICE-13112023-VIGASLD-Vishaka_Glass_-_Mundra-I-20.pdf,201,13/11/2023 00:00:00,null,null,null,null,null
VIGASLD,2023-2024,2,IT0002/23-24,LP,T,INVOICE-13112023-VIGASLD-Vishaka_Glass_-_Mundra-I-20.pdf,201,13/11/2023 00:00:00,null,null,null,null,null
VIGASLD,2023-2024,2,IT0002/23-24,LP,D,INVOICE-13112023-VIGASLD-Vishaka_Glass_-_Mundra-I-21.pdf,201,13/11/2023 00:00:00,null,null,null,null,null
VIGASLD,2023-2024,2,IT0002/23-24,LP,O,INVOICE-13112023-VIGASLD-Vishaka_Glass_-_Mundra-I-21.pdf,201,13/11/2023 00:00:00,null,null,null,null,null
VIGASLD,2023-2024,2,IT0002/23-24,LP,T,INVOICE-13112023-VIGASLD-Vishaka_Glass_-_Mundra-I-21.pdf,201,13/11/2023 00:00:00,null,null,null,null,null
VIGASLD,2023-2024,2,IT0002/23-24,LP,D,INVOICE-13112023-VIGASLD-Vishaka_Glass_-_Mundra-I-22.pdf,201,13/11/2023 00:00:00,null,null,null,null,null
VIGASLD,2023-2024,2,IT0002/23-24,LP,O,INVOICE-13112023-VIGASLD-Vishaka_Glass_-_Mundra-I-22.pdf,201,13/11/2023 00:00:00,null,null,null,null,null
VIGASLD,2023-2024,2,IT0002/23-24,LP,T,INVOICE-13112023-VIGASLD-Vishaka_Glass_-_Mundra-I-22.pdf,201,13/11/2023 00:00:00,null,null,null,null,null
VIGASLD,2023-2024,2,IT0002/23-24,LP,D,INVOICE-13112023-VIGASLD-Vishaka_Glass_-_Mundra-I-23.pdf,201,13/11/2023 00:00:00,null,null,null,null,null
VIGASLD,2023-2024,2,IT0002/23-24,LP,O,INVOICE-13112023-VIGASLD-Vishaka_Glass_-_Mundra-I-23.pdf,201,13/11/2023 00:00:00,null,null,null,null,null
VIGASLD,2023-2024,2,IT0002/23-24,LP,T,INVOICE-13112023-VIGASLD-Vishaka_Glass_-_Mundra-I-23.pdf,201,13/11/2023 00:00:00,null,null,null,null,null
VIGASLD,2023-2024,2,IT0002/23-24,LP,D,INVOICE-13112023-VIGASLD-Vishaka_Glass_-_Mundra-I-24.pdf,201,13/11/2023 00:00:00,null,null,null,null,null
VIGASLD,2023-2024,2,IT0002/23-24,LP,O,INVOICE-13112023-VIGASLD-Vishaka_Glass_-_Mundra-I-24.pdf,201,13/11/2023 00:00:00,null,null,null,null,null
VIGASLD,2023-2024,2,IT0002/23-24,LP,T,INVOICE-13112023-VIGASLD-Vishaka_Glass_-_Mundra-I-24.pdf,201,13/11/2023 00:00:00,null,null,null,null,null
VIGASLD,2023-2024,2,IT0002/23-24,LP,D,INVOICE-13112023-VIGASLD-Vishaka_Glass_-_Mundra-I-25.pdf,201,13/11/2023 00:00:00,null,null,null,null,null
VIGASLD,2023-2024,2,IT0002/23-24,LP,O,INVOICE-13112023-VIGASLD-Vishaka_Glass_-_Mundra-I-25.pdf,201,13/11/2023 00:00:00,null,null,null,null,null
VIGASLD,2023-2024,2,IT0002/23-24,LP,T,INVOICE-13112023-VIGASLD-Vishaka_Glass_-_Mundra-I-25.pdf,201,13/11/2023 00:00:00,null,null,null,null,null
VIGASLD,2023-2024,2,IT0002/23-24,LP,D,INVOICE-13112023-VIGASLD-Vishaka_Glass_-_Mundra-I-26.pdf,201,13/11/2023 00:00:00,null,null,null,null,null
VIGASLD,2023-2024,2,IT0002/23-24,LP,O,INVOICE-13112023-VIGASLD-Vishaka_Glass_-_Mundra-I-26.pdf,201,13/11/2023 00:00:00,null,null,null,null,null
VIGASLD,2023-2024,2,IT0002/23-24,LP,T,INVOICE-13112023-VIGASLD-Vishaka_Glass_-_Mundra-I-26.pdf,201,13/11/2023 00:00:00,null,null,null,null,null
VIGASLD,2023-2024,2,IT0002/23-24,LP,D,INVOICE-13112023-VIGASLD-Vishaka_Glass_-_Mundra-I-27.pdf,201,13/11/2023 00:00:00,null,null,null,null,null
VIGASLD,2023-2024,2,IT0002/23-24,LP,O,INVOICE-13112023-VIGASLD-Vishaka_Glass_-_Mundra-I-27.pdf,201,13/11/2023 00:00:00,null,null,null,null,null
VIGASLD,2023-2024,2,IT0002/23-24,LP,T,INVOICE-13112023-VIGASLD-Vishaka_Glass_-_Mundra-I-27.pdf,201,13/11/2023 00:00:00,null,null,null,null,null
VIGASLD,2023-2024,2,IT0002/23-24,LP,D,INVOICE-13112023-VIGASLD-Vishaka_Glass_-_Mundra-I-28.pdf,201,13/11/2023 00:00:00,null,null,null,null,null
VIGASLD,2023-2024,2,IT0002/23-24,LP,O,INVOICE-13112023-VIGASLD-Vishaka_Glass_-_Mundra-I-28.pdf,201,13/11/2023 00:00:00,null,null,null,null,null
VIGASLD,2023-2024,2,IT0002/23-24,LP,T,INVOICE-13112023-VIGASLD-Vishaka_Glass_-_Mundra-I-28.pdf,201,13/11/2023 00:00:00,null,null,null,null,null
VIGASLD,2023-2024,3,IT0003/23-24,LP,D,INVOICE-13112023-VIGASLD-Vishaka_Glass_-_Mundra-I-3.pdf,201,13/11/2023 00:00:00,null,null,null,null,null
VIGASLD,2023-2024,3,IT0003/23-24,LP,O,INVOICE-13112023-VIGASLD-Vishaka_Glass_-_Mundra-I-3.pdf,201,13/11/2023 00:00:00,null,null,null,null,null
VIGASLD,2023-2024,3,IT0003/23-24,LP,T,INVOICE-13112023-VIGASLD-Vishaka_Glass_-_Mundra-I-3.pdf,201,13/11/2023 00:00:00,null,null,null,null,null
VIGASLD,2023-2024,4,IT0004/23-24,LP,D,INVOICE-13112023-VIGASLD-Vishaka_Glass_-_Mundra-I-4.pdf,201,13/11/2023 00:00:00,null,null,null,null,null
VIGASLD,2023-2024,4,IT0004/23-24,LP,O,INVOICE-13112023-VIGASLD-Vishaka_Glass_-_Mundra-I-4.pdf,201,13/11/2023 00:00:00,null,null,null,null,null
VIGASLD,2023-2024,4,IT0004/23-24,LP,T,INVOICE-13112023-VIGASLD-Vishaka_Glass_-_Mundra-I-4.pdf,201,13/11/2023 00:00:00,null,null,null,null,null
VIGASLD,2023-2024,5,IT0005/23-24,LP,D,INVOICE-13112023-VIGASLD-Vishaka_Glass_-_Mundra-I-5.pdf,201,13/11/2023 00:00:00,null,null,null,null,null
VIGASLD,2023-2024,5,IT0005/23-24,LP,O,INVOICE-13112023-VIGASLD-Vishaka_Glass_-_Mundra-I-5.pdf,201,13/11/2023 00:00:00,null,null,null,null,null
VIGASLD,2023-2024,5,IT0005/23-24,LP,T,INVOICE-13112023-VIGASLD-Vishaka_Glass_-_Mundra-I-5.pdf,201,13/11/2023 00:00:00,null,null,null,null,null
VIGASLD,2023-2024,6,IT0006/23-24,LP,D,INVOICE-13112023-VIGASLD-Vishaka_Glass_-_Mundra-I-6.pdf,201,13/11/2023 00:00:00,null,null,null,null,null
VIGASLD,2023-2024,6,IT0006/23-24,LP,O,INVOICE-13112023-VIGASLD-Vishaka_Glass_-_Mundra-I-6.pdf,201,13/11/2023 00:00:00,null,null,null,null,null
VIGASLD,2023-2024,6,IT0006/23-24,LP,T,INVOICE-13112023-VIGASLD-Vishaka_Glass_-_Mundra-I-6.pdf,201,13/11/2023 00:00:00,null,null,null,null,null
VIGASLD,2023-2024,7,IT0007/23-24,LP,D,INVOICE-13112023-VIGASLD-Vishaka_Glass_-_Mundra-I-7.pdf,201,13/11/2023 00:00:00,null,null,null,null,null
VIGASLD,2023-2024,7,IT0007/23-24,LP,O,INVOICE-13112023-VIGASLD-Vishaka_Glass_-_Mundra-I-7.pdf,201,13/11/2023 00:00:00,null,null,null,null,null
VIGASLD,2023-2024,7,IT0007/23-24,LP,T,INVOICE-13112023-VIGASLD-Vishaka_Glass_-_Mundra-I-7.pdf,201,13/11/2023 00:00:00,null,null,null,null,null
VIGASLD,2023-2024,8,IT0008/23-24,LP,D,INVOICE-13112023-VIGASLD-Vishaka_Glass_-_Mundra-I-8.pdf,201,13/11/2023 00:00:00,null,null,null,null,null
VIGASLD,2023-2024,8,IT0008/23-24,LP,O,INVOICE-13112023-VIGASLD-Vishaka_Glass_-_Mundra-I-8.pdf,201,13/11/2023 00:00:00,null,null,null,null,null
VIGASLD,2023-2024,8,IT0008/23-24,LP,T,INVOICE-13112023-VIGASLD-Vishaka_Glass_-_Mundra-I-8.pdf,201,13/11/2023 00:00:00,null,null,null,null,null
VIGASLD,2023-2024,9,IT0009/23-24,LP,D,INVOICE-13112023-VIGASLD-Vishaka_Glass_-_Mundra-I-9.pdf,201,13/11/2023 00:00:00,null,null,null,null,null
VIGASLD,2023-2024,9,IT0009/23-24,LP,O,INVOICE-13112023-VIGASLD-Vishaka_Glass_-_Mundra-I-9.pdf,113,13/11/2023 00:00:00,null,null,null,null,null
VIGASLD,2023-2024,9,IT0009/23-24,LP,T,INVOICE-13112023-VIGASLD-Vishaka_Glass_-_Mundra-I-9.pdf,201,13/11/2023 00:00:00,null,null,null,null,null
VIGASLD,2023-2024,10,IT0010/23-24,LP,D,INVOICE-13112023-VIGASLD-Vishaka_Glass_-_Mundra-I-10.pdf,201,13/11/2023 00:00:00,null,null,null,null,null
VIGASLD,2023-2024,10,IT0010/23-24,LP,O,INVOICE-13112023-VIGASLD-Vishaka_Glass_-_Mundra-I-10.pdf,113,13/11/2023 00:00:00,null,null,null,null,null
VIGASLD,2023-2024,10,IT0010/23-24,LP,T,INVOICE-13112023-VIGASLD-Vishaka_Glass_-_Mundra-I-10.pdf,201,13/11/2023 00:00:00,null,null,null,null,null
VIGASLD,2023-2024,11,IT0011/23-24,LP,D,INVOICE-13112023-VIGASLD-Vishaka_Glass_-_Mundra-I-11.pdf,201,13/11/2023 00:00:00,null,null,null,null,null
VIGASLD,2023-2024,11,IT0011/23-24,LP,O,INVOICE-13112023-VIGASLD-Vishaka_Glass_-_Mundra-I-11.pdf,113,13/11/2023 00:00:00,null,null,null,null,null
VIGASLD,2023-2024,11,IT0011/23-24,LP,T,INVOICE-13112023-VIGASLD-Vishaka_Glass_-_Mundra-I-11.pdf,201,13/11/2023 00:00:00,null,null,null,null,null
VIGASLD,2023-2024,12,IT0012/23-24,LP,D,INVOICE-13112023-VIGASLD-Vishaka_Glass_-_Mundra-I-12.pdf,201,13/11/2023 00:00:00,null,null,null,null,null
VIGASLD,2023-2024,12,IT0012/23-24,LP,O,INVOICE-13112023-VIGASLD-Vishaka_Glass_-_Mundra-I-12.pdf,113,13/11/2023 00:00:00,null,null,null,null,null
VIGASLD,2023-2024,12,IT0012/23-24,LP,T,INVOICE-13112023-VIGASLD-Vishaka_Glass_-_Mundra-I-12.pdf,201,13/11/2023 00:00:00,null,null,null,null,null
VIGASLD,2023-2024,13,IT0013/23-24,LP,D,INVOICE-13112023-VIGASLD-Vishaka_Glass_-_Mundra-I-13.pdf,113,13/11/2023 00:00:00,null,null,null,null,null
VIGASLD,2023-2024,13,IT0013/23-24,LP,O,INVOICE-13112023-VIGASLD-Vishaka_Glass_-_Mundra-I-13.pdf,113,13/11/2023 00:00:00,null,null,null,null,null
VIGASLD,2023-2024,13,IT0013/23-24,LP,T,INVOICE-13112023-VIGASLD-Vishaka_Glass_-_Mundra-I-13.pdf,201,13/11/2023 00:00:00,null,null,null,null,null
VIGASLD,2023-2024,14,IT0014/23-24,LP,D,INVOICE-13112023-VIGASLD-Vishaka_Glass_-_Mundra-I-14.pdf,113,13/11/2023 00:00:00,null,null,null,null,null
VIGASLD,2023-2024,14,IT0014/23-24,LP,O,INVOICE-13112023-VIGASLD-Vishaka_Glass_-_Mundra-I-14.pdf,113,13/11/2023 00:00:00,null,null,null,null,null
VIGASLD,2023-2024,14,IT0014/23-24,LP,T,INVOICE-13112023-VIGASLD-Vishaka_Glass_-_Mundra-I-14.pdf,201,13/11/2023 00:00:00,null,null,null,null,null
VIGASLD,2023-2024,15,IT0015/23-24,LP,D,INVOICE-13112023-VIGASLD-Vishaka_Glass_-_Mundra-I-15.pdf,113,13/11/2023 00:00:00,null,null,null,null,null
VIGASLD,2023-2024,15,IT0015/23-24,LP,O,INVOICE-13112023-VIGASLD-Vishaka_Glass_-_Mundra-I-15.pdf,113,13/11/2023 00:00:00,null,null,null,null,null
VIGASLD,2023-2024,15,IT0015/23-24,LP,T,INVOICE-13112023-VIGASLD-Vishaka_Glass_-_Mundra-I-15.pdf,201,13/11/2023 00:00:00,null,null,null,null,null
VIGASLD,2023-2024,16,IT0016/23-24,LP,D,INVOICE-13112023-VIGASLD-Vishaka_Glass_-_Mundra-I-16.pdf,113,13/11/2023 00:00:00,null,null,null,null,null
VIGASLD,2023-2024,16,IT0016/23-24,LP,O,INVOICE-13112023-VIGASLD-Vishaka_Glass_-_Mundra-I-16.pdf,113,13/11/2023 00:00:00,null,null,null,null,null
VIGASLD,2023-2024,16,IT0016/23-24,LP,T,INVOICE-13112023-VIGASLD-Vishaka_Glass_-_Mundra-I-16.pdf,201,13/11/2023 00:00:00,null,null,null,null,null
VIGASLD,2023-2024,17,IT0017/23-24,LP,D,INVOICE-13112023-VIGASLD-Vishaka_Glass_-_Mundra-I-17.pdf,113,13/11/2023 00:00:00,null,null,null,null,null
VIGASLD,2023-2024,17,IT0017/23-24,LP,O,INVOICE-13112023-VIGASLD-Vishaka_Glass_-_Mundra-I-17.pdf,113,13/11/2023 00:00:00,null,null,null,null,null
VIGASLD,2023-2024,17,IT0017/23-24,LP,T,INVOICE-13112023-VIGASLD-Vishaka_Glass_-_Mundra-I-17.pdf,201,13/11/2023 00:00:00,null,null,null,null,null
VIGASLD,2023-2024,18,IT0018/23-24,LP,D,INVOICE-13112023-VIGASLD-Vishaka_Glass_-_Mundra-I-18.pdf,113,13/11/2023 00:00:00,null,null,null,null,null
VIGASLD,2023-2024,18,IT0018/23-24,LP,O,INVOICE-13112023-VIGASLD-Vishaka_Glass_-_Mundra-I-18.pdf,113,13/11/2023 00:00:00,null,null,null,null,null
VIGASLD,2023-2024,18,IT0018/23-24,LP,T,INVOICE-13112023-VIGASLD-Vishaka_Glass_-_Mundra-I-18.pdf,201,13/11/2023 00:00:00,null,null,null,null,null
VIGASLD,2023-2024,19,IT0019/23-24,LP,D,INVOICE-13112023-VIGASLD-Vishaka_Glass_-_Mundra-I-19.pdf,113,13/11/2023 00:00:00,null,null,null,null,null
VIGASLD,2023-2024,19,IT0019/23-24,LP,O,INVOICE-13112023-VIGASLD-Vishaka_Glass_-_Mundra-I-19.pdf,113,13/11/2023 00:00:00,null,null,null,null,null
VIGASLD,2023-2024,19,IT0019/23-24,LP,T,INVOICE-13112023-VIGASLD-Vishaka_Glass_-_Mundra-I-19.pdf,201,13/11/2023 00:00:00,null,null,null,null,null
VIGASLD,2023-2024,20,IT0020/23-24,LP,D,INVOICE-13112023-VIGASLD-Vishaka_Glass_-_Mundra-I-20.pdf,113,13/11/2023 00:00:00,null,null,null,null,null
VIGASLD,2023-2024,20,IT0020/23-24,LP,O,INVOICE-13112023-VIGASLD-Vishaka_Glass_-_Mundra-I-20.pdf,113,13/11/2023 00:00:00,null,null,null,null,null
VIGASLD,2023-2024,20,IT0020/23-24,LP,T,INVOICE-13112023-VIGASLD-Vishaka_Glass_-_Mundra-I-20.pdf,201,13/11/2023 00:00:00,null,null,null,null,null
VIGASLD,2023-2024,21,IT0021/23-24,LP,D,INVOICE-13112023-VIGASLD-Vishaka_Glass_-_Mundra-I-21.pdf,113,13/11/2023 00:00:00,null,null,null,null,null
VIGASLD,2023-2024,21,IT0021/23-24,LP,O,INVOICE-13112023-VIGASLD-Vishaka_Glass_-_Mundra-I-21.pdf,113,13/11/2023 00:00:00,null,null,null,null,null
VIGASLD,2023-2024,21,IT0021/23-24,LP,T,INVOICE-13112023-VIGASLD-Vishaka_Glass_-_Mundra-I-21.pdf,201,13/11/2023 00:00:00,null,null,null,null,null
VIGASLD,2023-2024,22,IT0022/23-24,LP,D,INVOICE-13112023-VIGASLD-Vishaka_Glass_-_Mundra-I-22.pdf,113,13/11/2023 00:00:00,null,null,null,null,null
VIGASLD,2023-2024,22,IT0022/23-24,LP,O,INVOICE-13112023-VIGASLD-Vishaka_Glass_-_Mundra-I-22.pdf,113,13/11/2023 00:00:00,null,null,null,null,null
VIGASLD,2023-2024,22,IT0022/23-24,LP,T,INVOICE-13112023-VIGASLD-Vishaka_Glass_-_Mundra-I-22.pdf,201,13/11/2023 00:00:00,null,null,null,null,null
VIGASLD,2023-2024,23,IT0023/23-24,LP,D,INVOICE-13112023-VIGASLD-Vishaka_Glass_-_Mundra-I-23.pdf,113,13/11/2023 00:00:00,null,null,null,null,null
VIGASLD,2023-2024,23,IT0023/23-24,LP,O,INVOICE-13112023-VIGASLD-Vishaka_Glass_-_Mundra-I-23.pdf,113,13/11/2023 00:00:00,null,null,null,null,null
VIGASLD,2023-2024,23,IT0023/23-24,LP,T,INVOICE-13112023-VIGASLD-Vishaka_Glass_-_Mundra-I-23.pdf,201,13/11/2023 00:00:00,null,null,null,null,null
VIGASLD,2023-2024,24,IT0024/23-24,LP,D,INVOICE-13112023-VIGASLD-Vishaka_Glass_-_Mundra-I-24.pdf,113,13/11/2023 00:00:00,null,null,null,null,null
VIGASLD,2023-2024,24,IT0024/23-24,LP,O,INVOICE-13112023-VIGASLD-Vishaka_Glass_-_Mundra-I-24.pdf,113,13/11/2023 00:00:00,null,null,null,null,null
VIGASLD,2023-2024,24,IT0024/23-24,LP,T,INVOICE-13112023-VIGASLD-Vishaka_Glass_-_Mundra-I-24.pdf,201,13/11/2023 00:00:00,null,null,null,null,null
VIGASLD,2023-2024,25,IT0025/23-24,LP,D,INVOICE-13112023-VIGASLD-Vishaka_Glass_-_Mundra-I-25.pdf,113,13/11/2023 00:00:00,null,null,null,null,null
VIGASLD,2023-2024,25,IT0025/23-24,LP,O,INVOICE-13112023-VIGASLD-Vishaka_Glass_-_Mundra-I-25.pdf,113,13/11/2023 00:00:00,null,null,null,null,null
VIGASLD,2023-2024,25,IT0025/23-24,LP,T,INVOICE-13112023-VIGASLD-Vishaka_Glass_-_Mundra-I-25.pdf,201,13/11/2023 00:00:00,null,null,null,null,null
VIGASLD,2023-2024,26,IT0026/23-24,LP,D,INVOICE-13112023-VIGASLD-Vishaka_Glass_-_Mundra-I-26.pdf,113,13/11/2023 00:00:00,null,null,null,null,null
VIGASLD,2023-2024,26,IT0026/23-24,LP,O,INVOICE-13112023-VIGASLD-Vishaka_Glass_-_Mundra-I-26.pdf,113,13/11/2023 00:00:00,null,null,null,null,null
VIGASLD,2023-2024,26,IT0026/23-24,LP,T,INVOICE-13112023-VIGASLD-Vishaka_Glass_-_Mundra-I-26.pdf,201,13/11/2023 00:00:00,null,null,null,null,null
VIGASLD,2023-2024,27,IT0027/23-24,LP,D,INVOICE-13112023-VIGASLD-Vishaka_Glass_-_Mundra-I-27.pdf,113,13/11/2023 00:00:00,null,null,null,null,null
VIGASLD,2023-2024,27,IT0027/23-24,LP,O,INVOICE-13112023-VIGASLD-Vishaka_Glass_-_Mundra-I-27.pdf,113,13/11/2023 00:00:00,null,null,null,null,null
VIGASLD,2023-2024,27,IT0027/23-24,LP,T,INVOICE-13112023-VIGASLD-Vishaka_Glass_-_Mundra-I-27.pdf,113,13/11/2023 00:00:00,null,null,null,null,null
VIGASLD,2023-2024,28,IT0028/23-24,LP,D,INVOICE-13112023-VIGASLD-Vishaka_Glass_-_Mundra-I-28.pdf,113,13/11/2023 00:00:00,null,null,null,null,null
VIGASLD,2023-2024,28,IT0028/23-24,LP,O,INVOICE-13112023-VIGASLD-Vishaka_Glass_-_Mundra-I-28.pdf,113,13/11/2023 00:00:00,null,null,null,null,null
VIGASLD,2023-2024,28,IT0028/23-24,LP,T,INVOICE-13112023-VIGASLD-Vishaka_Glass_-_Mundra-I-28.pdf,201,13/11/2023 00:00:00,null,null,null,null,null
VIGASLD,2023-2024,29,IT0029/23-24,LP,D,INVOICE-15112023-VIGASLD-Vishaka_Glass_-_Mundra-I-29.pdf,113,15/11/2023 00:00:00,null,null,null,null,null
VIGASLD,2023-2024,29,IT0029/23-24,LP,O,INVOICE-15112023-VIGASLD-Vishaka_Glass_-_Mundra-I-29.pdf,113,15/11/2023 00:00:00,null,null,null,null,null
VIGASLD,2023-2024,29,IT0029/23-24,LP,T,INVOICE-15112023-VIGASLD-Vishaka_Glass_-_Mundra-I-29.pdf,113,15/11/2023 00:00:00,null,null,null,null,null
VIGASLD,2023-2024,30,IT0030/23-24,LP,D,INVOICE-15112023-VIGASLD-Vishaka_Glass_-_Mundra-I-30.pdf,113,15/11/2023 00:00:00,null,null,null,null,null
VIGASLD,2023-2024,30,IT0030/23-24,LP,O,INVOICE-15112023-VIGASLD-Vishaka_Glass_-_Mundra-I-30.pdf,113,15/11/2023 00:00:00,null,null,null,null,null
VIGASLD,2023-2024,30,IT0030/23-24,LP,T,INVOICE-15112023-VIGASLD-Vishaka_Glass_-_Mundra-I-30.pdf,113,15/11/2023 00:00:00,null,null,null,null,null
VIGASLD,2023-2024,31,IT0031/23-24,LP,D,INVOICE-15112023-VIGASLD-Vishaka_Glass_-_Mundra-I-31.pdf,113,15/11/2023 00:00:00,null,null,null,null,null
VIGASLD,2023-2024,31,IT0031/23-24,LP,O,INVOICE-15112023-VIGASLD-Vishaka_Glass_-_Mundra-I-31.pdf,113,15/11/2023 00:00:00,null,null,null,null,null
VIGASLD,2023-2024,31,IT0031/23-24,LP,T,INVOICE-15112023-VIGASLD-Vishaka_Glass_-_Mundra-I-31.pdf,113,15/11/2023 00:00:00,null,null,null,null,null
VIGASLD,2023-2024,32,IT0032/23-24,LP,D,INVOICE-15112023-VIGASLD-Vishaka_Glass_-_Mundra-I-32.pdf,113,15/11/2023 00:00:00,null,null,null,null,null
VIGASLD,2023-2024,32,IT0032/23-24,LP,O,INVOICE-15112023-VIGASLD-Vishaka_Glass_-_Mundra-I-32.pdf,113,15/11/2023 00:00:00,null,null,null,null,null
VIGASLD,2023-2024,32,IT0032/23-24,LP,T,INVOICE-15112023-VIGASLD-Vishaka_Glass_-_Mundra-I-32.pdf,113,15/11/2023 00:00:00,null,null,null,null,null
VIGASLD,2023-2024,33,IT0033/23-24,LP,D,INVOICE-15112023-VIGASLD-Vishaka_Glass_-_Mundra-I-33.pdf,113,15/11/2023 00:00:00,null,null,null,null,null
VIGASLD,2023-2024,33,IT0033/23-24,LP,O,INVOICE-15112023-VIGASLD-Vishaka_Glass_-_Mundra-I-33.pdf,113,15/11/2023 00:00:00,null,null,null,null,null
VIGASLD,2023-2024,33,IT0033/23-24,LP,T,INVOICE-15112023-VIGASLD-Vishaka_Glass_-_Mundra-I-33.pdf,113,15/11/2023 00:00:00,null,null,null,null,null
VIGASLD,2023-2024,34,IT0034/23-24,LP,D,INVOICE-15112023-VIGASLD-Vishaka_Glass_-_Mundra-I-34.pdf,113,15/11/2023 00:00:00,null,null,null,null,null
VIGASLD,2023-2024,34,IT0034/23-24,LP,O,INVOICE-15112023-VIGASLD-Vishaka_Glass_-_Mundra-I-34.pdf,113,15/11/2023 00:00:00,null,null,null,null,null
VIGASLD,2023-2024,34,IT0034/23-24,LP,T,INVOICE-15112023-VIGASLD-Vishaka_Glass_-_Mundra-I-34.pdf,113,15/11/2023 00:00:00,null,null,null,null,null
VIGASLD,2023-2024,35,IT0035/23-24,LP,D,INVOICE-15112023-VIGASLD-Vishaka_Glass_-_Mundra-I-35.pdf,113,15/11/2023 00:00:00,null,null,null,null,null
VIGASLD,2023-2024,35,IT0035/23-24,LP,O,INVOICE-15112023-VIGASLD-Vishaka_Glass_-_Mundra-I-35.pdf,113,15/11/2023 00:00:00,null,null,null,null,null
VIGASLD,2023-2024,35,IT0035/23-24,LP,T,INVOICE-15112023-VIGASLD-Vishaka_Glass_-_Mundra-I-35.pdf,113,15/11/2023 00:00:00,null,null,null,null,null
VIGASLD,2023-2024,36,IT0036/23-24,LP,D,INVOICE-15112023-VIGASLD-Vishaka_Glass_-_Mundra-I-36.pdf,113,15/11/2023 00:00:00,null,null,null,null,null
VIGASLD,2023-2024,36,IT0036/23-24,LP,O,INVOICE-15112023-VIGASLD-Vishaka_Glass_-_Mundra-I-36.pdf,113,15/11/2023 00:00:00,null,null,null,null,null
VIGASLD,2023-2024,36,IT0036/23-24,LP,T,INVOICE-15112023-VIGASLD-Vishaka_Glass_-_Mundra-I-36.pdf,113,15/11/2023 00:00:00,null,null,null,null,null
VIGASLD,2023-2024,37,IT0037/23-24,LP,D,INVOICE-15112023-VIGASLD-Vishaka_Glass_-_Mundra-I-37.pdf,113,15/11/2023 00:00:00,null,null,null,null,null
VIGASLD,2023-2024,37,IT0037/23-24,LP,O,INVOICE-15112023-VIGASLD-Vishaka_Glass_-_Mundra-I-37.pdf,113,15/11/2023 00:00:00,null,null,null,null,null
VIGASLD,2023-2024,37,IT0037/23-24,LP,T,INVOICE-15112023-VIGASLD-Vishaka_Glass_-_Mundra-I-37.pdf,113,15/11/2023 00:00:00,null,null,null,null,null
VIGASLD,2023-2024,38,IT0038/23-24,LP,D,INVOICE-15112023-VIGASLD-Vishaka_Glass_-_Mundra-I-38.pdf,113,15/11/2023 00:00:00,null,null,null,null,null
VIGASLD,2023-2024,38,IT0038/23-24,LP,O,INVOICE-15112023-VIGASLD-Vishaka_Glass_-_Mundra-I-38.pdf,113,15/11/2023 00:00:00,null,null,null,null,null
VIGASLD,2023-2024,38,IT0038/23-24,LP,T,INVOICE-15112023-VIGASLD-Vishaka_Glass_-_Mundra-I-38.pdf,113,15/11/2023 00:00:00,null,null,null,null,null
VIGASLD,2023-2024,43,IT0043/23-24,LP,D,INVOICE-22112023-VIGASLD-Vishaka_Glass_-_Mundra-I-43.pdf,46,22/11/2023 00:00:00,null,null,null,null,null
VIGASLD,2023-2024,43,IT0043/23-24,LP,O,INVOICE-22112023-VIGASLD-Vishaka_Glass_-_Mundra-I-43.pdf,46,22/11/2023 00:00:00,null,null,null,null,null
VIGASLD,2023-2024,43,IT0043/23-24,LP,T,INVOICE-22112023-VIGASLD-Vishaka_Glass_-_Mundra-I-43.pdf,46,22/11/2023 00:00:00,null,null,null,null,null
VIGASLD,2023-2024,44,IT0044/23-24,LP,D,INVOICE-22112023-VIGASLD-Vishaka_Glass_-_Mundra-I-44.pdf,46,22/11/2023 00:00:00,null,null,null,null,null
VIGASLD,2023-2024,44,IT0044/23-24,LP,O,INVOICE-22112023-VIGASLD-Vishaka_Glass_-_Mundra-I-44.pdf,46,22/11/2023 00:00:00,null,null,null,null,null
VIGASLD,2023-2024,44,IT0044/23-24,LP,T,INVOICE-22112023-VIGASLD-Vishaka_Glass_-_Mundra-I-44.pdf,46,22/11/2023 00:00:00,null,null,null,null,null
VIGASLD,2023-2024,45,IT0045/23-24,LP,D,INVOICE-22112023-VIGASLD-Vishaka_Glass_-_Mundra-I-45.pdf,46,22/11/2023 00:00:00,null,null,null,null,null
VIGASLD,2023-2024,45,IT0045/23-24,LP,O,INVOICE-22112023-VIGASLD-Vishaka_Glass_-_Mundra-I-45.pdf,46,22/11/2023 00:00:00,null,null,null,null,null
VIGASLD,2023-2024,45,IT0045/23-24,LP,T,INVOICE-22112023-VIGASLD-Vishaka_Glass_-_Mundra-I-45.pdf,46,22/11/2023 00:00:00,null,null,null,null,null
VIGASLD,2023-2024,46,IT0046/23-24,LP,D,INVOICE-22112023-VIGASLD-Vishaka_Glass_-_Mundra-I-46.pdf,46,22/11/2023 00:00:00,null,null,null,null,null
VIGASLD,2023-2024,46,IT0046/23-24,LP,O,INVOICE-22112023-VIGASLD-Vishaka_Glass_-_Mundra-I-46.pdf,46,22/11/2023 00:00:00,null,null,null,null,null
VIGASLD,2023-2024,46,IT0046/23-24,LP,T,INVOICE-22112023-VIGASLD-Vishaka_Glass_-_Mundra-I-46.pdf,46,22/11/2023 00:00:00,null,null,null,null,null
VIGASLD,2023-2024,47,IT0047/23-24,LP,D,INVOICE-22112023-VIGASLD-Vishaka_Glass_-_Mundra-I-47.pdf,46,22/11/2023 00:00:00,null,null,null,null,null
VIGASLD,2023-2024,47,IT0047/23-24,LP,O,INVOICE-22112023-VIGASLD-Vishaka_Glass_-_Mundra-I-47.pdf,46,22/11/2023 00:00:00,null,null,null,null,null
VIGASLD,2023-2024,47,IT0047/23-24,LP,T,INVOICE-22112023-VIGASLD-Vishaka_Glass_-_Mundra-I-47.pdf,46,22/11/2023 00:00:00,null,null,null,null,null
VIGASLD,2023-2024,48,IT0048/23-24,LP,D,INVOICE-22112023-VIGASLD-Vishaka_Glass_-_Mundra-I-48.pdf,46,22/11/2023 00:00:00,null,null,null,null,null
VIGASLD,2023-2024,48,IT0048/23-24,LP,O,INVOICE-22112023-VIGASLD-Vishaka_Glass_-_Mundra-I-48.pdf,46,22/11/2023 00:00:00,null,null,null,null,null
VIGASLD,2023-2024,48,IT0048/23-24,LP,T,INVOICE-22112023-VIGASLD-Vishaka_Glass_-_Mundra-I-48.pdf,46,22/11/2023 00:00:00,null,null,null,null,null
VIGASLD,2023-2024,49,IT0049/23-24,LP,D,INVOICE-22112023-VIGASLD-Vishaka_Glass_-_Mundra-I-49.pdf,46,22/11/2023 00:00:00,null,null,null,null,null
VIGASLD,2023-2024,49,IT0049/23-24,LP,O,INVOICE-22112023-VIGASLD-Vishaka_Glass_-_Mundra-I-49.pdf,46,22/11/2023 00:00:00,null,null,null,null,null
VIGASLD,2023-2024,49,IT0049/23-24,LP,T,INVOICE-22112023-VIGASLD-Vishaka_Glass_-_Mundra-I-49.pdf,46,22/11/2023 00:00:00,null,null,null,null,null
VIGASLD,2023-2024,50,IT0050/23-24,LP,D,INVOICE-22112023-VIGASLD-Vishaka_Glass_-_Mundra-I-50.pdf,46,22/11/2023 00:00:00,null,null,null,null,null
VIGASLD,2023-2024,50,IT0050/23-24,LP,O,INVOICE-22112023-VIGASLD-Vishaka_Glass_-_Mundra-I-50.pdf,46,22/11/2023 00:00:00,null,null,null,null,null
VIGASLD,2023-2024,50,IT0050/23-24,LP,T,INVOICE-22112023-VIGASLD-Vishaka_Glass_-_Mundra-I-50.pdf,46,22/11/2023 00:00:00,null,null,null,null,null
VIGASLD,2023-2024,51,IT0051/23-24,LP,D,INVOICE-22112023-VIGASLD-Vishaka_Glass_-_Mundra-I-51.pdf,46,22/11/2023 00:00:00,null,null,null,null,null
VIGASLD,2023-2024,51,IT0051/23-24,LP,O,INVOICE-22112023-VIGASLD-Vishaka_Glass_-_Mundra-I-51.pdf,46,22/11/2023 00:00:00,null,null,null,null,null
VIGASLD,2023-2024,51,IT0051/23-24,LP,T,INVOICE-22112023-VIGASLD-Vishaka_Glass_-_Mundra-I-51.pdf,46,22/11/2023 00:00:00,null,null,null,null,null
VIGASLD,2023-2024,52,IT0052/23-24,LP,D,INVOICE-22112023-VIGASLD-Vishaka_Glass_-_Mundra-I-52.pdf,46,22/11/2023 00:00:00,null,null,null,null,null
VIGASLD,2023-2024,52,IT0052/23-24,LP,O,INVOICE-22112023-VIGASLD-Vishaka_Glass_-_Mundra-I-52.pdf,46,22/11/2023 00:00:00,null,null,null,null,null
VIGASLD,2023-2024,52,IT0052/23-24,LP,T,INVOICE-22112023-VIGASLD-Vishaka_Glass_-_Mundra-I-52.pdf,46,22/11/2023 00:00:00,null,null,null,null,null
VIGASLD,2023-2024,53,IT0053/23-24,LP,D,INVOICE-22112023-VIGASLD-Vishaka_Glass_-_Mundra-I-53.pdf,46,22/11/2023 00:00:00,null,null,null,null,null
VIGASLD,2023-2024,53,IT0053/23-24,LP,O,INVOICE-22112023-VIGASLD-Vishaka_Glass_-_Mundra-I-53.pdf,46,22/11/2023 00:00:00,null,null,null,null,null
VIGASLD,2023-2024,53,IT0053/23-24,LP,T,INVOICE-22112023-VIGASLD-Vishaka_Glass_-_Mundra-I-53.pdf,46,22/11/2023 00:00:00,null,null,null,null,null
VIGASLD,2023-2024,54,IT0054/23-24,LP,D,INVOICE-22112023-VIGASLD-Vishaka_Glass_-_Mundra-I-54.pdf,46,22/11/2023 00:00:00,null,null,null,null,null
VIGASLD,2023-2024,54,IT0054/23-24,LP,O,INVOICE-22112023-VIGASLD-Vishaka_Glass_-_Mundra-I-54.pdf,46,22/11/2023 00:00:00,null,null,null,null,null
VIGASLD,2023-2024,54,IT0054/23-24,LP,T,INVOICE-22112023-VIGASLD-Vishaka_Glass_-_Mundra-I-54.pdf,46,22/11/2023 00:00:00,null,null,null,null,null
VIGASLD,2023-2024,55,IT0055/23-24,LP,D,INVOICE-22112023-VIGASLD-Vishaka_Glass_-_Mundra-I-55.pdf,46,22/11/2023 00:00:00,null,null,null,null,null
VIGASLD,2023-2024,55,IT0055/23-24,LP,O,INVOICE-22112023-VIGASLD-Vishaka_Glass_-_Mundra-I-55.pdf,46,22/11/2023 00:00:00,null,null,null,null,null
VIGASLD,2023-2024,55,IT0055/23-24,LP,T,INVOICE-22112023-VIGASLD-Vishaka_Glass_-_Mundra-I-55.pdf,46,22/11/2023 00:00:00,null,null,null,null,null
VIGASLD,2023-2024,56,IT0056/23-24,LP,D,INVOICE-22112023-VIGASLD-Vishaka_Glass_-_Mundra-I-56.pdf,46,22/11/2023 00:00:00,null,null,null,null,null
VIGASLD,2023-2024,56,IT0056/23-24,LP,O,INVOICE-22112023-VIGASLD-Vishaka_Glass_-_Mundra-I-56.pdf,46,22/11/2023 00:00:00,null,null,null,null,null
VIGASLD,2023-2024,56,IT0056/23-24,LP,T,INVOICE-22112023-VIGASLD-Vishaka_Glass_-_Mundra-I-56.pdf,46,22/11/2023 00:00:00,null,null,null,null,null
VIGASLD,2023-2024,57,IT0057/23-24,LP,D,INVOICE-22112023-VIGASLD-Vishaka_Glass_-_Mundra-I-57.pdf,46,22/11/2023 00:00:00,null,null,null,null,null
VIGASLD,2023-2024,57,IT0057/23-24,LP,O,INVOICE-22112023-VIGASLD-Vishaka_Glass_-_Mundra-I-57.pdf,46,22/11/2023 00:00:00,null,null,null,null,null
VIGASLD,2023-2024,57,IT0057/23-24,LP,T,INVOICE-22112023-VIGASLD-Vishaka_Glass_-_Mundra-I-57.pdf,46,22/11/2023 00:00:00,null,null,null,null,null
VIGASLD,2023-2024,58,IT0058/23-24,LP,D,INVOICE-22112023-VIGASLD-Vishaka_Glass_-_Mundra-I-58.pdf,46,22/11/2023 00:00:00,null,null,null,null,null
VIGASLD,2023-2024,58,IT0058/23-24,LP,O,INVOICE-22112023-VIGASLD-Vishaka_Glass_-_Mundra-I-58.pdf,46,22/11/2023 00:00:00,null,null,null,null,null
VIGASLD,2023-2024,58,IT0058/23-24,LP,T,INVOICE-22112023-VIGASLD-Vishaka_Glass_-_Mundra-I-58.pdf,46,22/11/2023 00:00:00,null,null,null,null,null
VIGASLD,2023-2024,59,IT0059/23-24,LP,D,INVOICE-22112023-VIGASLD-Vishaka_Glass_-_Mundra-I-59.pdf,46,22/11/2023 00:00:00,null,null,null,null,null
VIGASLD,2023-2024,59,IT0059/23-24,LP,O,INVOICE-22112023-VIGASLD-Vishaka_Glass_-_Mundra-I-59.pdf,46,22/11/2023 00:00:00,null,null,null,null,null
VIGASLD,2023-2024,59,IT0059/23-24,LP,T,INVOICE-22112023-VIGASLD-Vishaka_Glass_-_Mundra-I-59.pdf,46,22/11/2023 00:00:00,null,null,null,null,null
VIGASLD,2023-2024,60,IT0060/23-24,LP,D,INVOICE-22112023-VIGASLD-Vishaka_Glass_-_Mundra-I-60.pdf,46,22/11/2023 00:00:00,null,null,null,null,null
VIGASLD,2023-2024,60,IT0060/23-24,LP,O,INVOICE-22112023-VIGASLD-Vishaka_Glass_-_Mundra-I-60.pdf,46,22/11/2023 00:00:00,null,null,null,null,null
VIGASLD,2023-2024,60,IT0060/23-24,LP,T,INVOICE-22112023-VIGASLD-Vishaka_Glass_-_Mundra-I-60.pdf,46,22/11/2023 00:00:00,null,null,null,null,null
VIGASLD,2023-2024,61,IT0061/23-24,LP,D,INVOICE-22112023-VIGASLD-Vishaka_Glass_-_Mundra-I-61.pdf,46,22/11/2023 00:00:00,null,null,null,null,null
VIGASLD,2023-2024,61,IT0061/23-24,LP,O,INVOICE-22112023-VIGASLD-Vishaka_Glass_-_Mundra-I-61.pdf,46,22/11/2023 00:00:00,null,null,null,null,null
VIGASLD,2023-2024,61,IT0061/23-24,LP,T,INVOICE-22112023-VIGASLD-Vishaka_Glass_-_Mundra-I-61.pdf,46,22/11/2023 00:00:00,null,null,null,null,null
VIGASLD,2023-2024,62,IT0062/23-24,LP,D,INVOICE-22112023-VIGASLD-Vishaka_Glass_-_Mundra-I-62.pdf,46,22/11/2023 00:00:00,null,null,null,null,null
VIGASLD,2023-2024,62,IT0062/23-24,LP,O,INVOICE-22112023-VIGASLD-Vishaka_Glass_-_Mundra-I-62.pdf,46,22/11/2023 00:00:00,null,null,null,null,null
VIGASLD,2023-2024,62,IT0062/23-24,LP,T,INVOICE-22112023-VIGASLD-Vishaka_Glass_-_Mundra-I-62.pdf,46,22/11/2023 00:00:00,null,null,null,null,null
VIGASLD,2023-2024,63,IT0063/23-24,LP,D,INVOICE-22112023-VIGASLD-Vishaka_Glass_-_Mundra-I-63.pdf,46,22/11/2023 00:00:00,null,null,null,null,null
VIGASLD,2023-2024,63,IT0063/23-24,LP,O,INVOICE-22112023-VIGASLD-Vishaka_Glass_-_Mundra-I-63.pdf,46,22/11/2023 00:00:00,null,null,null,null,null
VIGASLD,2023-2024,63,IT0063/23-24,LP,T,INVOICE-22112023-VIGASLD-Vishaka_Glass_-_Mundra-I-63.pdf,46,22/11/2023 00:00:00,null,null,null,null,null
VIGASLD,2023-2024,64,IT0064/23-24,LP,D,INVOICE-22112023-VIGASLD-Vishaka_Glass_-_Mundra-I-64.pdf,46,22/11/2023 00:00:00,null,null,null,null,null
VIGASLD,2023-2024,64,IT0064/23-24,LP,O,INVOICE-22112023-VIGASLD-Vishaka_Glass_-_Mundra-I-64.pdf,46,22/11/2023 00:00:00,null,null,null,null,null
VIGASLD,2023-2024,64,IT0064/23-24,LP,T,INVOICE-22112023-VIGASLD-Vishaka_Glass_-_Mundra-I-64.pdf,46,22/11/2023 00:00:00,null,null,null,null,null
VIGASLD,2023-2024,65,IT0065/23-24,LP,D,INVOICE-22112023-VIGASLD-Vishaka_Glass_-_Mundra-I-65.pdf,46,22/11/2023 00:00:00,null,null,null,null,null
VIGASLD,2023-2024,65,IT0065/23-24,LP,O,INVOICE-22112023-VIGASLD-Vishaka_Glass_-_Mundra-I-65.pdf,46,22/11/2023 00:00:00,null,null,null,null,null
VIGASLD,2023-2024,65,IT0065/23-24,LP,T,INVOICE-22112023-VIGASLD-Vishaka_Glass_-_Mundra-I-65.pdf,46,22/11/2023 00:00:00,null,null,null,null,null
VIGASLD,2023-2024,66,IT0066/23-24,LP,D,INVOICE-22112023-VIGASLD-Vishaka_Glass_-_Mundra-I-66.pdf,46,22/11/2023 00:00:00,null,null,null,null,null
VIGASLD,2023-2024,66,IT0066/23-24,LP,O,INVOICE-22112023-VIGASLD-Vishaka_Glass_-_Mundra-I-66.pdf,46,22/11/2023 00:00:00,null,null,null,null,null
VIGASLD,2023-2024,66,IT0066/23-24,LP,T,INVOICE-22112023-VIGASLD-Vishaka_Glass_-_Mundra-I-66.pdf,46,22/11/2023 00:00:00,null,null,null,null,null
VIGASLD,2023-2024,67,IT0067/23-24,LP,D,INVOICE-22112023-VIGASLD-Vishaka_Glass_-_Mundra-I-67.pdf,46,22/11/2023 00:00:00,null,null,null,null,null
VIGASLD,2023-2024,67,IT0067/23-24,LP,O,INVOICE-22112023-VIGASLD-Vishaka_Glass_-_Mundra-I-67.pdf,46,22/11/2023 00:00:00,null,null,null,null,null
VIGASLD,2023-2024,67,IT0067/23-24,LP,T,INVOICE-22112023-VIGASLD-Vishaka_Glass_-_Mundra-I-67.pdf,46,22/11/2023 00:00:00,null,null,null,null,null
VIGASLD,2023-2024,68,IT0068/23-24,LP,D,INVOICE-22112023-VIGASLD-Vishaka_Glass_-_Mundra-I-68.pdf,46,22/11/2023 00:00:00,null,null,null,null,null
VIGASLD,2023-2024,68,IT0068/23-24,LP,O,INVOICE-22112023-VIGASLD-Vishaka_Glass_-_Mundra-I-68.pdf,46,22/11/2023 00:00:00,null,null,null,null,null
VIGASLD,2023-2024,68,IT0068/23-24,LP,T,INVOICE-22112023-VIGASLD-Vishaka_Glass_-_Mundra-I-68.pdf,46,22/11/2023 00:00:00,null,null,null,null,null
VIGASLD,2023-2024,69,IT0069/23-24,LP,D,INVOICE-22112023-VIGASLD-Vishaka_Glass_-_Mundra-I-69.pdf,46,22/11/2023 00:00:00,null,null,null,null,null
VIGASLD,2023-2024,69,IT0069/23-24,LP,O,INVOICE-22112023-VIGASLD-Vishaka_Glass_-_Mundra-I-69.pdf,46,22/11/2023 00:00:00,null,null,null,null,null
VIGASLD,2023-2024,69,IT0069/23-24,LP,T,INVOICE-22112023-VIGASLD-Vishaka_Glass_-_Mundra-I-69.pdf,46,22/11/2023 00:00:00,null,null,null,null,null
VIGASLD,2023-2024,70,IT0070/23-24,LP,D,INVOICE-22112023-VIGASLD-Vishaka_Glass_-_Mundra-I-70.pdf,46,22/11/2023 00:00:00,null,null,null,null,null
VIGASLD,2023-2024,70,IT0070/23-24,LP,O,INVOICE-22112023-VIGASLD-Vishaka_Glass_-_Mundra-I-70.pdf,46,22/11/2023 00:00:00,null,null,null,null,null
VIGASLD,2023-2024,70,IT0070/23-24,LP,T,INVOICE-22112023-VIGASLD-Vishaka_Glass_-_Mundra-I-70.pdf,46,22/11/2023 00:00:00,null,null,null,null,null
VIGASLD,2023-2024,71,IT0071/23-24,LP,D,INVOICE-22112023-VIGASLD-Vishaka_Glass_-_Mundra-I-71.pdf,46,22/11/2023 00:00:00,null,null,null,null,null
VIGASLD,2023-2024,71,IT0071/23-24,LP,O,INVOICE-22112023-VIGASLD-Vishaka_Glass_-_Mundra-I-71.pdf,46,22/11/2023 00:00:00,null,null,null,null,null
VIGASLD,2023-2024,71,IT0071/23-24,LP,T,INVOICE-22112023-VIGASLD-Vishaka_Glass_-_Mundra-I-71.pdf,46,22/11/2023 00:00:00,null,null,null,null,null
VIGASLD,2023-2024,72,IT0072/23-24,LP,D,INVOICE-22112023-VIGASLD-Vishaka_Glass_-_Mundra-I-72.pdf,46,22/11/2023 00:00:00,null,null,null,null,null
VIGASLD,2023-2024,72,IT0072/23-24,LP,O,INVOICE-22112023-VIGASLD-Vishaka_Glass_-_Mundra-I-72.pdf,46,22/11/2023 00:00:00,null,null,null,null,null
VIGASLD,2023-2024,72,IT0072/23-24,LP,T,INVOICE-22112023-VIGASLD-Vishaka_Glass_-_Mundra-I-72.pdf,46,22/11/2023 00:00:00,null,null,null,null,null
VIGASLD,2023-2024,73,IT0073/23-24,LP,D,INVOICE-22112023-VIGASLD-Vishaka_Glass_-_Mundra-I-73.pdf,46,22/11/2023 00:00:00,null,null,null,null,null
VIGASLD,2023-2024,73,IT0073/23-24,LP,O,INVOICE-22112023-VIGASLD-Vishaka_Glass_-_Mundra-I-73.pdf,46,22/11/2023 00:00:00,null,null,null,null,null
VIGASLD,2023-2024,73,IT0073/23-24,LP,T,INVOICE-22112023-VIGASLD-Vishaka_Glass_-_Mundra-I-73.pdf,46,22/11/2023 00:00:00,null,null,null,null,null
VIGASLD,2023-2024,74,IT0074/23-24,LP,D,INVOICE-22112023-VIGASLD-Vishaka_Glass_-_Mundra-I-74.pdf,46,22/11/2023 00:00:00,null,null,null,null,null
VIGASLD,2023-2024,74,IT0074/23-24,LP,O,INVOICE-22112023-VIGASLD-Vishaka_Glass_-_Mundra-I-74.pdf,46,22/11/2023 00:00:00,null,null,null,null,null
VIGASLD,2023-2024,74,IT0074/23-24,LP,T,INVOICE-22112023-VIGASLD-Vishaka_Glass_-_Mundra-I-74.pdf,46,22/11/2023 00:00:00,null,null,null,null,null
VIGASLD,2023-2024,75,IT0075/23-24,LP,D,INVOICE-22112023-VIGASLD-Vishaka_Glass_-_Mundra-I-75.pdf,46,22/11/2023 00:00:00,null,null,null,null,null
VIGASLD,2023-2024,75,IT0075/23-24,LP,O,INVOICE-22112023-VIGASLD-Vishaka_Glass_-_Mundra-I-75.pdf,46,22/11/2023 00:00:00,null,null,null,null,null
VIGASLD,2023-2024,75,IT0075/23-24,LP,T,INVOICE-22112023-VIGASLD-Vishaka_Glass_-_Mundra-I-75.pdf,46,22/11/2023 00:00:00,null,null,null,null,null
VIGASLD,2023-2024,76,IT0076/23-24,LP,D,INVOICE-22112023-VIGASLD-Vishaka_Glass_-_Mundra-I-76.pdf,46,22/11/2023 00:00:00,null,null,null,null,null
VIGASLD,2023-2024,76,IT0076/23-24,LP,O,INVOICE-22112023-VIGASLD-Vishaka_Glass_-_Mundra-I-76.pdf,46,22/11/2023 00:00:00,null,null,null,null,null
VIGASLD,2023-2024,76,IT0076/23-24,LP,T,INVOICE-22112023-VIGASLD-Vishaka_Glass_-_Mundra-I-76.pdf,46,22/11/2023 00:00:00,null,null,null,null,null
VIGASLD,2023-2024,77,IT0077/23-24,LP,D,INVOICE-27112023-VIGASLD-Vishaka_Glass_-_Mundra-I-77.pdf,46,27/11/2023 00:00:00,null,null,null,null,null
VIGASLD,2023-2024,77,IT0077/23-24,LP,O,INVOICE-27112023-VIGASLD-Vishaka_Glass_-_Mundra-I-77.pdf,46,27/11/2023 00:00:00,null,null,null,null,null
VIGASLD,2023-2024,77,IT0077/23-24,LP,T,INVOICE-27112023-VIGASLD-Vishaka_Glass_-_Mundra-I-77.pdf,46,27/11/2023 00:00:00,null,null,null,null,null
VIGASLD,2023-2024,78,IT0078/23-24,LP,D,INVOICE-27112023-VIGASLD-Vishaka_Glass_-_Mundra-I-78.pdf,46,27/11/2023 00:00:00,null,null,null,null,null
VIGASLD,2023-2024,78,IT0078/23-24,LP,O,INVOICE-27112023-VIGASLD-Vishaka_Glass_-_Mundra-I-78.pdf,46,27/11/2023 00:00:00,null,null,null,null,null
VIGASLD,2023-2024,78,IT0078/23-24,LP,T,INVOICE-27112023-VIGASLD-Vishaka_Glass_-_Mundra-I-78.pdf,46,27/11/2023 00:00:00,null,null,null,null,null
VIGASLD,2023-2024,79,IT0079/23-24,LP,D,INVOICE-27112023-VIGASLD-Vishaka_Glass_-_Mundra-I-79.pdf,46,27/11/2023 00:00:00,null,null,null,null,null
VIGASLD,2023-2024,79,IT0079/23-24,LP,O,INVOICE-27112023-VIGASLD-Vishaka_Glass_-_Mundra-I-79.pdf,46,27/11/2023 00:00:00,null,null,null,null,null
VIGASLD,2023-2024,79,IT0079/23-24,LP,T,INVOICE-27112023-VIGASLD-Vishaka_Glass_-_Mundra-I-79.pdf,46,27/11/2023 00:00:00,null,null,null,null,null
VIGASLD,2023-2024,80,IT0080/23-24,LP,D,INVOICE-27112023-VIGASLD-Vishaka_Glass_-_Mundra-I-80.pdf,46,27/11/2023 00:00:00,null,null,null,null,null
VIGASLD,2023-2024,80,IT0080/23-24,LP,O,INVOICE-27112023-VIGASLD-Vishaka_Glass_-_Mundra-I-80.pdf,46,27/11/2023 00:00:00,null,null,null,null,null
VIGASLD,2023-2024,80,IT0080/23-24,LP,T,INVOICE-27112023-VIGASLD-Vishaka_Glass_-_Mundra-I-80.pdf,46,27/11/2023 00:00:00,null,null,null,null,null
VIGASLD,2023-2024,81,IT0081/23-24,LP,D,INVOICE-27112023-VIGASLD-Vishaka_Glass_-_Mundra-I-81.pdf,46,27/11/2023 00:00:00,null,null,null,null,null
VIGASLD,2023-2024,81,IT0081/23-24,LP,O,INVOICE-27112023-VIGASLD-Vishaka_Glass_-_Mundra-I-81.pdf,46,27/11/2023 00:00:00,null,null,null,null,null
VIGASLD,2023-2024,81,IT0081/23-24,LP,T,INVOICE-27112023-VIGASLD-Vishaka_Glass_-_Mundra-I-81.pdf,46,27/11/2023 00:00:00,null,null,null,null,null
VIGASLD,2023-2024,82,IT0082/23-24,LP,D,INVOICE-27112023-VIGASLD-Vishaka_Glass_-_Mundra-I-82.pdf,46,27/11/2023 00:00:00,null,null,null,null,null
VIGASLD,2023-2024,82,IT0082/23-24,LP,O,INVOICE-27112023-VIGASLD-Vishaka_Glass_-_Mundra-I-82.pdf,46,27/11/2023 00:00:00,null,null,null,null,null
VIGASLD,2023-2024,82,IT0082/23-24,LP,T,INVOICE-27112023-VIGASLD-Vishaka_Glass_-_Mundra-I-82.pdf,46,27/11/2023 00:00:00,null,null,null,null,null
VIGASLD,2023-2024,83,IT0083/23-24,LP,D,INVOICE-27112023-VIGASLD-Vishaka_Glass_-_Mundra-I-83.pdf,46,27/11/2023 00:00:00,null,null,null,null,null
VIGASLD,2023-2024,83,IT0083/23-24,LP,O,INVOICE-27112023-VIGASLD-Vishaka_Glass_-_Mundra-I-83.pdf,46,27/11/2023 00:00:00,null,null,null,null,null
VIGASLD,2023-2024,83,IT0083/23-24,LP,T,INVOICE-27112023-VIGASLD-Vishaka_Glass_-_Mundra-I-83.pdf,46,27/11/2023 00:00:00,null,null,null,null,null
VIGASLD,2023-2024,84,IT0084/23-24,LP,D,INVOICE-27112023-VIGASLD-Vishaka_Glass_-_Mundra-I-84.pdf,46,27/11/2023 00:00:00,null,null,null,null,null
VIGASLD,2023-2024,84,IT0084/23-24,LP,O,INVOICE-27112023-VIGASLD-Vishaka_Glass_-_Mundra-I-84.pdf,46,27/11/2023 00:00:00,null,null,null,null,null
VIGASLD,2023-2024,84,IT0084/23-24,LP,T,INVOICE-27112023-VIGASLD-Vishaka_Glass_-_Mundra-I-84.pdf,46,27/11/2023 00:00:00,null,null,null,null,null
VIGASLD,2023-2024,85,IT0085/23-24,LP,D,INVOICE-27112023-VIGASLD-Vishaka_Glass_-_Mundra-I-85.pdf,46,27/11/2023 00:00:00,null,null,null,null,null
VIGASLD,2023-2024,85,IT0085/23-24,LP,O,INVOICE-27112023-VIGASLD-Vishaka_Glass_-_Mundra-I-85.pdf,46,27/11/2023 00:00:00,null,null,null,null,null
VIGASLD,2023-2024,85,IT0085/23-24,LP,T,INVOICE-27112023-VIGASLD-Vishaka_Glass_-_Mundra-I-85.pdf,46,27/11/2023 00:00:00,null,null,null,null,null
VIGASLD,2023-2024,86,IT0086/23-24,LP,D,INVOICE-27112023-VIGASLD-Vishaka_Glass_-_Mundra-I-86.pdf,46,27/11/2023 00:00:00,null,null,null,null,null
VIGASLD,2023-2024,86,IT0086/23-24,LP,O,INVOICE-27112023-VIGASLD-Vishaka_Glass_-_Mundra-I-86.pdf,46,27/11/2023 00:00:00,null,null,null,null,null
VIGASLD,2023-2024,86,IT0086/23-24,LP,T,INVOICE-27112023-VIGASLD-Vishaka_Glass_-_Mundra-I-86.pdf,46,27/11/2023 00:00:00,null,null,null,null,null
VIGASLD,2023-2024,87,IT0087/23-24,LP,D,INVOICE-27112023-VIGASLD-Vishaka_Glass_-_Mundra-I-87.pdf,46,27/11/2023 00:00:00,null,null,null,null,null
VIGASLD,2023-2024,87,IT0087/23-24,LP,O,INVOICE-27112023-VIGASLD-Vishaka_Glass_-_Mundra-I-87.pdf,46,27/11/2023 00:00:00,null,null,null,null,null
VIGASLD,2023-2024,87,IT0087/23-24,LP,T,INVOICE-27112023-VIGASLD-Vishaka_Glass_-_Mundra-I-87.pdf,46,27/11/2023 00:00:00,null,null,null,null,null
VIGASLD,2023-2024,88,IT0088/23-24,LP,D,INVOICE-27112023-VIGASLD-Vishaka_Glass_-_Mundra-I-88.pdf,46,27/11/2023 00:00:00,null,null,null,null,null
VIGASLD,2023-2024,88,IT0088/23-24,LP,O,INVOICE-27112023-VIGASLD-Vishaka_Glass_-_Mundra-I-88.pdf,46,27/11/2023 00:00:00,null,null,null,null,null
VIGASLD,2023-2024,88,IT0088/23-24,LP,T,INVOICE-27112023-VIGASLD-Vishaka_Glass_-_Mundra-I-88.pdf,46,27/11/2023 00:00:00,null,null,null,null,null
VIGASLD,2023-2024,89,IT0089/23-24,LP,D,INVOICE-27112023-VIGASLD-Vishaka_Glass_-_Mundra-I-89.pdf,46,27/11/2023 00:00:00,null,null,null,null,null
VIGASLD,2023-2024,89,IT0089/23-24,LP,O,INVOICE-27112023-VIGASLD-Vishaka_Glass_-_Mundra-I-89.pdf,46,27/11/2023 00:00:00,null,null,null,null,null
VIGASLD,2023-2024,89,IT0089/23-24,LP,T,INVOICE-27112023-VIGASLD-Vishaka_Glass_-_Mundra-I-89.pdf,46,27/11/2023 00:00:00,null,null,null,null,null
VIGASLD,2023-2024,90,IT0090/23-24,LP,D,INVOICE-27112023-VIGASLD-Vishaka_Glass_-_Mundra-I-90.pdf,46,27/11/2023 00:00:00,null,null,null,null,null
VIGASLD,2023-2024,90,IT0090/23-24,LP,O,INVOICE-27112023-VIGASLD-Vishaka_Glass_-_Mundra-I-90.pdf,46,27/11/2023 00:00:00,null,null,null,null,null
VIGASLD,2023-2024,90,IT0090/23-24,LP,T,INVOICE-27112023-VIGASLD-Vishaka_Glass_-_Mundra-I-90.pdf,46,27/11/2023 00:00:00,null,null,null,null,null
VIGASLD,2023-2024,91,IT0091/23-24,LP,D,INVOICE-27112023-VIGASLD-Vishaka_Glass_-_Mundra-I-91.pdf,46,27/11/2023 00:00:00,null,null,null,null,null
VIGASLD,2023-2024,91,IT0091/23-24,LP,O,INVOICE-27112023-VIGASLD-Vishaka_Glass_-_Mundra-I-91.pdf,46,27/11/2023 00:00:00,null,null,null,null,null
VIGASLD,2023-2024,91,IT0091/23-24,LP,T,INVOICE-27112023-VIGASLD-Vishaka_Glass_-_Mundra-I-91.pdf,46,27/11/2023 00:00:00,null,null,null,null,null
VIGASLD,2023-2024,92,IT0092/23-24,LP,D,INVOICE-27112023-VIGASLD-Vishaka_Glass_-_Mundra-I-92.pdf,46,27/11/2023 00:00:00,null,null,null,null,null
VIGASLD,2023-2024,92,IT0092/23-24,LP,O,INVOICE-27112023-VIGASLD-Vishaka_Glass_-_Mundra-I-92.pdf,46,27/11/2023 00:00:00,null,null,null,null,null
VIGASLD,2023-2024,92,IT0092/23-24,LP,T,INVOICE-27112023-VIGASLD-Vishaka_Glass_-_Mundra-I-92.pdf,46,27/11/2023 00:00:00,null,null,null,null,null
VIGASLD,2023-2024,93,IT0093/23-24,LP,D,INVOICE-27112023-VIGASLD-Vishaka_Glass_-_Mundra-I-93.pdf,46,27/11/2023 00:00:00,null,null,null,null,null
VIGASLD,2023-2024,93,IT0093/23-24,LP,O,INVOICE-27112023-VIGASLD-Vishaka_Glass_-_Mundra-I-93.pdf,46,27/11/2023 00:00:00,null,null,null,null,null
VIGASLD,2023-2024,93,IT0093/23-24,LP,T,INVOICE-27112023-VIGASLD-Vishaka_Glass_-_Mundra-I-93.pdf,46,27/11/2023 00:00:00,null,null,null,null,null
VIGASLD,2023-2024,94,IT0094/23-24,LP,D,INVOICE-27112023-VIGASLD-Vishaka_Glass_-_Mundra-I-94.pdf,46,27/11/2023 00:00:00,null,null,null,null,null
VIGASLD,2023-2024,94,IT0094/23-24,LP,O,INVOICE-27112023-VIGASLD-Vishaka_Glass_-_Mundra-I-94.pdf,46,27/11/2023 00:00:00,null,null,null,null,null
VIGASLD,2023-2024,94,IT0094/23-24,LP,T,INVOICE-27112023-VIGASLD-Vishaka_Glass_-_Mundra-I-94.pdf,46,27/11/2023 00:00:00,null,null,null,null,null
VIGASLD,2023-2024,95,IT0095/23-24,LP,D,INVOICE-27112023-VIGASLD-Vishaka_Glass_-_Mundra-I-95.pdf,46,27/11/2023 00:00:00,null,null,null,null,null
VIGASLD,2023-2024,95,IT0095/23-24,LP,O,INVOICE-27112023-VIGASLD-Vishaka_Glass_-_Mundra-I-95.pdf,46,27/11/2023 00:00:00,null,null,null,null,null
VIGASLD,2023-2024,95,IT0095/23-24,LP,T,INVOICE-27112023-VIGASLD-Vishaka_Glass_-_Mundra-I-95.pdf,46,27/11/2023 00:00:00,null,null,null,null,null
VIGASLD,2023-2024,96,IT0096/23-24,LP,D,INVOICE-27112023-VIGASLD-Vishaka_Glass_-_Mundra-I-96.pdf,46,27/11/2023 00:00:00,null,null,null,null,null
VIGASLD,2023-2024,96,IT0096/23-24,LP,O,INVOICE-27112023-VIGASLD-Vishaka_Glass_-_Mundra-I-96.pdf,46,27/11/2023 00:00:00,null,null,null,null,null
VIGASLD,2023-2024,96,IT0096/23-24,LP,T,INVOICE-27112023-VIGASLD-Vishaka_Glass_-_Mundra-I-96.pdf,46,27/11/2023 00:00:00,null,null,null,null,null
VIGASLD,2023-2024,97,IT0097/23-24,LP,D,INVOICE-27112023-VIGASLD-Vishaka_Glass_-_Mundra-I-97.pdf,46,27/11/2023 00:00:00,null,null,null,null,null
VIGASLD,2023-2024,97,IT0097/23-24,LP,O,INVOICE-27112023-VIGASLD-Vishaka_Glass_-_Mundra-I-97.pdf,46,27/11/2023 00:00:00,null,null,null,null,null
VIGASLD,2023-2024,97,IT0097/23-24,LP,T,INVOICE-27112023-VIGASLD-Vishaka_Glass_-_Mundra-I-97.pdf,46,27/11/2023 00:00:00,null,null,null,null,null
KUTCHCL,2024-2025,1,IT0001/24-25,LP,D,INVOICE-11122024-KUTCHCL-KCL_Mundra-I-1.pdf,201,11/12/2024 00:00:00,null,null,Y,NAKUL ASHOK RAHEJA,11/12/2024 00:00:00
KUTCHCL,2024-2025,1,IT0001/24-25,LP,O,INVOICE-11122024-KUTCHCL-KCL_Mundra-I-1.pdf,201,11/12/2024 00:00:00,null,null,Y,NAKUL ASHOK RAHEJA,11/12/2024 00:00:00
KUTCHCL,2024-2025,1,IT0001/24-25,LP,T,INVOICE-11122024-KUTCHCL-KCL_Mundra-I-1.pdf,201,11/12/2024 00:00:00,null,null,Y,NAKUL ASHOK RAHEJA,11/12/2024 00:00:00
KUTCHCL,2024-2025,2,IT0002/24-25,LP,D,INVOICE-11122024-KUTCHCL-KCL_Mundra-I-2.pdf,201,11/12/2024 00:00:00,null,null,Y,NAKUL ASHOK RAHEJA,11/12/2024 00:00:00
KUTCHCL,2024-2025,2,IT0002/24-25,LP,O,INVOICE-11122024-KUTCHCL-KCL_Mundra-I-2.pdf,201,11/12/2024 00:00:00,null,null,Y,NAKUL ASHOK RAHEJA,11/12/2024 00:00:00
KUTCHCL,2024-2025,2,IT0002/24-25,LP,T,INVOICE-11122024-KUTCHCL-KCL_Mundra-I-2.pdf,201,11/12/2024 00:00:00,null,null,Y,NAKUL ASHOK RAHEJA,11/12/2024 00:00:00
KUTCHCL,2024-2025,3,IT0003/24-25,LP,D,INVOICE-11122024-KUTCHCL-KCL_Mundra-I-3.pdf,201,11/12/2024 00:00:00,null,null,Y,NAKUL ASHOK RAHEJA,11/12/2024 00:00:00
KUTCHCL,2024-2025,3,IT0003/24-25,LP,O,INVOICE-11122024-KUTCHCL-KCL_Mundra-I-3.pdf,201,11/12/2024 00:00:00,null,null,Y,NAKUL ASHOK RAHEJA,11/12/2024 00:00:00
KUTCHCL,2024-2025,3,IT0003/24-25,LP,T,INVOICE-11122024-KUTCHCL-KCL_Mundra-I-3.pdf,201,11/12/2024 00:00:00,null,null,Y,NAKUL ASHOK RAHEJA,11/12/2024 00:00:00
KUTCHCL,2024-2025,4,IT0004/24-25,LP,D,INVOICE-11122024-KUTCHCL-KCL_Mundra-I-4.pdf,201,11/12/2024 00:00:00,null,null,Y,NAKUL ASHOK RAHEJA,11/12/2024 00:00:00
KUTCHCL,2024-2025,4,IT0004/24-25,LP,O,INVOICE-11122024-KUTCHCL-KCL_Mundra-I-4.pdf,201,11/12/2024 00:00:00,null,null,Y,NAKUL ASHOK RAHEJA,11/12/2024 00:00:00
KUTCHCL,2024-2025,4,IT0004/24-25,LP,T,INVOICE-11122024-KUTCHCL-KCL_Mundra-I-4.pdf,201,11/12/2024 00:00:00,null,null,Y,NAKUL ASHOK RAHEJA,11/12/2024 00:00:00
KUTCHCL,2024-2025,7,IT0007/24-25,LP,D,INVOICE-20122024-KUTCHCL-KCL_Mundra-I-7.pdf,201,20/12/2024 00:00:00,null,null,Y,NAKUL ASHOK RAHEJA,20/12/2024 00:00:00
KUTCHCL,2024-2025,7,IT0007/24-25,LP,O,INVOICE-20122024-KUTCHCL-KCL_Mundra-I-7.pdf,201,20/12/2024 00:00:00,null,null,Y,NAKUL ASHOK RAHEJA,20/12/2024 00:00:00
KUTCHCL,2024-2025,7,IT0007/24-25,LP,T,INVOICE-20122024-KUTCHCL-KCL_Mundra-I-7.pdf,201,20/12/2024 00:00:00,null,null,Y,NAKUL ASHOK RAHEJA,20/12/2024 00:00:00
KUTCHCL,2024-2025,8,IT0008/24-25,LP,D,INVOICE-20122024-KUTCHCL-KCL_Mundra-I-8.pdf,201,20/12/2024 00:00:00,null,null,Y,NAKUL ASHOK RAHEJA,20/12/2024 00:00:00
KUTCHCL,2024-2025,8,IT0008/24-25,LP,O,INVOICE-20122024-KUTCHCL-KCL_Mundra-I-8.pdf,201,20/12/2024 00:00:00,null,null,Y,NAKUL ASHOK RAHEJA,20/12/2024 00:00:00
KUTCHCL,2024-2025,8,IT0008/24-25,LP,T,INVOICE-20122024-KUTCHCL-KCL_Mundra-I-8.pdf,201,20/12/2024 00:00:00,null,null,Y,NAKUL ASHOK RAHEJA,20/12/2024 00:00:00
KUTCHCL,2024-2025,9,IT0009/24-25,LP,D,INVOICE-20122024-KUTCHCL-KCL_Mundra-I-9.pdf,201,20/12/2024 00:00:00,null,null,Y,NAKUL ASHOK RAHEJA,20/12/2024 00:00:00
KUTCHCL,2024-2025,9,IT0009/24-25,LP,O,INVOICE-20122024-KUTCHCL-KCL_Mundra-I-9.pdf,201,20/12/2024 00:00:00,null,null,Y,NAKUL ASHOK RAHEJA,20/12/2024 00:00:00
KUTCHCL,2024-2025,9,IT0009/24-25,LP,T,INVOICE-20122024-KUTCHCL-KCL_Mundra-I-9.pdf,201,20/12/2024 00:00:00,null,null,Y,NAKUL ASHOK RAHEJA,20/12/2024 00:00:00
KUTCHCL,2024-2025,10,IT0010/24-25,LP,D,INVOICE-20122024-KUTCHCL-KCL_Mundra-I-10.pdf,201,20/12/2024 00:00:00,null,null,Y,NAKUL ASHOK RAHEJA,20/12/2024 00:00:00
KUTCHCL,2024-2025,10,IT0010/24-25,LP,O,INVOICE-20122024-KUTCHCL-KCL_Mundra-I-10.pdf,201,20/12/2024 00:00:00,null,null,Y,NAKUL ASHOK RAHEJA,20/12/2024 00:00:00
KUTCHCL,2024-2025,10,IT0010/24-25,LP,T,INVOICE-20122024-KUTCHCL-KCL_Mundra-I-10.pdf,201,20/12/2024 00:00:00,null,null,Y,NAKUL ASHOK RAHEJA,20/12/2024 00:00:00
KUTCHCL,2024-2025,11,IT0011/24-25,LP,D,INVOICE-20122024-KUTCHCL-KCL_Mundra-I-11.pdf,201,20/12/2024 00:00:00,null,null,Y,NAKUL ASHOK RAHEJA,20/12/2024 00:00:00
KUTCHCL,2024-2025,11,IT0011/24-25,LP,O,INVOICE-20122024-KUTCHCL-KCL_Mundra-I-11.pdf,201,20/12/2024 00:00:00,null,null,Y,NAKUL ASHOK RAHEJA,20/12/2024 00:00:00
KUTCHCL,2024-2025,11,IT0011/24-25,LP,T,INVOICE-20122024-KUTCHCL-KCL_Mundra-I-11.pdf,201,20/12/2024 00:00:00,null,null,Y,NAKUL ASHOK RAHEJA,20/12/2024 00:00:00
KUTCHCL,2024-2025,12,IT0012/24-25,LP,D,INVOICE-20122024-KUTCHCL-KCL_Mundra-I-12.pdf,201,20/12/2024 00:00:00,null,null,Y,NAKUL ASHOK RAHEJA,20/12/2024 00:00:00
KUTCHCL,2024-2025,12,IT0012/24-25,LP,O,INVOICE-20122024-KUTCHCL-KCL_Mundra-I-12.pdf,201,20/12/2024 00:00:00,null,null,Y,NAKUL ASHOK RAHEJA,20/12/2024 00:00:00
KUTCHCL,2024-2025,12,IT0012/24-25,LP,T,INVOICE-20122024-KUTCHCL-KCL_Mundra-I-12.pdf,201,20/12/2024 00:00:00,null,null,Y,NAKUL ASHOK RAHEJA,20/12/2024 00:00:00
KUTCHCL,2024-2025,13,IT0013/24-25,LP,D,INVOICE-20122024-KUTCHCL-KCL_Mundra-I-13.pdf,201,20/12/2024 00:00:00,null,null,Y,NAKUL ASHOK RAHEJA,20/12/2024 00:00:00
KUTCHCL,2024-2025,13,IT0013/24-25,LP,O,INVOICE-20122024-KUTCHCL-KCL_Mundra-I-13.pdf,201,20/12/2024 00:00:00,null,null,Y,NAKUL ASHOK RAHEJA,20/12/2024 00:00:00
KUTCHCL,2024-2025,13,IT0013/24-25,LP,T,INVOICE-20122024-KUTCHCL-KCL_Mundra-I-13.pdf,201,20/12/2024 00:00:00,null,null,Y,NAKUL ASHOK RAHEJA,20/12/2024 00:00:00
KUTCHCL,2024-2025,14,IT0014/24-25,LP,D,INVOICE-20122024-KUTCHCL-KCL_Mundra-I-14.pdf,201,20/12/2024 00:00:00,null,null,Y,NAKUL ASHOK RAHEJA,20/12/2024 00:00:00
KUTCHCL,2024-2025,14,IT0014/24-25,LP,O,INVOICE-20122024-KUTCHCL-KCL_Mundra-I-14.pdf,201,20/12/2024 00:00:00,null,null,Y,NAKUL ASHOK RAHEJA,20/12/2024 00:00:00
KUTCHCL,2024-2025,14,IT0014/24-25,LP,T,INVOICE-20122024-KUTCHCL-KCL_Mundra-I-14.pdf,201,20/12/2024 00:00:00,null,null,Y,NAKUL ASHOK RAHEJA,20/12/2024 00:00:00
KUTCHCL,2024-2025,15,IT0015/24-25,LP,D,INVOICE-24022025-KUTCHCL-KCL_Mundra-I-15.pdf,46,24/02/2025 00:00:00,null,null,Y,NAKUL ASHOK RAHEJA,24/02/2025 00:00:00
KUTCHCL,2024-2025,15,IT0015/24-25,LP,O,INVOICE-24022025-KUTCHCL-KCL_Mundra-I-15.pdf,46,24/02/2025 00:00:00,null,null,Y,NAKUL ASHOK RAHEJA,24/02/2025 00:00:00
KUTCHCL,2024-2025,15,IT0015/24-25,LP,T,INVOICE-24022025-KUTCHCL-KCL_Mundra-I-15.pdf,46,24/02/2025 00:00:00,null,null,Y,NAKUL ASHOK RAHEJA,24/02/2025 00:00:00
KUTCHCL,2024-2025,16,IT0016/24-25,LP,D,INVOICE-24022025-KUTCHCL-KCL_Mundra-I-16.pdf,46,24/02/2025 00:00:00,null,null,Y,NAKUL ASHOK RAHEJA,24/02/2025 00:00:00
KUTCHCL,2024-2025,16,IT0016/24-25,LP,O,INVOICE-24022025-KUTCHCL-KCL_Mundra-I-16.pdf,46,24/02/2025 00:00:00,null,null,Y,NAKUL ASHOK RAHEJA,24/02/2025 00:00:00
KUTCHCL,2024-2025,16,IT0016/24-25,LP,T,INVOICE-24022025-KUTCHCL-KCL_Mundra-I-16.pdf,46,24/02/2025 00:00:00,null,null,Y,NAKUL ASHOK RAHEJA,24/02/2025 00:00:00
KUTCHCL,2024-2025,17,IT0017/24-25,LP,D,INVOICE-24022025-KUTCHCL-KCL_Mundra-I-17.pdf,46,24/02/2025 00:00:00,null,null,Y,NAKUL ASHOK RAHEJA,24/02/2025 00:00:00
KUTCHCL,2024-2025,17,IT0017/24-25,LP,O,INVOICE-24022025-KUTCHCL-KCL_Mundra-I-17.pdf,46,24/02/2025 00:00:00,null,null,Y,NAKUL ASHOK RAHEJA,24/02/2025 00:00:00
KUTCHCL,2024-2025,17,IT0017/24-25,LP,T,INVOICE-24022025-KUTCHCL-KCL_Mundra-I-17.pdf,46,24/02/2025 00:00:00,null,null,Y,NAKUL ASHOK RAHEJA,24/02/2025 00:00:00
KUTCHCL,2024-2025,18,IT0018/24-25,LP,D,INVOICE-24022025-KUTCHCL-KCL_Mundra-I-18.pdf,46,24/02/2025 00:00:00,null,null,Y,NAKUL ASHOK RAHEJA,24/02/2025 00:00:00
KUTCHCL,2024-2025,18,IT0018/24-25,LP,O,INVOICE-24022025-KUTCHCL-KCL_Mundra-I-18.pdf,46,24/02/2025 00:00:00,null,null,Y,NAKUL ASHOK RAHEJA,24/02/2025 00:00:00
KUTCHCL,2024-2025,18,IT0018/24-25,LP,T,INVOICE-24022025-KUTCHCL-KCL_Mundra-I-18.pdf,46,24/02/2025 00:00:00,null,null,Y,NAKUL ASHOK RAHEJA,24/02/2025 00:00:00
KUTCHCL,2024-2025,19,IT0019/24-25,LP,D,INVOICE-24022025-KUTCHCL-KCL_Mundra-I-19.pdf,46,24/02/2025 00:00:00,null,null,Y,NAKUL ASHOK RAHEJA,24/02/2025 00:00:00
KUTCHCL,2024-2025,19,IT0019/24-25,LP,O,INVOICE-24022025-KUTCHCL-KCL_Mundra-I-19.pdf,46,24/02/2025 00:00:00,null,null,Y,NAKUL ASHOK RAHEJA,24/02/2025 00:00:00
KUTCHCL,2024-2025,19,IT0019/24-25,LP,T,INVOICE-24022025-KUTCHCL-KCL_Mundra-I-19.pdf,46,24/02/2025 00:00:00,null,null,Y,NAKUL ASHOK RAHEJA,24/02/2025 00:00:00
KUTCHCL,2024-2025,20,IT0020/24-25,LP,D,INVOICE-24022025-KUTCHCL-KCL_Mundra-I-20.pdf,46,24/02/2025 00:00:00,null,null,Y,NAKUL ASHOK RAHEJA,24/02/2025 00:00:00
KUTCHCL,2024-2025,20,IT0020/24-25,LP,O,INVOICE-24022025-KUTCHCL-KCL_Mundra-I-20.pdf,46,24/02/2025 00:00:00,null,null,Y,NAKUL ASHOK RAHEJA,24/02/2025 00:00:00
KUTCHCL,2024-2025,20,IT0020/24-25,LP,T,INVOICE-24022025-KUTCHCL-KCL_Mundra-I-20.pdf,46,24/02/2025 00:00:00,null,null,Y,NAKUL ASHOK RAHEJA,24/02/2025 00:00:00
KUTCHCL,2024-2025,21,IT0021/24-25,LP,D,INVOICE-24022025-KUTCHCL-KCL_Mundra-I-21.pdf,46,24/02/2025 00:00:00,null,null,Y,NAKUL ASHOK RAHEJA,24/02/2025 00:00:00
KUTCHCL,2024-2025,21,IT0021/24-25,LP,O,INVOICE-24022025-KUTCHCL-KCL_Mundra-I-21.pdf,46,24/02/2025 00:00:00,null,null,Y,NAKUL ASHOK RAHEJA,24/02/2025 00:00:00
KUTCHCL,2024-2025,21,IT0021/24-25,LP,T,INVOICE-24022025-KUTCHCL-KCL_Mundra-I-21.pdf,46,24/02/2025 00:00:00,null,null,Y,NAKUL ASHOK RAHEJA,24/02/2025 00:00:00
KUTCHCL,2025-2026,1,2TLPGJ0001/25-26,LP,D,INVOICE-25042025-KUTCHCL-KCL_Mundra-I-1.pdf,null,null,null,null,Y,NAKUL ASHOK RAHEJA,25/04/2025 00:00:00
KUTCHCL,2025-2026,1,2TLPGJ0001/25-26,LP,O,INVOICE-25042025-KUTCHCL-KCL_Mundra-I-1.pdf,null,null,null,null,Y,NAKUL ASHOK RAHEJA,25/04/2025 00:00:00
KUTCHCL,2025-2026,1,2TLPGJ0001/25-26,LP,T,INVOICE-25042025-KUTCHCL-KCL_Mundra-I-1.pdf,null,null,null,null,Y,NAKUL ASHOK RAHEJA,25/04/2025 00:00:00
KUTCHCL,2025-2026,2,2TLPGJ0002/25-26,LP,D,INVOICE-25042025-KUTCHCL-KCL_Mundra-I-2.pdf,null,null,null,null,null,null,null
KUTCHCL,2025-2026,2,2TLPGJ0002/25-26,LP,O,INVOICE-25042025-KUTCHCL-KCL_Mundra-I-2.pdf,null,null,null,null,null,null,null
KUTCHCL,2025-2026,2,2TLPGJ0002/25-26,LP,T,INVOICE-25042025-KUTCHCL-KCL_Mundra-I-2.pdf,null,null,null,null,null,null,null
KUTCHCL,2025-2026,3,2TLPGJ0003/25-26,LP,D,INVOICE-25042025-KUTCHCL-KCL_Mundra-I-3.pdf,null,null,null,null,null,null,null
KUTCHCL,2025-2026,3,2TLPGJ0003/25-26,LP,O,INVOICE-25042025-KUTCHCL-KCL_Mundra-I-3.pdf,null,null,null,null,null,null,null
KUTCHCL,2025-2026,3,2TLPGJ0003/25-26,LP,T,INVOICE-25042025-KUTCHCL-KCL_Mundra-I-3.pdf,null,null,null,null,null,null,null
KUTCHCL,2025-2026,4,2TLPGJ0004/25-26,LP,D,INVOICE-25042025-KUTCHCL-KCL_Mundra-I-4.pdf,null,null,null,null,null,null,null
KUTCHCL,2025-2026,4,2TLPGJ0004/25-26,LP,O,INVOICE-25042025-KUTCHCL-KCL_Mundra-I-4.pdf,null,null,null,null,null,null,null
KUTCHCL,2025-2026,4,2TLPGJ0004/25-26,LP,T,INVOICE-25042025-KUTCHCL-KCL_Mundra-I-4.pdf,null,null,null,null,null,null,null
KUTCHCL,2025-2026,5,2TLPGJ0005/25-26,LP,D,INVOICE-06052025-KUTCHCL-KCL_Mundra-I-5.pdf,201,06/05/2025 00:00:00,null,null,Y,NAKUL ASHOK RAHEJA,06/05/2025 00:00:00
KUTCHCL,2025-2026,5,2TLPGJ0005/25-26,LP,O,INVOICE-06052025-KUTCHCL-KCL_Mundra-I-5.pdf,201,06/05/2025 00:00:00,null,null,Y,NAKUL ASHOK RAHEJA,06/05/2025 00:00:00
KUTCHCL,2025-2026,5,2TLPGJ0005/25-26,LP,T,INVOICE-06052025-KUTCHCL-KCL_Mundra-I-5.pdf,201,06/05/2025 00:00:00,null,null,Y,NAKUL ASHOK RAHEJA,06/05/2025 00:00:00
KUTCHCL,2025-2026,6,2TLPGJ0006/25-26,LP,D,INVOICE-06052025-KUTCHCL-KCL_Mundra-I-6.pdf,201,06/05/2025 00:00:00,null,null,Y,NAKUL ASHOK RAHEJA,06/05/2025 00:00:00
KUTCHCL,2025-2026,6,2TLPGJ0006/25-26,LP,O,INVOICE-06052025-KUTCHCL-KCL_Mundra-I-6.pdf,201,06/05/2025 00:00:00,null,null,Y,NAKUL ASHOK RAHEJA,06/05/2025 00:00:00
KUTCHCL,2025-2026,6,2TLPGJ0006/25-26,LP,T,INVOICE-06052025-KUTCHCL-KCL_Mundra-I-6.pdf,201,06/05/2025 00:00:00,null,null,Y,NAKUL ASHOK RAHEJA,06/05/2025 00:00:00
KUTCHCL,2025-2026,7,2TLPGJ0007/25-26,LP,D,INVOICE-06052025-KUTCHCL-KCL_Mundra-I-7.pdf,201,06/05/2025 00:00:00,null,null,Y,NAKUL ASHOK RAHEJA,06/05/2025 00:00:00
KUTCHCL,2025-2026,7,2TLPGJ0007/25-26,LP,O,INVOICE-06052025-KUTCHCL-KCL_Mundra-I-7.pdf,201,06/05/2025 00:00:00,null,null,Y,NAKUL ASHOK RAHEJA,06/05/2025 00:00:00
KUTCHCL,2025-2026,7,2TLPGJ0007/25-26,LP,T,INVOICE-06052025-KUTCHCL-KCL_Mundra-I-7.pdf,201,06/05/2025 00:00:00,null,null,Y,NAKUL ASHOK RAHEJA,06/05/2025 00:00:00
KUTCHCL,2025-2026,8,2TLPGJ0008/25-26,LP,D,INVOICE-06052025-KUTCHCL-KCL_Mundra-I-8.pdf,201,06/05/2025 00:00:00,null,null,Y,NAKUL ASHOK RAHEJA,06/05/2025 00:00:00
KUTCHCL,2025-2026,8,2TLPGJ0008/25-26,LP,O,INVOICE-06052025-KUTCHCL-KCL_Mundra-I-8.pdf,201,06/05/2025 00:00:00,null,null,Y,NAKUL ASHOK RAHEJA,06/05/2025 00:00:00
KUTCHCL,2025-2026,8,2TLPGJ0008/25-26,LP,T,INVOICE-06052025-KUTCHCL-KCL_Mundra-I-8.pdf,201,06/05/2025 00:00:00,null,null,Y,NAKUL ASHOK RAHEJA,06/05/2025 00:00:00
