COMPANY_CD,BU_STATE_TIN,INVOICE_SEQ,FINANCIAL_YEAR,PDF_TYPE,FILE_NAME,ENT_BY,ENT_DT,MODIFY_BY,MODIFY_DT,PDF_SIGNED,SIGNED_BY,SIGNED_DT,SIGNED_ENT_BY,PDF_CONTENT,SF_GEN_DT
2,24,11,2021-2022,D,SERVICE_INVOICE-28022022-SGIPL-Gyproc Jhagadia SGIPL-V-11-D.pdf,23,02/03/2022 00:00:00,null,null,Y,NAKUL ASHOK RAHEJA,02/03/2022 00:00:00,null,null,null
2,24,11,2021-2022,O,SERVICE_INVOICE-28022022-SGIPL-Gyproc Jhagadia SGIPL-V-11-O.pdf,23,02/03/2022 00:00:00,null,null,Y,NAKUL ASHOK RAHEJA,02/03/2022 00:00:00,null,null,null
2,24,11,2021-2022,T,SERVICE_INVOICE-28022022-SGIPL-Gyproc Jhagadia SGIPL-V-11-T.pdf,23,02/03/2022 00:00:00,null,null,Y,NAKUL ASHOK RAHEJA,02/03/2022 00:00:00,null,null,null
2,24,12,2021-2022,D,SERVICE_INVOICE-15032022-SGIPL-Gyproc Jhagadia SGIPL-V-12-D.pdf,23,16/03/2022 00:00:00,null,null,Y,NAKUL ASHOK RAHEJA,16/03/2022 00:00:00,null,null,null
2,24,12,2021-2022,O,SERVICE_INVOICE-15032022-SGIPL-Gyproc Jhagadia SGIPL-V-12-O.pdf,23,16/03/2022 00:00:00,null,null,Y,NAKUL ASHOK RAHEJA,16/03/2022 00:00:00,null,null,null
2,24,12,2021-2022,T,SERVICE_INVOICE-15032022-SGIPL-Gyproc Jhagadia SGIPL-V-12-T.pdf,23,16/03/2022 00:00:00,null,null,Y,NAKUL ASHOK RAHEJA,16/03/2022 00:00:00,null,null,null
2,24,18,2021-2022,D,SERVICE_INVOICE-31032022-SGIPL-Gyproc Jhagadia SGIPL-V-18-D.pdf,113,01/04/2022 00:00:00,null,null,Y,NAKUL ASHOK RAHEJA,01/04/2022 00:00:00,null,null,null
2,24,18,2021-2022,O,SERVICE_INVOICE-31032022-SGIPL-Gyproc Jhagadia SGIPL-V-18-O.pdf,113,01/04/2022 00:00:00,null,null,Y,NAKUL ASHOK RAHEJA,01/04/2022 00:00:00,null,null,null
2,24,18,2021-2022,T,SERVICE_INVOICE-31032022-SGIPL-Gyproc Jhagadia SGIPL-V-18-T.pdf,113,01/04/2022 00:00:00,null,null,Y,NAKUL ASHOK RAHEJA,01/04/2022 00:00:00,null,null,null
2,24,4,2022-2023,D,SERVICE_INVOICE-05042022-SGIPL-Gyproc Jhagadia SGIPL-V-4-D.pdf,113,18/04/2022 00:00:00,null,null,Y,NAKUL ASHOK RAHEJA,18/04/2022 00:00:00,null,null,null
2,24,4,2022-2023,O,SERVICE_INVOICE-05042022-SGIPL-Gyproc Jhagadia SGIPL-V-4-O.pdf,113,18/04/2022 00:00:00,null,null,Y,NAKUL ASHOK RAHEJA,18/04/2022 00:00:00,null,null,null
2,24,4,2022-2023,T,SERVICE_INVOICE-05042022-SGIPL-Gyproc Jhagadia SGIPL-V-4-T.pdf,113,18/04/2022 00:00:00,null,null,Y,NAKUL ASHOK RAHEJA,18/04/2022 00:00:00,null,null,null
2,24,3,2022-2023,D,SERVICE_INVOICE-15042022-SGIPL-Gyproc Jhagadia SGIPL-V-3-D.pdf,113,18/04/2022 00:00:00,null,null,Y,NAKUL ASHOK RAHEJA,18/04/2022 00:00:00,null,null,null
2,24,3,2022-2023,O,SERVICE_INVOICE-15042022-SGIPL-Gyproc Jhagadia SGIPL-V-3-O.pdf,113,18/04/2022 00:00:00,null,null,Y,NAKUL ASHOK RAHEJA,18/04/2022 00:00:00,null,null,null
2,24,3,2022-2023,T,SERVICE_INVOICE-15042022-SGIPL-Gyproc Jhagadia SGIPL-V-3-T.pdf,113,18/04/2022 00:00:00,null,null,Y,NAKUL ASHOK RAHEJA,18/04/2022 00:00:00,null,null,null
2,24,7,2022-2023,D,SERVICE_INVOICE-30042022-SGIPL-Gyproc Jhagadia SGIPL-V-7-D.pdf,113,02/05/2022 00:00:00,null,null,Y,NAKUL ASHOK RAHEJA,02/05/2022 00:00:00,null,null,null
2,24,7,2022-2023,O,SERVICE_INVOICE-30042022-SGIPL-Gyproc Jhagadia SGIPL-V-7-O.pdf,113,02/05/2022 00:00:00,null,null,Y,NAKUL ASHOK RAHEJA,02/05/2022 00:00:00,null,null,null
2,24,7,2022-2023,T,SERVICE_INVOICE-30042022-SGIPL-Gyproc Jhagadia SGIPL-V-7-T.pdf,113,02/05/2022 00:00:00,null,null,Y,NAKUL ASHOK RAHEJA,02/05/2022 00:00:00,null,null,null
2,24,10,2022-2023,D,SERVICE_INVOICE-15052022-SGIPL-Gyproc Jhagadia SGIPL-V-10-D.pdf,113,16/05/2022 00:00:00,null,null,Y,NAKUL ASHOK RAHEJA,16/05/2022 00:00:00,null,null,null
2,24,10,2022-2023,O,SERVICE_INVOICE-15052022-SGIPL-Gyproc Jhagadia SGIPL-V-10-O.pdf,113,16/05/2022 00:00:00,null,null,Y,NAKUL ASHOK RAHEJA,16/05/2022 00:00:00,null,null,null
2,24,10,2022-2023,T,SERVICE_INVOICE-15052022-SGIPL-Gyproc Jhagadia SGIPL-V-10-T.pdf,113,16/05/2022 00:00:00,null,null,Y,NAKUL ASHOK RAHEJA,16/05/2022 00:00:00,null,null,null
2,24,13,2022-2023,D,SERVICE_INVOICE-31052022-SGIPL-Gyproc Jhagadia SGIPL-V-13-D.pdf,23,01/06/2022 00:00:00,null,null,Y,NAKUL ASHOK RAHEJA,01/06/2022 00:00:00,null,null,null
2,24,13,2022-2023,O,SERVICE_INVOICE-31052022-SGIPL-Gyproc Jhagadia SGIPL-V-13-O.pdf,23,01/06/2022 00:00:00,null,null,Y,NAKUL ASHOK RAHEJA,01/06/2022 00:00:00,null,null,null
2,24,13,2022-2023,T,SERVICE_INVOICE-31052022-SGIPL-Gyproc Jhagadia SGIPL-V-13-T.pdf,23,01/06/2022 00:00:00,null,null,Y,NAKUL ASHOK RAHEJA,01/06/2022 00:00:00,null,null,null
2,24,17,2022-2023,D,SERVICE_INVOICE-15062022-SGIPL-Gyproc Jhagadia SGIPL-V-17-D.pdf,113,16/06/2022 00:00:00,null,null,Y,NAKUL ASHOK RAHEJA,16/06/2022 00:00:00,null,null,null
2,24,17,2022-2023,O,SERVICE_INVOICE-15062022-SGIPL-Gyproc Jhagadia SGIPL-V-17-O.pdf,113,16/06/2022 00:00:00,null,null,Y,NAKUL ASHOK RAHEJA,16/06/2022 00:00:00,null,null,null
2,24,17,2022-2023,T,SERVICE_INVOICE-15062022-SGIPL-Gyproc Jhagadia SGIPL-V-17-T.pdf,113,16/06/2022 00:00:00,null,null,Y,NAKUL ASHOK RAHEJA,16/06/2022 00:00:00,null,null,null
2,24,20,2022-2023,D,SERVICE_INVOICE-30062022-SGIPL-Gyproc Jhagadia SGIPL-V-20-D.pdf,113,01/07/2022 00:00:00,null,null,Y,NAKUL ASHOK RAHEJA,01/07/2022 00:00:00,null,null,null
2,24,20,2022-2023,O,SERVICE_INVOICE-30062022-SGIPL-Gyproc Jhagadia SGIPL-V-20-O.pdf,113,01/07/2022 00:00:00,null,null,Y,NAKUL ASHOK RAHEJA,01/07/2022 00:00:00,null,null,null
2,24,20,2022-2023,T,SERVICE_INVOICE-30062022-SGIPL-Gyproc Jhagadia SGIPL-V-20-T.pdf,113,01/07/2022 00:00:00,null,null,Y,NAKUL ASHOK RAHEJA,01/07/2022 00:00:00,null,null,null
2,24,21,2022-2023,D,SERVICE_INVOICE-30062022-SGIPL-Gyproc Jhagadia SGIPL-V-21-D.pdf,113,01/07/2022 00:00:00,null,null,Y,NAKUL ASHOK RAHEJA,01/07/2022 00:00:00,null,null,null
2,24,21,2022-2023,O,SERVICE_INVOICE-30062022-SGIPL-Gyproc Jhagadia SGIPL-V-21-O.pdf,113,01/07/2022 00:00:00,null,null,Y,NAKUL ASHOK RAHEJA,01/07/2022 00:00:00,null,null,null
2,24,21,2022-2023,T,SERVICE_INVOICE-30062022-SGIPL-Gyproc Jhagadia SGIPL-V-21-T.pdf,113,01/07/2022 00:00:00,null,null,Y,NAKUL ASHOK RAHEJA,01/07/2022 00:00:00,null,null,null
2,24,26,2022-2023,D,SERVICE_INVOICE-31072022-SGIPL-Jhagadia SGIPL-V-26-D.pdf,23,01/08/2022 00:00:00,null,null,Y,NAKUL ASHOK RAHEJA,01/08/2022 00:00:00,null,null,null
2,24,26,2022-2023,O,SERVICE_INVOICE-31072022-SGIPL-Jhagadia SGIPL-V-26-O.pdf,23,01/08/2022 00:00:00,null,null,Y,NAKUL ASHOK RAHEJA,01/08/2022 00:00:00,null,null,null
2,24,26,2022-2023,T,SERVICE_INVOICE-31072022-SGIPL-Jhagadia SGIPL-V-26-T.pdf,23,01/08/2022 00:00:00,null,null,Y,NAKUL ASHOK RAHEJA,01/08/2022 00:00:00,null,null,null
2,24,42,2022-2023,D,SERVICE_INVOICE-30092022-SGIPL-Jhagadia SGIPL-V-42-D.pdf,113,03/10/2022 00:00:00,null,null,Y,NAKUL ASHOK RAHEJA,03/10/2022 00:00:00,null,null,null
2,24,42,2022-2023,O,SERVICE_INVOICE-30092022-SGIPL-Jhagadia SGIPL-V-42-O.pdf,113,03/10/2022 00:00:00,null,null,Y,NAKUL ASHOK RAHEJA,03/10/2022 00:00:00,null,null,null
2,24,42,2022-2023,T,SERVICE_INVOICE-30092022-SGIPL-Jhagadia SGIPL-V-42-T.pdf,113,03/10/2022 00:00:00,null,null,Y,NAKUL ASHOK RAHEJA,03/10/2022 00:00:00,null,null,null
2,24,62,2022-2023,D,SERVICE_INVOICE-31122022-SGIPL-Jhagadia SGIPL-V-62-D.pdf,113,02/01/2023 00:00:00,null,null,Y,NAKUL ASHOK RAHEJA,02/01/2023 00:00:00,null,null,null
2,24,62,2022-2023,O,SERVICE_INVOICE-31122022-SGIPL-Jhagadia SGIPL-V-62-O.pdf,113,02/01/2023 00:00:00,null,null,Y,NAKUL ASHOK RAHEJA,02/01/2023 00:00:00,null,null,null
2,24,62,2022-2023,T,SERVICE_INVOICE-31122022-SGIPL-Jhagadia SGIPL-V-62-T.pdf,113,02/01/2023 00:00:00,null,null,Y,NAKUL ASHOK RAHEJA,02/01/2023 00:00:00,null,null,null
2,24,66,2022-2023,D,SERVICE_INVOICE-15012023-SGIPL-Jhagadia SGIPL-V-66-D.pdf,113,16/01/2023 00:00:00,null,null,Y,NAKUL ASHOK RAHEJA,16/01/2023 00:00:00,null,null,null
2,24,66,2022-2023,O,SERVICE_INVOICE-15012023-SGIPL-Jhagadia SGIPL-V-66-O.pdf,113,16/01/2023 00:00:00,null,null,Y,NAKUL ASHOK RAHEJA,16/01/2023 00:00:00,null,null,null
2,24,66,2022-2023,T,SERVICE_INVOICE-15012023-SGIPL-Jhagadia SGIPL-V-66-T.pdf,113,16/01/2023 00:00:00,null,null,Y,NAKUL ASHOK RAHEJA,16/01/2023 00:00:00,null,null,null
2,24,24,2022-2023,D,SERVICE_INVOICE-15072022-SGIPL-Gyproc Jhagadia SGIPL-V-24-D.pdf,113,18/07/2022 00:00:00,null,null,Y,NAKUL ASHOK RAHEJA,18/07/2022 00:00:00,null,null,null
2,24,24,2022-2023,O,SERVICE_INVOICE-15072022-SGIPL-Gyproc Jhagadia SGIPL-V-24-O.pdf,113,18/07/2022 00:00:00,null,null,Y,NAKUL ASHOK RAHEJA,18/07/2022 00:00:00,null,null,null
2,24,24,2022-2023,T,SERVICE_INVOICE-15072022-SGIPL-Gyproc Jhagadia SGIPL-V-24-T.pdf,113,18/07/2022 00:00:00,null,null,Y,NAKUL ASHOK RAHEJA,18/07/2022 00:00:00,null,null,null
2,24,25,2022-2023,D,SERVICE_INVOICE-31072022-SGIPL-Gyproc Jhagadia SGIPL-V-25-D.pdf,23,01/08/2022 00:00:00,null,null,Y,NAKUL ASHOK RAHEJA,01/08/2022 00:00:00,null,null,null
2,24,25,2022-2023,O,SERVICE_INVOICE-31072022-SGIPL-Gyproc Jhagadia SGIPL-V-25-O.pdf,23,01/08/2022 00:00:00,null,null,Y,NAKUL ASHOK RAHEJA,01/08/2022 00:00:00,null,null,null
2,24,25,2022-2023,T,SERVICE_INVOICE-31072022-SGIPL-Gyproc Jhagadia SGIPL-V-25-T.pdf,23,01/08/2022 00:00:00,null,null,Y,NAKUL ASHOK RAHEJA,01/08/2022 00:00:00,null,null,null
2,24,32,2022-2023,D,SERVICE_INVOICE-15082022-SGIPL-Gyproc Jhagadia SGIPL-V-32-D.pdf,113,16/08/2022 00:00:00,null,null,Y,NAKUL ASHOK RAHEJA,16/08/2022 00:00:00,null,null,null
2,24,32,2022-2023,O,SERVICE_INVOICE-15082022-SGIPL-Gyproc Jhagadia SGIPL-V-32-O.pdf,113,16/08/2022 00:00:00,null,null,Y,NAKUL ASHOK RAHEJA,16/08/2022 00:00:00,null,null,null
2,24,32,2022-2023,T,SERVICE_INVOICE-15082022-SGIPL-Gyproc Jhagadia SGIPL-V-32-T.pdf,113,16/08/2022 00:00:00,null,null,Y,NAKUL ASHOK RAHEJA,16/08/2022 00:00:00,null,null,null
2,24,35,2022-2023,D,SERVICE_INVOICE-31082022-SGIPL-Gyproc Jhagadia SGIPL-V-35-D.pdf,113,01/09/2022 00:00:00,null,null,Y,NAKUL ASHOK RAHEJA,01/09/2022 00:00:00,null,null,null
2,24,35,2022-2023,O,SERVICE_INVOICE-31082022-SGIPL-Gyproc Jhagadia SGIPL-V-35-O.pdf,113,01/09/2022 00:00:00,null,null,Y,NAKUL ASHOK RAHEJA,01/09/2022 00:00:00,null,null,null
2,24,35,2022-2023,T,SERVICE_INVOICE-31082022-SGIPL-Gyproc Jhagadia SGIPL-V-35-T.pdf,113,01/09/2022 00:00:00,null,null,Y,NAKUL ASHOK RAHEJA,01/09/2022 00:00:00,null,null,null
2,24,38,2022-2023,D,SERVICE_INVOICE-15092022-SGIPL-Gyproc Jhagadia SGIPL-V-38-D.pdf,113,16/09/2022 00:00:00,null,null,Y,NAKUL ASHOK RAHEJA,16/09/2022 00:00:00,null,null,null
2,24,38,2022-2023,O,SERVICE_INVOICE-15092022-SGIPL-Gyproc Jhagadia SGIPL-V-38-O.pdf,113,16/09/2022 00:00:00,null,null,Y,NAKUL ASHOK RAHEJA,16/09/2022 00:00:00,null,null,null
2,24,38,2022-2023,T,SERVICE_INVOICE-15092022-SGIPL-Gyproc Jhagadia SGIPL-V-38-T.pdf,113,16/09/2022 00:00:00,null,null,Y,NAKUL ASHOK RAHEJA,16/09/2022 00:00:00,null,null,null
2,24,41,2022-2023,D,SERVICE_INVOICE-30092022-SGIPL-Gyproc Jhagadia SGIPL-V-41-D.pdf,113,03/10/2022 00:00:00,null,null,Y,NAKUL ASHOK RAHEJA,03/10/2022 00:00:00,null,null,null
2,24,41,2022-2023,O,SERVICE_INVOICE-30092022-SGIPL-Gyproc Jhagadia SGIPL-V-41-O.pdf,113,03/10/2022 00:00:00,null,null,Y,NAKUL ASHOK RAHEJA,03/10/2022 00:00:00,null,null,null
2,24,41,2022-2023,T,SERVICE_INVOICE-30092022-SGIPL-Gyproc Jhagadia SGIPL-V-41-T.pdf,113,03/10/2022 00:00:00,null,null,Y,NAKUL ASHOK RAHEJA,03/10/2022 00:00:00,null,null,null
2,24,45,2022-2023,D,SERVICE_INVOICE-15102022-SGIPL-Gyproc Jhagadia SGIPL-V-45-D.pdf,113,17/10/2022 00:00:00,null,null,Y,NAKUL ASHOK RAHEJA,17/10/2022 00:00:00,null,null,null
2,24,45,2022-2023,O,SERVICE_INVOICE-15102022-SGIPL-Gyproc Jhagadia SGIPL-V-45-O.pdf,113,17/10/2022 00:00:00,null,null,Y,NAKUL ASHOK RAHEJA,17/10/2022 00:00:00,null,null,null
2,24,45,2022-2023,T,SERVICE_INVOICE-15102022-SGIPL-Gyproc Jhagadia SGIPL-V-45-T.pdf,113,17/10/2022 00:00:00,null,null,Y,NAKUL ASHOK RAHEJA,17/10/2022 00:00:00,null,null,null
2,24,48,2022-2023,D,SERVICE_INVOICE-31102022-SGIPL-Gyproc Jhagadia SGIPL-V-48-D.pdf,113,01/11/2022 00:00:00,null,null,Y,NAKUL ASHOK RAHEJA,01/11/2022 00:00:00,null,null,null
2,24,48,2022-2023,O,SERVICE_INVOICE-31102022-SGIPL-Gyproc Jhagadia SGIPL-V-48-O.pdf,113,01/11/2022 00:00:00,null,null,Y,NAKUL ASHOK RAHEJA,01/11/2022 00:00:00,null,null,null
2,24,48,2022-2023,T,SERVICE_INVOICE-31102022-SGIPL-Gyproc Jhagadia SGIPL-V-48-T.pdf,113,01/11/2022 00:00:00,null,null,Y,NAKUL ASHOK RAHEJA,01/11/2022 00:00:00,null,null,null
2,24,51,2022-2023,D,SERVICE_INVOICE-15112022-SGIPL-Gyproc Jhagadia SGIPL-V-51-D.pdf,113,16/11/2022 00:00:00,null,null,Y,NAKUL ASHOK RAHEJA,16/11/2022 00:00:00,null,null,null
2,24,51,2022-2023,O,SERVICE_INVOICE-15112022-SGIPL-Gyproc Jhagadia SGIPL-V-51-O.pdf,113,16/11/2022 00:00:00,null,null,Y,NAKUL ASHOK RAHEJA,16/11/2022 00:00:00,null,null,null
2,24,51,2022-2023,T,SERVICE_INVOICE-15112022-SGIPL-Gyproc Jhagadia SGIPL-V-51-T.pdf,113,16/11/2022 00:00:00,null,null,Y,NAKUL ASHOK RAHEJA,16/11/2022 00:00:00,null,null,null
2,24,54,2022-2023,D,SERVICE_INVOICE-30112022-SGIPL-Gyproc Jhagadia SGIPL-V-54-D.pdf,23,01/12/2022 00:00:00,null,null,Y,NAKUL ASHOK RAHEJA,01/12/2022 00:00:00,null,null,null
2,24,54,2022-2023,O,SERVICE_INVOICE-30112022-SGIPL-Gyproc Jhagadia SGIPL-V-54-O.pdf,23,01/12/2022 00:00:00,null,null,Y,NAKUL ASHOK RAHEJA,01/12/2022 00:00:00,null,null,null
2,24,54,2022-2023,T,SERVICE_INVOICE-30112022-SGIPL-Gyproc Jhagadia SGIPL-V-54-T.pdf,23,01/12/2022 00:00:00,null,null,Y,NAKUL ASHOK RAHEJA,01/12/2022 00:00:00,null,null,null
2,24,58,2022-2023,D,SERVICE_INVOICE-15122022-SGIPL-Gyproc Jhagadia SGIPL-V-58-D.pdf,113,16/12/2022 00:00:00,null,null,Y,NAKUL ASHOK RAHEJA,16/12/2022 00:00:00,null,null,null
2,24,58,2022-2023,O,SERVICE_INVOICE-15122022-SGIPL-Gyproc Jhagadia SGIPL-V-58-O.pdf,113,16/12/2022 00:00:00,null,null,Y,NAKUL ASHOK RAHEJA,16/12/2022 00:00:00,null,null,null
2,24,58,2022-2023,T,SERVICE_INVOICE-15122022-SGIPL-Gyproc Jhagadia SGIPL-V-58-T.pdf,113,16/12/2022 00:00:00,null,null,Y,NAKUL ASHOK RAHEJA,16/12/2022 00:00:00,null,null,null
2,24,61,2022-2023,D,SERVICE_INVOICE-31122022-SGIPL-Gyproc Jhagadia SGIPL-V-61-D.pdf,113,02/01/2023 00:00:00,null,null,Y,NAKUL ASHOK RAHEJA,02/01/2023 00:00:00,null,null,null
2,24,61,2022-2023,O,SERVICE_INVOICE-31122022-SGIPL-Gyproc Jhagadia SGIPL-V-61-O.pdf,113,02/01/2023 00:00:00,null,null,Y,NAKUL ASHOK RAHEJA,02/01/2023 00:00:00,null,null,null
2,24,61,2022-2023,T,SERVICE_INVOICE-31122022-SGIPL-Gyproc Jhagadia SGIPL-V-61-T.pdf,113,02/01/2023 00:00:00,null,null,Y,NAKUL ASHOK RAHEJA,02/01/2023 00:00:00,null,null,null
2,24,65,2022-2023,D,SERVICE_INVOICE-15012023-SGIPL-Gyproc Jhagadia SGIPL-V-65-D.pdf,113,16/01/2023 00:00:00,null,null,Y,NAKUL ASHOK RAHEJA,16/01/2023 00:00:00,null,null,null
2,24,65,2022-2023,O,SERVICE_INVOICE-15012023-SGIPL-Gyproc Jhagadia SGIPL-V-65-O.pdf,113,16/01/2023 00:00:00,null,null,Y,NAKUL ASHOK RAHEJA,16/01/2023 00:00:00,null,null,null
2,24,65,2022-2023,T,SERVICE_INVOICE-15012023-SGIPL-Gyproc Jhagadia SGIPL-V-65-T.pdf,113,16/01/2023 00:00:00,null,null,Y,NAKUL ASHOK RAHEJA,16/01/2023 00:00:00,null,null,null
2,24,69,2022-2023,D,SERVICE_INVOICE-31012023-SGIPL-Gyproc Jhagadia SGIPL-V-69-D.pdf,113,01/02/2023 00:00:00,null,null,Y,NAKUL ASHOK RAHEJA,01/02/2023 00:00:00,null,null,null
2,24,69,2022-2023,O,SERVICE_INVOICE-31012023-SGIPL-Gyproc Jhagadia SGIPL-V-69-O.pdf,113,01/02/2023 00:00:00,null,null,Y,-Select-,01/02/2023 00:00:00,null,null,null
2,24,69,2022-2023,T,SERVICE_INVOICE-31012023-SGIPL-Gyproc Jhagadia SGIPL-V-69-T.pdf,113,01/02/2023 00:00:00,null,null,Y,NAKUL ASHOK RAHEJA,01/02/2023 00:00:00,null,null,null
2,24,73,2022-2023,D,SERVICE_INVOICE-15022023-SGIPL-Gyproc Jhagadia SGIPL-V-73-D.pdf,113,16/02/2023 00:00:00,null,null,Y,NAKUL ASHOK RAHEJA,16/02/2023 00:00:00,null,null,null
2,24,73,2022-2023,O,SERVICE_INVOICE-15022023-SGIPL-Gyproc Jhagadia SGIPL-V-73-O.pdf,113,16/02/2023 00:00:00,null,null,Y,NAKUL ASHOK RAHEJA,16/02/2023 00:00:00,null,null,null
2,24,73,2022-2023,T,SERVICE_INVOICE-15022023-SGIPL-Gyproc Jhagadia SGIPL-V-73-T.pdf,113,16/02/2023 00:00:00,null,null,Y,NAKUL ASHOK RAHEJA,16/02/2023 00:00:00,null,null,null
2,24,76,2022-2023,D,SERVICE_INVOICE-28022023-SGIPL-Gyproc Jhagadia SGIPL-V-76-D.pdf,113,01/03/2023 00:00:00,null,null,Y,NAKUL ASHOK RAHEJA,01/03/2023 00:00:00,null,null,null
2,24,76,2022-2023,O,SERVICE_INVOICE-28022023-SGIPL-Gyproc Jhagadia SGIPL-V-76-O.pdf,113,01/03/2023 00:00:00,null,null,Y,NAKUL ASHOK RAHEJA,01/03/2023 00:00:00,null,null,null
2,24,76,2022-2023,T,SERVICE_INVOICE-28022023-SGIPL-Gyproc Jhagadia SGIPL-V-76-T.pdf,113,01/03/2023 00:00:00,null,null,Y,NAKUL ASHOK RAHEJA,01/03/2023 00:00:00,null,null,null
2,24,79,2022-2023,D,SERVICE_INVOICE-15032023-SGIPL-Gyproc Jhagadia SGIPL-V-79-D.pdf,113,16/03/2023 00:00:00,null,null,Y,NAKUL ASHOK RAHEJA,16/03/2023 00:00:00,null,null,null
2,24,79,2022-2023,O,SERVICE_INVOICE-15032023-SGIPL-Gyproc Jhagadia SGIPL-V-79-O.pdf,113,16/03/2023 00:00:00,null,null,Y,NAKUL ASHOK RAHEJA,16/03/2023 00:00:00,null,null,null
2,24,79,2022-2023,T,SERVICE_INVOICE-15032023-SGIPL-Gyproc Jhagadia SGIPL-V-79-T.pdf,113,16/03/2023 00:00:00,null,null,Y,NAKUL ASHOK RAHEJA,16/03/2023 00:00:00,null,null,null
2,24,84,2022-2023,D,SERVICE_INVOICE-31032023-SGIPL-Gyproc Jhagadia SGIPL-V-84-D.pdf,113,03/04/2023 00:00:00,null,null,Y,NAKUL ASHOK RAHEJA,03/04/2023 00:00:00,null,null,null
2,24,84,2022-2023,O,SERVICE_INVOICE-31032023-SGIPL-Gyproc Jhagadia SGIPL-V-84-O.pdf,113,03/04/2023 00:00:00,null,null,Y,NAKUL ASHOK RAHEJA,03/04/2023 00:00:00,null,null,null
2,24,84,2022-2023,T,SERVICE_INVOICE-31032023-SGIPL-Gyproc Jhagadia SGIPL-V-84-T.pdf,113,03/04/2023 00:00:00,null,null,Y,NAKUL ASHOK RAHEJA,03/04/2023 00:00:00,null,null,null
2,24,2,2023-2024,D,SERVICE_INVOICE-10042023-SGIPL-Gyproc Jhagadia SGIPL-V-2-D.pdf,113,17/04/2023 00:00:00,null,null,Y,NAKUL ASHOK RAHEJA,17/04/2023 00:00:00,null,null,null
2,24,2,2023-2024,O,SERVICE_INVOICE-10042023-SGIPL-Gyproc Jhagadia SGIPL-V-2-O.pdf,113,17/04/2023 00:00:00,null,null,Y,NAKUL ASHOK RAHEJA,17/04/2023 00:00:00,null,null,null
2,24,2,2023-2024,T,SERVICE_INVOICE-10042023-SGIPL-Gyproc Jhagadia SGIPL-V-2-T.pdf,113,17/04/2023 00:00:00,null,null,Y,NAKUL ASHOK RAHEJA,17/04/2023 00:00:00,null,null,null
2,24,6,2023-2024,D,SERVICE_INVOICE-26062023-SGIPL-Jhagadia SGIPL-V-6-D.pdf,113,27/06/2023 00:00:00,null,null,Y,NAKUL ASHOK RAHEJA,27/06/2023 00:00:00,null,null,null
2,24,6,2023-2024,O,SERVICE_INVOICE-26062023-SGIPL-Jhagadia SGIPL-V-6-O.pdf,113,27/06/2023 00:00:00,null,null,Y,NAKUL ASHOK RAHEJA,27/06/2023 00:00:00,null,null,null
2,24,6,2023-2024,T,SERVICE_INVOICE-26062023-SGIPL-Jhagadia SGIPL-V-6-T.pdf,113,27/06/2023 00:00:00,null,null,Y,NAKUL ASHOK RAHEJA,27/06/2023 00:00:00,null,null,null
2,24,15,2024-2025,D,SERVICE_INVOICE-30092024-SGIPL-SGIPL Jhagadia-V-15-D.pdf,201,01/10/2024 00:00:00,null,null,Y,NAKUL ASHOK RAHEJA,01/10/2024 00:00:00,null,null,null
2,24,15,2024-2025,O,SERVICE_INVOICE-30092024-SGIPL-SGIPL Jhagadia-V-15-O.pdf,201,01/10/2024 00:00:00,null,null,Y,NAKUL ASHOK RAHEJA,01/10/2024 00:00:00,null,null,null
2,24,15,2024-2025,T,SERVICE_INVOICE-30092024-SGIPL-SGIPL Jhagadia-V-15-T.pdf,201,01/10/2024 00:00:00,null,null,Y,NAKUL ASHOK RAHEJA,01/10/2024 00:00:00,null,null,null
2,24,1,2021-2022,D,SERVICE_INVOICE-15102021-JKPAPER-JKPAPER-SONGADH-V-1-D.pdf,113,18/10/2021 00:00:00,null,null,Y,NAKUL ASHOK RAHEJA,18/10/2021 00:00:00,null,null,null
2,24,1,2021-2022,O,SERVICE_INVOICE-15102021-JKPAPER-JKPAPER-SONGADH-V-1-O.pdf,113,18/10/2021 00:00:00,null,null,Y,NAKUL ASHOK RAHEJA,18/10/2021 00:00:00,null,null,null
2,24,1,2021-2022,T,SERVICE_INVOICE-15102021-JKPAPER-JKPAPER-SONGADH-V-1-T.pdf,113,18/10/2021 00:00:00,null,null,Y,NAKUL ASHOK RAHEJA,18/10/2021 00:00:00,null,null,null
2,24,2,2021-2022,D,SERVICE_INVOICE-31102021-JKPAPER-JKPAPER-SONGADH-V-2-D.pdf,23,01/11/2021 00:00:00,null,null,Y,NAKUL ASHOK RAHEJA,01/11/2021 00:00:00,null,null,null
2,24,2,2021-2022,O,SERVICE_INVOICE-31102021-JKPAPER-JKPAPER-SONGADH-V-2-O.pdf,23,01/11/2021 00:00:00,null,null,Y,NAKUL ASHOK RAHEJA,01/11/2021 00:00:00,null,null,null
2,24,2,2021-2022,T,SERVICE_INVOICE-31102021-JKPAPER-JKPAPER-SONGADH-V-2-T.pdf,23,01/11/2021 00:00:00,null,null,Y,NAKUL ASHOK RAHEJA,01/11/2021 00:00:00,null,null,null
2,24,3,2021-2022,D,SERVICE_INVOICE-30112021-JKPAPER-JKPAPER-SONGADH-V-3-D.pdf,113,01/12/2021 00:00:00,null,null,Y,NAKUL ASHOK RAHEJA,01/12/2021 00:00:00,null,null,null
2,24,3,2021-2022,O,SERVICE_INVOICE-30112021-JKPAPER-JKPAPER-SONGADH-V-3-O.pdf,113,01/12/2021 00:00:00,null,null,Y,NAKUL ASHOK RAHEJA,01/12/2021 00:00:00,null,null,null
2,24,3,2021-2022,T,SERVICE_INVOICE-30112021-JKPAPER-JKPAPER-SONGADH-V-3-T.pdf,113,01/12/2021 00:00:00,null,null,Y,NAKUL ASHOK RAHEJA,01/12/2021 00:00:00,null,null,null
2,24,4,2021-2022,D,SERVICE_INVOICE-15122021-JKPAPER-JKPAPER-SONGADH-V-4-D.pdf,23,17/12/2021 00:00:00,null,null,Y,NAKUL ASHOK RAHEJA,17/12/2021 00:00:00,null,null,null
2,24,4,2021-2022,O,SERVICE_INVOICE-15122021-JKPAPER-JKPAPER-SONGADH-V-4-O.pdf,23,17/12/2021 00:00:00,null,null,Y,NAKUL ASHOK RAHEJA,17/12/2021 00:00:00,null,null,null
2,24,4,2021-2022,T,SERVICE_INVOICE-15122021-JKPAPER-JKPAPER-SONGADH-V-4-T.pdf,23,17/12/2021 00:00:00,null,null,Y,NAKUL ASHOK RAHEJA,17/12/2021 00:00:00,null,null,null
2,24,5,2021-2022,D,SERVICE_INVOICE-31122021-JKPAPER-JKPAPER-SONGADH-V-5-D.pdf,113,31/12/2021 00:00:00,null,null,Y,NAKUL ASHOK RAHEJA,31/12/2021 00:00:00,null,null,null
2,24,5,2021-2022,O,SERVICE_INVOICE-31122021-JKPAPER-JKPAPER-SONGADH-V-5-O.pdf,113,31/12/2021 00:00:00,null,null,Y,NAKUL ASHOK RAHEJA,31/12/2021 00:00:00,null,null,null
2,24,5,2021-2022,T,SERVICE_INVOICE-31122021-JKPAPER-JKPAPER-SONGADH-V-5-T.pdf,113,31/12/2021 00:00:00,null,null,Y,NAKUL ASHOK RAHEJA,31/12/2021 00:00:00,null,null,null
2,24,6,2021-2022,D,SERVICE_INVOICE-15012022-JKPAPER-JKPAPER-SONGADH-V-6-D.pdf,113,17/01/2022 00:00:00,null,null,Y,NAKUL ASHOK RAHEJA,17/01/2022 00:00:00,null,null,null
2,24,6,2021-2022,O,SERVICE_INVOICE-15012022-JKPAPER-JKPAPER-SONGADH-V-6-O.pdf,113,17/01/2022 00:00:00,null,null,Y,NAKUL ASHOK RAHEJA,17/01/2022 00:00:00,null,null,null
2,24,6,2021-2022,T,SERVICE_INVOICE-15012022-JKPAPER-JKPAPER-SONGADH-V-6-T.pdf,113,17/01/2022 00:00:00,null,null,Y,NAKUL ASHOK RAHEJA,17/01/2022 00:00:00,null,null,null
2,24,7,2021-2022,D,SERVICE_INVOICE-31012022-JKPAPER-JKPAPER-SONGADH-V-7-D.pdf,113,31/01/2022 00:00:00,null,null,Y,NAKUL ASHOK RAHEJA,31/01/2022 00:00:00,null,null,null
2,24,7,2021-2022,O,SERVICE_INVOICE-31012022-JKPAPER-JKPAPER-SONGADH-V-7-O.pdf,113,31/01/2022 00:00:00,null,null,Y,NAKUL ASHOK RAHEJA,31/01/2022 00:00:00,null,null,null
2,24,7,2021-2022,T,SERVICE_INVOICE-31012022-JKPAPER-JKPAPER-SONGADH-V-7-T.pdf,113,31/01/2022 00:00:00,null,null,Y,NAKUL ASHOK RAHEJA,31/01/2022 00:00:00,null,null,null
2,24,8,2021-2022,D,SERVICE_INVOICE-15022022-JKPAPER-JKPAPER-SONGADH-V-8-D.pdf,113,16/02/2022 00:00:00,null,null,Y,NAKUL ASHOK RAHEJA,16/02/2022 00:00:00,null,null,null
2,24,8,2021-2022,O,SERVICE_INVOICE-15022022-JKPAPER-JKPAPER-SONGADH-V-8-O.pdf,113,16/02/2022 00:00:00,null,null,Y,NAKUL ASHOK RAHEJA,16/02/2022 00:00:00,null,null,null
2,24,8,2021-2022,T,SERVICE_INVOICE-15022022-JKPAPER-JKPAPER-SONGADH-V-8-T.pdf,113,16/02/2022 00:00:00,null,null,Y,NAKUL ASHOK RAHEJA,16/02/2022 00:00:00,null,null,null
2,24,9,2021-2022,D,SERVICE_INVOICE-28022022-JKPAPER-JKPAPER-SONGADH-V-9-D.pdf,23,02/03/2022 00:00:00,null,null,Y,NAKUL ASHOK RAHEJA,02/03/2022 00:00:00,null,null,null
2,24,9,2021-2022,O,SERVICE_INVOICE-28022022-JKPAPER-JKPAPER-SONGADH-V-9-O.pdf,23,02/03/2022 00:00:00,null,null,Y,NAKUL ASHOK RAHEJA,02/03/2022 00:00:00,null,null,null
2,24,9,2021-2022,T,SERVICE_INVOICE-28022022-JKPAPER-JKPAPER-SONGADH-V-9-T.pdf,23,02/03/2022 00:00:00,null,null,Y,NAKUL ASHOK RAHEJA,02/03/2022 00:00:00,null,null,null
2,24,13,2021-2022,D,SERVICE_INVOICE-15032022-JKPAPER-JKPAPER-SONGADH-V-13-D.pdf,23,16/03/2022 00:00:00,null,null,Y,NAKUL ASHOK RAHEJA,16/03/2022 00:00:00,null,null,null
2,24,13,2021-2022,O,SERVICE_INVOICE-15032022-JKPAPER-JKPAPER-SONGADH-V-13-O.pdf,23,16/03/2022 00:00:00,null,null,Y,NAKUL ASHOK RAHEJA,16/03/2022 00:00:00,null,null,null
2,24,13,2021-2022,T,SERVICE_INVOICE-15032022-JKPAPER-JKPAPER-SONGADH-V-13-T.pdf,23,16/03/2022 00:00:00,null,null,Y,NAKUL ASHOK RAHEJA,16/03/2022 00:00:00,null,null,null
2,24,15,2021-2022,D,SERVICE_INVOICE-31032022-JKPAPER-JKPAPER-SONGADH-V-15-D.pdf,113,01/04/2022 00:00:00,null,null,Y,NAKUL ASHOK RAHEJA,01/04/2022 00:00:00,null,null,null
2,24,15,2021-2022,O,SERVICE_INVOICE-31032022-JKPAPER-JKPAPER-SONGADH-V-15-O.pdf,113,01/04/2022 00:00:00,null,null,Y,NAKUL ASHOK RAHEJA,01/04/2022 00:00:00,null,null,null
2,24,15,2021-2022,T,SERVICE_INVOICE-31032022-JKPAPER-JKPAPER-SONGADH-V-15-T.pdf,113,01/04/2022 00:00:00,null,null,Y,NAKUL ASHOK RAHEJA,01/04/2022 00:00:00,null,null,null
2,24,16,2021-2022,D,SERVICE_INVOICE-31032022-JKPAPER-JKPAPER-SONGADH-V-16-D.pdf,113,01/04/2022 00:00:00,null,null,Y,NAKUL ASHOK RAHEJA,01/04/2022 00:00:00,null,null,null
2,24,16,2021-2022,O,SERVICE_INVOICE-31032022-JKPAPER-JKPAPER-SONGADH-V-16-O.pdf,113,01/04/2022 00:00:00,null,null,Y,NAKUL ASHOK RAHEJA,01/04/2022 00:00:00,null,null,null
2,24,16,2021-2022,T,SERVICE_INVOICE-31032022-JKPAPER-JKPAPER-SONGADH-V-16-T.pdf,113,01/04/2022 00:00:00,null,null,Y,NAKUL ASHOK RAHEJA,01/04/2022 00:00:00,null,null,null
2,24,2,2022-2023,D,SERVICE_INVOICE-15042022-JKPAPER-JKPAPER-SONGADH-V-2-D.pdf,113,18/04/2022 00:00:00,null,null,Y,NAKUL ASHOK RAHEJA,18/04/2022 00:00:00,null,null,null
2,24,2,2022-2023,O,SERVICE_INVOICE-15042022-JKPAPER-JKPAPER-SONGADH-V-2-O.pdf,113,18/04/2022 00:00:00,null,null,Y,NAKUL ASHOK RAHEJA,18/04/2022 00:00:00,null,null,null
2,24,2,2022-2023,T,SERVICE_INVOICE-15042022-JKPAPER-JKPAPER-SONGADH-V-2-T.pdf,113,18/04/2022 00:00:00,null,null,Y,NAKUL ASHOK RAHEJA,18/04/2022 00:00:00,null,null,null
2,24,5,2022-2023,D,SERVICE_INVOICE-30042022-JKPAPER-JKPAPER-SONGADH-V-5-D.pdf,113,02/05/2022 00:00:00,null,null,Y,NAKUL ASHOK RAHEJA,02/05/2022 00:00:00,null,null,null
2,24,5,2022-2023,O,SERVICE_INVOICE-30042022-JKPAPER-JKPAPER-SONGADH-V-5-O.pdf,113,02/05/2022 00:00:00,null,null,Y,NAKUL ASHOK RAHEJA,02/05/2022 00:00:00,null,null,null
2,24,5,2022-2023,T,SERVICE_INVOICE-30042022-JKPAPER-JKPAPER-SONGADH-V-5-T.pdf,113,02/05/2022 00:00:00,null,null,Y,NAKUL ASHOK RAHEJA,02/05/2022 00:00:00,null,null,null
2,24,8,2022-2023,D,SERVICE_INVOICE-15052022-JKPAPER-JKPAPER-SONGADH-V-8-D.pdf,113,16/05/2022 00:00:00,null,null,Y,NAKUL ASHOK RAHEJA,16/05/2022 00:00:00,null,null,null
2,24,8,2022-2023,O,SERVICE_INVOICE-15052022-JKPAPER-JKPAPER-SONGADH-V-8-O.pdf,113,16/05/2022 00:00:00,null,null,Y,NAKUL ASHOK RAHEJA,16/05/2022 00:00:00,null,null,null
2,24,8,2022-2023,T,SERVICE_INVOICE-15052022-JKPAPER-JKPAPER-SONGADH-V-8-T.pdf,113,16/05/2022 00:00:00,null,null,Y,NAKUL ASHOK RAHEJA,16/05/2022 00:00:00,null,null,null
2,24,11,2022-2023,D,SERVICE_INVOICE-31052022-JKPAPER-JKPAPER-SONGADH-V-11-D.pdf,23,01/06/2022 00:00:00,null,null,Y,NAKUL ASHOK RAHEJA,01/06/2022 00:00:00,null,null,null
2,24,11,2022-2023,O,SERVICE_INVOICE-31052022-JKPAPER-JKPAPER-SONGADH-V-11-O.pdf,23,01/06/2022 00:00:00,null,null,Y,NAKUL ASHOK RAHEJA,01/06/2022 00:00:00,null,null,null
2,24,11,2022-2023,T,SERVICE_INVOICE-31052022-JKPAPER-JKPAPER-SONGADH-V-11-T.pdf,23,01/06/2022 00:00:00,null,null,Y,NAKUL ASHOK RAHEJA,01/06/2022 00:00:00,null,null,null
2,24,14,2022-2023,D,SERVICE_INVOICE-15062022-JKPAPER-JKPAPER-SONGADH-V-14-D.pdf,113,16/06/2022 00:00:00,null,null,Y,NAKUL ASHOK RAHEJA,16/06/2022 00:00:00,null,null,null
2,24,14,2022-2023,O,SERVICE_INVOICE-15062022-JKPAPER-JKPAPER-SONGADH-V-14-O.pdf,113,16/06/2022 00:00:00,null,null,Y,NAKUL ASHOK RAHEJA,16/06/2022 00:00:00,null,null,null
2,24,14,2022-2023,T,SERVICE_INVOICE-15062022-JKPAPER-JKPAPER-SONGADH-V-14-T.pdf,113,16/06/2022 00:00:00,null,null,Y,NAKUL ASHOK RAHEJA,16/06/2022 00:00:00,null,null,null
2,24,18,2022-2023,D,SERVICE_INVOICE-30062022-JKPAPER-JKPAPER-SONGADH-V-18-D.pdf,113,01/07/2022 00:00:00,null,null,Y,NAKUL ASHOK RAHEJA,01/07/2022 00:00:00,null,null,null
2,24,18,2022-2023,O,SERVICE_INVOICE-30062022-JKPAPER-JKPAPER-SONGADH-V-18-O.pdf,113,01/07/2022 00:00:00,null,null,Y,NAKUL ASHOK RAHEJA,01/07/2022 00:00:00,null,null,null
2,24,18,2022-2023,T,SERVICE_INVOICE-30062022-JKPAPER-JKPAPER-SONGADH-V-18-T.pdf,113,01/07/2022 00:00:00,null,null,Y,NAKUL ASHOK RAHEJA,01/07/2022 00:00:00,null,null,null
2,24,22,2022-2023,D,SERVICE_INVOICE-15072022-JKPAPER-JKPAPER-SONGADH-V-22-D.pdf,113,18/07/2022 00:00:00,null,null,Y,NAKUL ASHOK RAHEJA,18/07/2022 00:00:00,null,null,null
2,24,22,2022-2023,O,SERVICE_INVOICE-15072022-JKPAPER-JKPAPER-SONGADH-V-22-O.pdf,113,18/07/2022 00:00:00,null,null,Y,NAKUL ASHOK RAHEJA,18/07/2022 00:00:00,null,null,null
2,24,22,2022-2023,T,SERVICE_INVOICE-15072022-JKPAPER-JKPAPER-SONGADH-V-22-T.pdf,113,18/07/2022 00:00:00,null,null,Y,NAKUL ASHOK RAHEJA,18/07/2022 00:00:00,null,null,null
2,24,29,2022-2023,D,SERVICE_INVOICE-31072022-JKPAPER-JKPAPER-SONGADH-V-29-D.pdf,23,01/08/2022 00:00:00,null,null,Y,NAKUL ASHOK RAHEJA,01/08/2022 00:00:00,null,null,null
2,24,29,2022-2023,O,SERVICE_INVOICE-31072022-JKPAPER-JKPAPER-SONGADH-V-29-O.pdf,23,01/08/2022 00:00:00,null,null,Y,NAKUL ASHOK RAHEJA,01/08/2022 00:00:00,null,null,null
2,24,29,2022-2023,T,SERVICE_INVOICE-31072022-JKPAPER-JKPAPER-SONGADH-V-29-T.pdf,23,01/08/2022 00:00:00,null,null,Y,NAKUL ASHOK RAHEJA,01/08/2022 00:00:00,null,null,null
2,24,30,2022-2023,D,SERVICE_INVOICE-15082022-JKPAPER-JKPAPER-SONGADH-V-30-D.pdf,113,16/08/2022 00:00:00,null,null,Y,NAKUL ASHOK RAHEJA,16/08/2022 00:00:00,null,null,null
2,24,30,2022-2023,O,SERVICE_INVOICE-15082022-JKPAPER-JKPAPER-SONGADH-V-30-O.pdf,113,16/08/2022 00:00:00,null,null,Y,NAKUL ASHOK RAHEJA,16/08/2022 00:00:00,null,null,null
2,24,30,2022-2023,T,SERVICE_INVOICE-15082022-JKPAPER-JKPAPER-SONGADH-V-30-T.pdf,113,16/08/2022 00:00:00,null,null,Y,NAKUL ASHOK RAHEJA,16/08/2022 00:00:00,null,null,null
2,24,31,2022-2023,D,SERVICE_INVOICE-15082022-JKPAPER-JKPAPER-SONGADH-V-31-D.pdf,113,16/08/2022 00:00:00,null,null,Y,NAKUL ASHOK RAHEJA,16/08/2022 00:00:00,null,null,null
2,24,31,2022-2023,O,SERVICE_INVOICE-15082022-JKPAPER-JKPAPER-SONGADH-V-31-O.pdf,113,16/08/2022 00:00:00,null,null,Y,NAKUL ASHOK RAHEJA,16/08/2022 00:00:00,null,null,null
2,24,31,2022-2023,T,SERVICE_INVOICE-15082022-JKPAPER-JKPAPER-SONGADH-V-31-T.pdf,113,16/08/2022 00:00:00,null,null,Y,NAKUL ASHOK RAHEJA,16/08/2022 00:00:00,null,null,null
2,24,34,2022-2023,D,SERVICE_INVOICE-31082022-JKPAPER-JKPAPER-SONGADH-V-34-D.pdf,113,01/09/2022 00:00:00,null,null,Y,NAKUL ASHOK RAHEJA,01/09/2022 00:00:00,null,null,null
2,24,34,2022-2023,O,SERVICE_INVOICE-31082022-JKPAPER-JKPAPER-SONGADH-V-34-O.pdf,113,01/09/2022 00:00:00,null,null,Y,NAKUL ASHOK RAHEJA,01/09/2022 00:00:00,null,null,null
2,24,34,2022-2023,T,SERVICE_INVOICE-31082022-JKPAPER-JKPAPER-SONGADH-V-34-T.pdf,113,01/09/2022 00:00:00,null,null,Y,NAKUL ASHOK RAHEJA,01/09/2022 00:00:00,null,null,null
2,24,37,2022-2023,D,SERVICE_INVOICE-15092022-JKPAPER-JKPAPER-SONGADH-V-37-D.pdf,113,16/09/2022 00:00:00,null,null,Y,NAKUL ASHOK RAHEJA,16/09/2022 00:00:00,null,null,null
2,24,37,2022-2023,O,SERVICE_INVOICE-15092022-JKPAPER-JKPAPER-SONGADH-V-37-O.pdf,113,16/09/2022 00:00:00,null,null,Y,NAKUL ASHOK RAHEJA,16/09/2022 00:00:00,null,null,null
2,24,37,2022-2023,T,SERVICE_INVOICE-15092022-JKPAPER-JKPAPER-SONGADH-V-37-T.pdf,113,16/09/2022 00:00:00,null,null,Y,NAKUL ASHOK RAHEJA,16/09/2022 00:00:00,null,null,null
2,24,40,2022-2023,D,SERVICE_INVOICE-30092022-JKPAPER-JKPAPER-SONGADH-V-40-D.pdf,113,03/10/2022 00:00:00,null,null,Y,NAKUL ASHOK RAHEJA,03/10/2022 00:00:00,null,null,null
2,24,40,2022-2023,O,SERVICE_INVOICE-30092022-JKPAPER-JKPAPER-SONGADH-V-40-O.pdf,113,03/10/2022 00:00:00,null,null,Y,NAKUL ASHOK RAHEJA,03/10/2022 00:00:00,null,null,null
2,24,40,2022-2023,T,SERVICE_INVOICE-30092022-JKPAPER-JKPAPER-SONGADH-V-40-T.pdf,113,03/10/2022 00:00:00,null,null,Y,NAKUL ASHOK RAHEJA,03/10/2022 00:00:00,null,null,null
2,24,44,2022-2023,D,SERVICE_INVOICE-15102022-JKPAPER-JKPAPER-SONGADH-V-44-D.pdf,113,17/10/2022 00:00:00,null,null,Y,NAKUL ASHOK RAHEJA,17/10/2022 00:00:00,null,null,null
2,24,44,2022-2023,O,SERVICE_INVOICE-15102022-JKPAPER-JKPAPER-SONGADH-V-44-O.pdf,113,17/10/2022 00:00:00,null,null,Y,NAKUL ASHOK RAHEJA,17/10/2022 00:00:00,null,null,null
2,24,44,2022-2023,T,SERVICE_INVOICE-15102022-JKPAPER-JKPAPER-SONGADH-V-44-T.pdf,113,17/10/2022 00:00:00,null,null,Y,NAKUL ASHOK RAHEJA,17/10/2022 00:00:00,null,null,null
2,24,47,2022-2023,D,SERVICE_INVOICE-31102022-JKPAPER-JKPAPER-SONGADH-V-47-D.pdf,113,01/11/2022 00:00:00,null,null,Y,NAKUL ASHOK RAHEJA,01/11/2022 00:00:00,null,null,null
2,24,47,2022-2023,O,SERVICE_INVOICE-31102022-JKPAPER-JKPAPER-SONGADH-V-47-O.pdf,113,01/11/2022 00:00:00,null,null,Y,NAKUL ASHOK RAHEJA,01/11/2022 00:00:00,null,null,null
2,24,47,2022-2023,T,SERVICE_INVOICE-31102022-JKPAPER-JKPAPER-SONGADH-V-47-T.pdf,113,01/11/2022 00:00:00,null,null,Y,NAKUL ASHOK RAHEJA,01/11/2022 00:00:00,null,null,null
2,24,50,2022-2023,D,SERVICE_INVOICE-15112022-JKPAPER-JKPAPER-SONGADH-V-50-D.pdf,113,16/11/2022 00:00:00,null,null,Y,NAKUL ASHOK RAHEJA,16/11/2022 00:00:00,null,null,null
2,24,50,2022-2023,O,SERVICE_INVOICE-15112022-JKPAPER-JKPAPER-SONGADH-V-50-O.pdf,113,16/11/2022 00:00:00,null,null,Y,NAKUL ASHOK RAHEJA,16/11/2022 00:00:00,null,null,null
2,24,50,2022-2023,T,SERVICE_INVOICE-15112022-JKPAPER-JKPAPER-SONGADH-V-50-T.pdf,113,16/11/2022 00:00:00,null,null,Y,NAKUL ASHOK RAHEJA,16/11/2022 00:00:00,null,null,null
2,24,53,2022-2023,D,SERVICE_INVOICE-30112022-JKPAPER-JKPAPER-SONGADH-V-53-D.pdf,23,01/12/2022 00:00:00,null,null,Y,NAKUL ASHOK RAHEJA,01/12/2022 00:00:00,null,null,null
2,24,53,2022-2023,O,SERVICE_INVOICE-30112022-JKPAPER-JKPAPER-SONGADH-V-53-O.pdf,23,01/12/2022 00:00:00,null,null,Y,NAKUL ASHOK RAHEJA,01/12/2022 00:00:00,null,null,null
2,24,53,2022-2023,T,SERVICE_INVOICE-30112022-JKPAPER-JKPAPER-SONGADH-V-53-T.pdf,23,01/12/2022 00:00:00,null,null,Y,NAKUL ASHOK RAHEJA,01/12/2022 00:00:00,null,null,null
2,24,56,2022-2023,D,SERVICE_INVOICE-15122022-JKPAPER-JKPAPER-SONGADH-V-56-D.pdf,113,16/12/2022 00:00:00,null,null,Y,NAKUL ASHOK RAHEJA,16/12/2022 00:00:00,null,null,null
2,24,56,2022-2023,O,SERVICE_INVOICE-15122022-JKPAPER-JKPAPER-SONGADH-V-56-O.pdf,113,16/12/2022 00:00:00,null,null,Y,NAKUL ASHOK RAHEJA,16/12/2022 00:00:00,null,null,null
2,24,56,2022-2023,T,SERVICE_INVOICE-15122022-JKPAPER-JKPAPER-SONGADH-V-56-T.pdf,113,16/12/2022 00:00:00,null,null,Y,NAKUL ASHOK RAHEJA,16/12/2022 00:00:00,null,null,null
2,24,57,2022-2023,D,SERVICE_INVOICE-15122022-JKPAPER-JKPAPER-SONGADH-V-57-D.pdf,113,16/12/2022 00:00:00,null,null,Y,NAKUL ASHOK RAHEJA,16/12/2022 00:00:00,null,null,null
2,24,57,2022-2023,O,SERVICE_INVOICE-15122022-JKPAPER-JKPAPER-SONGADH-V-57-O.pdf,113,16/12/2022 00:00:00,null,null,Y,NAKUL ASHOK RAHEJA,16/12/2022 00:00:00,null,null,null
2,24,57,2022-2023,T,SERVICE_INVOICE-15122022-JKPAPER-JKPAPER-SONGADH-V-57-T.pdf,113,16/12/2022 00:00:00,null,null,Y,NAKUL ASHOK RAHEJA,16/12/2022 00:00:00,null,null,null
2,24,60,2022-2023,D,SERVICE_INVOICE-31122022-JKPAPER-JKPAPER-SONGADH-V-60-D.pdf,113,02/01/2023 00:00:00,null,null,Y,NAKUL ASHOK RAHEJA,02/01/2023 00:00:00,null,null,null
2,24,60,2022-2023,O,SERVICE_INVOICE-31122022-JKPAPER-JKPAPER-SONGADH-V-60-O.pdf,113,02/01/2023 00:00:00,null,null,Y,NAKUL ASHOK RAHEJA,02/01/2023 00:00:00,null,null,null
2,24,60,2022-2023,T,SERVICE_INVOICE-31122022-JKPAPER-JKPAPER-SONGADH-V-60-T.pdf,113,02/01/2023 00:00:00,null,null,Y,NAKUL ASHOK RAHEJA,02/01/2023 00:00:00,null,null,null
2,24,64,2022-2023,D,SERVICE_INVOICE-15012023-JKPAPER-JKPAPER-SONGADH-V-64-D.pdf,113,16/01/2023 00:00:00,null,null,Y,NAKUL ASHOK RAHEJA,16/01/2023 00:00:00,null,null,null
2,24,64,2022-2023,O,SERVICE_INVOICE-15012023-JKPAPER-JKPAPER-SONGADH-V-64-O.pdf,113,16/01/2023 00:00:00,null,null,Y,NAKUL ASHOK RAHEJA,16/01/2023 00:00:00,null,null,null
2,24,64,2022-2023,T,SERVICE_INVOICE-15012023-JKPAPER-JKPAPER-SONGADH-V-64-T.pdf,113,16/01/2023 00:00:00,null,null,Y,NAKUL ASHOK RAHEJA,16/01/2023 00:00:00,null,null,null
2,24,68,2022-2023,D,SERVICE_INVOICE-31012023-JKPAPER-JKPAPER-SONGADH-V-68-D.pdf,113,01/02/2023 00:00:00,null,null,Y,NAKUL ASHOK RAHEJA,01/02/2023 00:00:00,null,null,null
2,24,68,2022-2023,O,SERVICE_INVOICE-31012023-JKPAPER-JKPAPER-SONGADH-V-68-O.pdf,113,01/02/2023 00:00:00,null,null,Y,-Select-,01/02/2023 00:00:00,null,null,null
2,24,68,2022-2023,T,SERVICE_INVOICE-31012023-JKPAPER-JKPAPER-SONGADH-V-68-T.pdf,113,01/02/2023 00:00:00,null,null,Y,NAKUL ASHOK RAHEJA,01/02/2023 00:00:00,null,null,null
2,24,72,2022-2023,D,SERVICE_INVOICE-15022023-JKPAPER-JKPAPER-SONGADH-V-72-D.pdf,113,16/02/2023 00:00:00,null,null,Y,NAKUL ASHOK RAHEJA,16/02/2023 00:00:00,null,null,null
2,24,72,2022-2023,O,SERVICE_INVOICE-15022023-JKPAPER-JKPAPER-SONGADH-V-72-O.pdf,113,16/02/2023 00:00:00,null,null,Y,NAKUL ASHOK RAHEJA,16/02/2023 00:00:00,null,null,null
2,24,72,2022-2023,T,SERVICE_INVOICE-15022023-JKPAPER-JKPAPER-SONGADH-V-72-T.pdf,113,16/02/2023 00:00:00,null,null,Y,NAKUL ASHOK RAHEJA,16/02/2023 00:00:00,null,null,null
2,24,75,2022-2023,D,SERVICE_INVOICE-28022023-JKPAPER-JKPAPER-SONGADH-V-75-D.pdf,113,01/03/2023 00:00:00,null,null,Y,NAKUL ASHOK RAHEJA,01/03/2023 00:00:00,null,null,null
2,24,75,2022-2023,O,SERVICE_INVOICE-28022023-JKPAPER-JKPAPER-SONGADH-V-75-O.pdf,113,01/03/2023 00:00:00,null,null,Y,NAKUL ASHOK RAHEJA,01/03/2023 00:00:00,null,null,null
2,24,75,2022-2023,T,SERVICE_INVOICE-28022023-JKPAPER-JKPAPER-SONGADH-V-75-T.pdf,113,01/03/2023 00:00:00,null,null,Y,NAKUL ASHOK RAHEJA,01/03/2023 00:00:00,null,null,null
2,24,78,2022-2023,D,SERVICE_INVOICE-15032023-JKPAPER-JKPAPER-SONGADH-V-78-D.pdf,113,16/03/2023 00:00:00,null,null,Y,NAKUL ASHOK RAHEJA,16/03/2023 00:00:00,null,null,null
2,24,78,2022-2023,O,SERVICE_INVOICE-15032023-JKPAPER-JKPAPER-SONGADH-V-78-O.pdf,113,16/03/2023 00:00:00,null,null,Y,NAKUL ASHOK RAHEJA,16/03/2023 00:00:00,null,null,null
2,24,78,2022-2023,T,SERVICE_INVOICE-15032023-JKPAPER-JKPAPER-SONGADH-V-78-T.pdf,113,16/03/2023 00:00:00,null,null,Y,NAKUL ASHOK RAHEJA,16/03/2023 00:00:00,null,null,null
2,24,82,2022-2023,D,SERVICE_INVOICE-31032023-JKPAPER-JKPAPER-SONGADH-V-82-D.pdf,113,03/04/2023 00:00:00,null,null,Y,NAKUL ASHOK RAHEJA,03/04/2023 00:00:00,null,null,null
2,24,82,2022-2023,O,SERVICE_INVOICE-31032023-JKPAPER-JKPAPER-SONGADH-V-82-O.pdf,113,03/04/2023 00:00:00,null,null,Y,NAKUL ASHOK RAHEJA,03/04/2023 00:00:00,null,null,null
2,24,82,2022-2023,T,SERVICE_INVOICE-31032023-JKPAPER-JKPAPER-SONGADH-V-82-T.pdf,113,03/04/2023 00:00:00,null,null,Y,NAKUL ASHOK RAHEJA,03/04/2023 00:00:00,null,null,null
2,24,83,2022-2023,D,SERVICE_INVOICE-31032023-JKPAPER-JKPAPER-SONGADH-V-83-D.pdf,113,03/04/2023 00:00:00,null,null,Y,NAKUL ASHOK RAHEJA,03/04/2023 00:00:00,null,null,null
2,24,83,2022-2023,O,SERVICE_INVOICE-31032023-JKPAPER-JKPAPER-SONGADH-V-83-O.pdf,113,03/04/2023 00:00:00,null,null,Y,NAKUL ASHOK RAHEJA,03/04/2023 00:00:00,null,null,null
2,24,83,2022-2023,T,SERVICE_INVOICE-31032023-JKPAPER-JKPAPER-SONGADH-V-83-T.pdf,113,03/04/2023 00:00:00,null,null,Y,NAKUL ASHOK RAHEJA,03/04/2023 00:00:00,null,null,null
2,24,1,2023-2024,D,SERVICE_INVOICE-15042023-JKPAPER-JKPAPER-SONGADH-V-1-D.pdf,113,17/04/2023 00:00:00,null,null,Y,NAKUL ASHOK RAHEJA,17/04/2023 00:00:00,null,null,null
2,24,1,2023-2024,O,SERVICE_INVOICE-15042023-JKPAPER-JKPAPER-SONGADH-V-1-O.pdf,113,17/04/2023 00:00:00,null,null,Y,NAKUL ASHOK RAHEJA,17/04/2023 00:00:00,null,null,null
2,24,1,2023-2024,T,SERVICE_INVOICE-15042023-JKPAPER-JKPAPER-SONGADH-V-1-T.pdf,113,17/04/2023 00:00:00,null,null,Y,NAKUL ASHOK RAHEJA,17/04/2023 00:00:00,null,null,null
2,24,4,2023-2024,D,SERVICE_INVOICE-30042023-JKPAPER-JKPAPER-SONGADH-V-4-D.pdf,113,02/05/2023 00:00:00,null,null,Y,NAKUL ASHOK RAHEJA,02/05/2023 00:00:00,null,null,null
2,24,4,2023-2024,O,SERVICE_INVOICE-30042023-JKPAPER-JKPAPER-SONGADH-V-4-O.pdf,113,02/05/2023 00:00:00,null,null,Y,NAKUL ASHOK RAHEJA,02/05/2023 00:00:00,null,null,null
2,24,4,2023-2024,T,SERVICE_INVOICE-30042023-JKPAPER-JKPAPER-SONGADH-V-4-T.pdf,113,02/05/2023 00:00:00,null,null,Y,NAKUL ASHOK RAHEJA,02/05/2023 00:00:00,null,null,null
2,24,5,2023-2024,D,SERVICE_INVOICE-07062023-JKPAPER-JKPAPER-SONGADH-V-5-D.pdf,113,12/06/2023 00:00:00,null,null,Y,NAKUL ASHOK RAHEJA,12/06/2023 00:00:00,null,null,null
2,24,5,2023-2024,O,SERVICE_INVOICE-07062023-JKPAPER-JKPAPER-SONGADH-V-5-O.pdf,113,12/06/2023 00:00:00,null,null,Y,NAKUL ASHOK RAHEJA,12/06/2023 00:00:00,null,null,null
2,24,5,2023-2024,T,SERVICE_INVOICE-07062023-JKPAPER-JKPAPER-SONGADH-V-5-T.pdf,113,12/06/2023 00:00:00,null,null,Y,NAKUL ASHOK RAHEJA,12/06/2023 00:00:00,null,null,null
2,24,7,2023-2024,D,SERVICE_INVOICE-30062023-JKPAPER-JKPAPER-SONGADH-V-7-D.pdf,113,01/07/2023 00:00:00,null,null,Y,NAKUL ASHOK RAHEJA,01/07/2023 00:00:00,null,null,null
2,24,7,2023-2024,O,SERVICE_INVOICE-30062023-JKPAPER-JKPAPER-SONGADH-V-7-O.pdf,113,01/07/2023 00:00:00,null,null,Y,NAKUL ASHOK RAHEJA,01/07/2023 00:00:00,null,null,null
2,24,7,2023-2024,T,SERVICE_INVOICE-30062023-JKPAPER-JKPAPER-SONGADH-V-7-T.pdf,113,01/07/2023 00:00:00,null,null,Y,NAKUL ASHOK RAHEJA,01/07/2023 00:00:00,null,null,null
2,24,8,2023-2024,D,SERVICE_INVOICE-05072023-JKPAPER-JKPAPER-SONGADH-V-8-D.pdf,113,07/07/2023 00:00:00,null,null,Y,NAKUL ASHOK RAHEJA,07/07/2023 00:00:00,null,null,null
2,24,8,2023-2024,O,SERVICE_INVOICE-05072023-JKPAPER-JKPAPER-SONGADH-V-8-O.pdf,113,07/07/2023 00:00:00,null,null,Y,NAKUL ASHOK RAHEJA,07/07/2023 00:00:00,null,null,null
2,24,8,2023-2024,T,SERVICE_INVOICE-05072023-JKPAPER-JKPAPER-SONGADH-V-8-T.pdf,113,07/07/2023 00:00:00,null,null,Y,NAKUL ASHOK RAHEJA,07/07/2023 00:00:00,null,null,null
2,24,9,2023-2024,D,SERVICE_INVOICE-15082023-JKPAPER-JKPAPER-SONGADH-V-9-D.pdf,113,16/08/2023 00:00:00,null,null,Y,NAKUL ASHOK RAHEJA,16/08/2023 00:00:00,null,null,null
2,24,9,2023-2024,O,SERVICE_INVOICE-15082023-JKPAPER-JKPAPER-SONGADH-V-9-O.pdf,113,16/08/2023 00:00:00,null,null,Y,NAKUL ASHOK RAHEJA,16/08/2023 00:00:00,null,null,null
2,24,9,2023-2024,T,SERVICE_INVOICE-15082023-JKPAPER-JKPAPER-SONGADH-V-9-T.pdf,113,16/08/2023 00:00:00,null,null,Y,NAKUL ASHOK RAHEJA,16/08/2023 00:00:00,null,null,null
2,24,10,2023-2024,D,SERVICE_INVOICE-31082023-JKPAPER-JKPAPER-SONGADH-V-10-D.pdf,113,01/09/2023 00:00:00,null,null,Y,NAKUL ASHOK RAHEJA,01/09/2023 00:00:00,null,null,null
2,24,10,2023-2024,O,SERVICE_INVOICE-31082023-JKPAPER-JKPAPER-SONGADH-V-10-O.pdf,113,01/09/2023 00:00:00,null,null,Y,NAKUL ASHOK RAHEJA,01/09/2023 00:00:00,null,null,null
2,24,10,2023-2024,T,SERVICE_INVOICE-31082023-JKPAPER-JKPAPER-SONGADH-V-10-T.pdf,113,01/09/2023 00:00:00,null,null,Y,NAKUL ASHOK RAHEJA,01/09/2023 00:00:00,null,null,null
2,24,23,2023-2024,D,SERVICE_INVOICE-31012024-JKPAPER-JKPAPER-SONGADH-V-23-D.pdf,201,01/02/2024 00:00:00,null,null,Y,NAKUL ASHOK RAHEJA,01/02/2024 00:00:00,null,null,null
2,24,23,2023-2024,O,SERVICE_INVOICE-31012024-JKPAPER-JKPAPER-SONGADH-V-23-O.pdf,201,01/02/2024 00:00:00,null,null,Y,NAKUL ASHOK RAHEJA,01/02/2024 00:00:00,null,null,null
2,24,23,2023-2024,T,SERVICE_INVOICE-31012024-JKPAPER-JKPAPER-SONGADH-V-23-T.pdf,201,01/02/2024 00:00:00,null,null,Y,NAKUL ASHOK RAHEJA,01/02/2024 00:00:00,null,null,null
2,24,25,2023-2024,D,SERVICE_INVOICE-15022024-JKPAPER-JKPAPER-SONGADH-V-25-D.pdf,201,16/02/2024 00:00:00,null,null,Y,NAKUL ASHOK RAHEJA,16/02/2024 00:00:00,null,null,null
2,24,25,2023-2024,O,SERVICE_INVOICE-15022024-JKPAPER-JKPAPER-SONGADH-V-25-O.pdf,201,16/02/2024 00:00:00,null,null,Y,NAKUL ASHOK RAHEJA,16/02/2024 00:00:00,null,null,null
2,24,25,2023-2024,T,SERVICE_INVOICE-15022024-JKPAPER-JKPAPER-SONGADH-V-25-T.pdf,201,16/02/2024 00:00:00,null,null,Y,NAKUL ASHOK RAHEJA,16/02/2024 00:00:00,null,null,null
2,24,27,2023-2024,D,SERVICE_INVOICE-29022024-JKPAPER-JKPAPER-SONGADH-V-27-D.pdf,201,01/03/2024 00:00:00,null,null,Y,NAKUL ASHOK RAHEJA,01/03/2024 00:00:00,null,null,null
2,24,27,2023-2024,O,SERVICE_INVOICE-29022024-JKPAPER-JKPAPER-SONGADH-V-27-O.pdf,201,01/03/2024 00:00:00,null,null,Y,NAKUL ASHOK RAHEJA,01/03/2024 00:00:00,null,null,null
2,24,27,2023-2024,T,SERVICE_INVOICE-29022024-JKPAPER-JKPAPER-SONGADH-V-27-T.pdf,201,01/03/2024 00:00:00,null,null,Y,NAKUL ASHOK RAHEJA,01/03/2024 00:00:00,null,null,null
2,24,10,2021-2022,D,SERVICE_INVOICE-28022022-VIRGO-VIRGO-KHEDA-V-10-D.pdf,23,02/03/2022 00:00:00,null,null,Y,NAKUL ASHOK RAHEJA,02/03/2022 00:00:00,null,null,null
2,24,10,2021-2022,O,SERVICE_INVOICE-28022022-VIRGO-VIRGO-KHEDA-V-10-O.pdf,23,02/03/2022 00:00:00,null,null,Y,NAKUL ASHOK RAHEJA,02/03/2022 00:00:00,null,null,null
2,24,10,2021-2022,T,SERVICE_INVOICE-28022022-VIRGO-VIRGO-KHEDA-V-10-T.pdf,23,02/03/2022 00:00:00,null,null,Y,NAKUL ASHOK RAHEJA,02/03/2022 00:00:00,null,null,null
2,24,14,2021-2022,D,SERVICE_INVOICE-15032022-VIRGO-VIRGO-KHEDA-V-14-D.pdf,23,16/03/2022 00:00:00,null,null,Y,NAKUL ASHOK RAHEJA,16/03/2022 00:00:00,null,null,null
2,24,14,2021-2022,O,SERVICE_INVOICE-15032022-VIRGO-VIRGO-KHEDA-V-14-O.pdf,23,16/03/2022 00:00:00,null,null,Y,NAKUL ASHOK RAHEJA,16/03/2022 00:00:00,null,null,null
2,24,14,2021-2022,T,SERVICE_INVOICE-15032022-VIRGO-VIRGO-KHEDA-V-14-T.pdf,23,16/03/2022 00:00:00,null,null,Y,NAKUL ASHOK RAHEJA,16/03/2022 00:00:00,null,null,null
2,24,17,2021-2022,D,SERVICE_INVOICE-31032022-VIRGO-VIRGO-KHEDA-V-17-D.pdf,113,01/04/2022 00:00:00,null,null,Y,NAKUL ASHOK RAHEJA,01/04/2022 00:00:00,null,null,null
2,24,17,2021-2022,O,SERVICE_INVOICE-31032022-VIRGO-VIRGO-KHEDA-V-17-O.pdf,113,01/04/2022 00:00:00,null,null,Y,NAKUL ASHOK RAHEJA,01/04/2022 00:00:00,null,null,null
2,24,17,2021-2022,T,SERVICE_INVOICE-31032022-VIRGO-VIRGO-KHEDA-V-17-T.pdf,113,01/04/2022 00:00:00,null,null,Y,NAKUL ASHOK RAHEJA,01/04/2022 00:00:00,null,null,null
2,24,1,2022-2023,D,SERVICE_INVOICE-15042022-VIRGO-VIRGO-KHEDA-V-1-D.pdf,113,18/04/2022 00:00:00,null,null,Y,NAKUL ASHOK RAHEJA,18/04/2022 00:00:00,null,null,null
2,24,1,2022-2023,O,SERVICE_INVOICE-15042022-VIRGO-VIRGO-KHEDA-V-1-O.pdf,113,18/04/2022 00:00:00,null,null,Y,NAKUL ASHOK RAHEJA,18/04/2022 00:00:00,null,null,null
2,24,1,2022-2023,T,SERVICE_INVOICE-15042022-VIRGO-VIRGO-KHEDA-V-1-T.pdf,113,18/04/2022 00:00:00,null,null,Y,NAKUL ASHOK RAHEJA,18/04/2022 00:00:00,null,null,null
2,24,6,2022-2023,D,SERVICE_INVOICE-30042022-VIRGO-VIRGO-KHEDA-V-6-D.pdf,113,02/05/2022 00:00:00,null,null,Y,NAKUL ASHOK RAHEJA,02/05/2022 00:00:00,null,null,null
2,24,6,2022-2023,O,SERVICE_INVOICE-30042022-VIRGO-VIRGO-KHEDA-V-6-O.pdf,113,02/05/2022 00:00:00,null,null,Y,NAKUL ASHOK RAHEJA,02/05/2022 00:00:00,null,null,null
2,24,6,2022-2023,T,SERVICE_INVOICE-30042022-VIRGO-VIRGO-KHEDA-V-6-T.pdf,113,02/05/2022 00:00:00,null,null,Y,NAKUL ASHOK RAHEJA,02/05/2022 00:00:00,null,null,null
2,24,9,2022-2023,D,SERVICE_INVOICE-15052022-VIRGO-VIRGO-KHEDA-V-9-D.pdf,113,16/05/2022 00:00:00,null,null,Y,NAKUL ASHOK RAHEJA,16/05/2022 00:00:00,null,null,null
2,24,9,2022-2023,O,SERVICE_INVOICE-15052022-VIRGO-VIRGO-KHEDA-V-9-O.pdf,113,16/05/2022 00:00:00,null,null,Y,NAKUL ASHOK RAHEJA,16/05/2022 00:00:00,null,null,null
2,24,9,2022-2023,T,SERVICE_INVOICE-15052022-VIRGO-VIRGO-KHEDA-V-9-T.pdf,113,16/05/2022 00:00:00,null,null,Y,NAKUL ASHOK RAHEJA,16/05/2022 00:00:00,null,null,null
2,24,12,2022-2023,D,SERVICE_INVOICE-31052022-VIRGO-VIRGO-KHEDA-V-12-D.pdf,23,01/06/2022 00:00:00,null,null,Y,NAKUL ASHOK RAHEJA,01/06/2022 00:00:00,null,null,null
2,24,12,2022-2023,O,SERVICE_INVOICE-31052022-VIRGO-VIRGO-KHEDA-V-12-O.pdf,23,01/06/2022 00:00:00,null,null,Y,NAKUL ASHOK RAHEJA,01/06/2022 00:00:00,null,null,null
2,24,12,2022-2023,T,SERVICE_INVOICE-31052022-VIRGO-VIRGO-KHEDA-V-12-T.pdf,23,01/06/2022 00:00:00,null,null,Y,NAKUL ASHOK RAHEJA,01/06/2022 00:00:00,null,null,null
2,24,15,2022-2023,D,SERVICE_INVOICE-15062022-VIRGO-VIRGO-KHEDA-V-15-D.pdf,113,16/06/2022 00:00:00,null,null,Y,NAKUL ASHOK RAHEJA,16/06/2022 00:00:00,null,null,null
2,24,15,2022-2023,O,SERVICE_INVOICE-15062022-VIRGO-VIRGO-KHEDA-V-15-O.pdf,113,16/06/2022 00:00:00,null,null,Y,NAKUL ASHOK RAHEJA,16/06/2022 00:00:00,null,null,null
2,24,15,2022-2023,T,SERVICE_INVOICE-15062022-VIRGO-VIRGO-KHEDA-V-15-T.pdf,113,16/06/2022 00:00:00,null,null,Y,NAKUL ASHOK RAHEJA,16/06/2022 00:00:00,null,null,null
2,24,16,2022-2023,D,SERVICE_INVOICE-15062022-VIRGO-VIRGO-KHEDA-V-16-D.pdf,113,16/06/2022 00:00:00,null,null,Y,NAKUL ASHOK RAHEJA,16/06/2022 00:00:00,null,null,null
2,24,16,2022-2023,O,SERVICE_INVOICE-15062022-VIRGO-VIRGO-KHEDA-V-16-O.pdf,113,16/06/2022 00:00:00,null,null,Y,NAKUL ASHOK RAHEJA,16/06/2022 00:00:00,null,null,null
2,24,16,2022-2023,T,SERVICE_INVOICE-15062022-VIRGO-VIRGO-KHEDA-V-16-T.pdf,113,16/06/2022 00:00:00,null,null,Y,NAKUL ASHOK RAHEJA,16/06/2022 00:00:00,null,null,null
2,24,19,2022-2023,D,SERVICE_INVOICE-30062022-VIRGO-VIRGO-KHEDA-V-19-D.pdf,113,01/07/2022 00:00:00,null,null,Y,NAKUL ASHOK RAHEJA,01/07/2022 00:00:00,null,null,null
2,24,19,2022-2023,O,SERVICE_INVOICE-30062022-VIRGO-VIRGO-KHEDA-V-19-O.pdf,113,01/07/2022 00:00:00,null,null,Y,NAKUL ASHOK RAHEJA,01/07/2022 00:00:00,null,null,null
2,24,19,2022-2023,T,SERVICE_INVOICE-30062022-VIRGO-VIRGO-KHEDA-V-19-T.pdf,113,01/07/2022 00:00:00,null,null,Y,NAKUL ASHOK RAHEJA,01/07/2022 00:00:00,null,null,null
2,24,23,2022-2023,D,SERVICE_INVOICE-15072022-VIRGO-VIRGO-KHEDA-V-23-D.pdf,113,18/07/2022 00:00:00,null,null,Y,NAKUL ASHOK RAHEJA,18/07/2022 00:00:00,null,null,null
2,24,23,2022-2023,O,SERVICE_INVOICE-15072022-VIRGO-VIRGO-KHEDA-V-23-O.pdf,113,18/07/2022 00:00:00,null,null,Y,NAKUL ASHOK RAHEJA,18/07/2022 00:00:00,null,null,null
2,24,23,2022-2023,T,SERVICE_INVOICE-15072022-VIRGO-VIRGO-KHEDA-V-23-T.pdf,113,18/07/2022 00:00:00,null,null,Y,NAKUL ASHOK RAHEJA,18/07/2022 00:00:00,null,null,null
2,24,27,2022-2023,D,SERVICE_INVOICE-31072022-VIRGO-VIRGO-KHEDA-V-27-D.pdf,23,01/08/2022 00:00:00,null,null,Y,NAKUL ASHOK RAHEJA,01/08/2022 00:00:00,null,null,null
2,24,27,2022-2023,O,SERVICE_INVOICE-31072022-VIRGO-VIRGO-KHEDA-V-27-O.pdf,23,01/08/2022 00:00:00,null,null,Y,NAKUL ASHOK RAHEJA,01/08/2022 00:00:00,null,null,null
2,24,27,2022-2023,T,SERVICE_INVOICE-31072022-VIRGO-VIRGO-KHEDA-V-27-T.pdf,23,01/08/2022 00:00:00,null,null,Y,NAKUL ASHOK RAHEJA,01/08/2022 00:00:00,null,null,null
2,24,28,2022-2023,D,SERVICE_INVOICE-31072022-VIRGO-VIRGO-KHEDA-V-28-D.pdf,23,01/08/2022 00:00:00,null,null,Y,NAKUL ASHOK RAHEJA,01/08/2022 00:00:00,null,null,null
2,24,28,2022-2023,O,SERVICE_INVOICE-31072022-VIRGO-VIRGO-KHEDA-V-28-O.pdf,23,01/08/2022 00:00:00,null,null,Y,NAKUL ASHOK RAHEJA,01/08/2022 00:00:00,null,null,null
2,24,28,2022-2023,T,SERVICE_INVOICE-31072022-VIRGO-VIRGO-KHEDA-V-28-T.pdf,23,01/08/2022 00:00:00,null,null,Y,NAKUL ASHOK RAHEJA,01/08/2022 00:00:00,null,null,null
2,24,33,2022-2023,D,SERVICE_INVOICE-15082022-VIRGO-VIRGO-KHEDA-V-33-D.pdf,113,16/08/2022 00:00:00,null,null,Y,NAKUL ASHOK RAHEJA,16/08/2022 00:00:00,null,null,null
2,24,33,2022-2023,O,SERVICE_INVOICE-15082022-VIRGO-VIRGO-KHEDA-V-33-O.pdf,113,16/08/2022 00:00:00,null,null,Y,NAKUL ASHOK RAHEJA,16/08/2022 00:00:00,null,null,null
2,24,33,2022-2023,T,SERVICE_INVOICE-15082022-VIRGO-VIRGO-KHEDA-V-33-T.pdf,113,16/08/2022 00:00:00,null,null,Y,NAKUL ASHOK RAHEJA,16/08/2022 00:00:00,null,null,null
2,24,36,2022-2023,D,SERVICE_INVOICE-31082022-VIRGO-VIRGO-KHEDA-V-36-D.pdf,113,01/09/2022 00:00:00,null,null,Y,NAKUL ASHOK RAHEJA,01/09/2022 00:00:00,null,null,null
2,24,36,2022-2023,O,SERVICE_INVOICE-31082022-VIRGO-VIRGO-KHEDA-V-36-O.pdf,113,01/09/2022 00:00:00,null,null,Y,NAKUL ASHOK RAHEJA,01/09/2022 00:00:00,null,null,null
2,24,36,2022-2023,T,SERVICE_INVOICE-31082022-VIRGO-VIRGO-KHEDA-V-36-T.pdf,113,01/09/2022 00:00:00,null,null,Y,NAKUL ASHOK RAHEJA,01/09/2022 00:00:00,null,null,null
2,24,39,2022-2023,D,SERVICE_INVOICE-15092022-VIRGO-VIRGO-KHEDA-V-39-D.pdf,113,16/09/2022 00:00:00,null,null,Y,NAKUL ASHOK RAHEJA,16/09/2022 00:00:00,null,null,null
2,24,39,2022-2023,O,SERVICE_INVOICE-15092022-VIRGO-VIRGO-KHEDA-V-39-O.pdf,113,16/09/2022 00:00:00,null,null,Y,NAKUL ASHOK RAHEJA,16/09/2022 00:00:00,null,null,null
2,24,39,2022-2023,T,SERVICE_INVOICE-15092022-VIRGO-VIRGO-KHEDA-V-39-T.pdf,113,16/09/2022 00:00:00,null,null,Y,NAKUL ASHOK RAHEJA,16/09/2022 00:00:00,null,null,null
2,24,43,2022-2023,D,SERVICE_INVOICE-30092022-VIRGO-VIRGO-KHEDA-V-43-D.pdf,113,03/10/2022 00:00:00,null,null,Y,NAKUL ASHOK RAHEJA,03/10/2022 00:00:00,null,null,null
2,24,43,2022-2023,O,SERVICE_INVOICE-30092022-VIRGO-VIRGO-KHEDA-V-43-O.pdf,113,03/10/2022 00:00:00,null,null,Y,NAKUL ASHOK RAHEJA,03/10/2022 00:00:00,null,null,null
2,24,43,2022-2023,T,SERVICE_INVOICE-30092022-VIRGO-VIRGO-KHEDA-V-43-T.pdf,113,03/10/2022 00:00:00,null,null,Y,NAKUL ASHOK RAHEJA,03/10/2022 00:00:00,null,null,null
2,24,46,2022-2023,D,SERVICE_INVOICE-15102022-VIRGO-VIRGO-KHEDA-V-46-D.pdf,113,17/10/2022 00:00:00,null,null,Y,NAKUL ASHOK RAHEJA,17/10/2022 00:00:00,null,null,null
2,24,46,2022-2023,O,SERVICE_INVOICE-15102022-VIRGO-VIRGO-KHEDA-V-46-O.pdf,113,17/10/2022 00:00:00,null,null,Y,NAKUL ASHOK RAHEJA,17/10/2022 00:00:00,null,null,null
2,24,46,2022-2023,T,SERVICE_INVOICE-15102022-VIRGO-VIRGO-KHEDA-V-46-T.pdf,113,17/10/2022 00:00:00,null,null,Y,NAKUL ASHOK RAHEJA,17/10/2022 00:00:00,null,null,null
2,24,49,2022-2023,D,SERVICE_INVOICE-31102022-VIRGO-VIRGO-KHEDA-V-49-D.pdf,113,01/11/2022 00:00:00,null,null,Y,NAKUL ASHOK RAHEJA,01/11/2022 00:00:00,null,null,null
2,24,49,2022-2023,O,SERVICE_INVOICE-31102022-VIRGO-VIRGO-KHEDA-V-49-O.pdf,113,01/11/2022 00:00:00,null,null,Y,NAKUL ASHOK RAHEJA,01/11/2022 00:00:00,null,null,null
2,24,49,2022-2023,T,SERVICE_INVOICE-31102022-VIRGO-VIRGO-KHEDA-V-49-T.pdf,113,01/11/2022 00:00:00,null,null,Y,NAKUL ASHOK RAHEJA,01/11/2022 00:00:00,null,null,null
2,24,52,2022-2023,D,SERVICE_INVOICE-15112022-VIRGO-VIRGO-KHEDA-V-52-D.pdf,113,16/11/2022 00:00:00,null,null,Y,NAKUL ASHOK RAHEJA,16/11/2022 00:00:00,null,null,null
2,24,52,2022-2023,O,SERVICE_INVOICE-15112022-VIRGO-VIRGO-KHEDA-V-52-O.pdf,113,16/11/2022 00:00:00,null,null,Y,NAKUL ASHOK RAHEJA,16/11/2022 00:00:00,null,null,null
2,24,52,2022-2023,T,SERVICE_INVOICE-15112022-VIRGO-VIRGO-KHEDA-V-52-T.pdf,113,16/11/2022 00:00:00,null,null,Y,NAKUL ASHOK RAHEJA,16/11/2022 00:00:00,null,null,null
2,24,55,2022-2023,D,SERVICE_INVOICE-30112022-VIRGO-VIRGO-KHEDA-V-55-D.pdf,23,01/12/2022 00:00:00,null,null,Y,NAKUL ASHOK RAHEJA,01/12/2022 00:00:00,null,null,null
2,24,55,2022-2023,O,SERVICE_INVOICE-30112022-VIRGO-VIRGO-KHEDA-V-55-O.pdf,23,01/12/2022 00:00:00,null,null,Y,NAKUL ASHOK RAHEJA,01/12/2022 00:00:00,null,null,null
2,24,55,2022-2023,T,SERVICE_INVOICE-30112022-VIRGO-VIRGO-KHEDA-V-55-T.pdf,23,01/12/2022 00:00:00,null,null,Y,NAKUL ASHOK RAHEJA,01/12/2022 00:00:00,null,null,null
2,24,59,2022-2023,D,SERVICE_INVOICE-15122022-VIRGO-VIRGO-KHEDA-V-59-D.pdf,113,16/12/2022 00:00:00,null,null,Y,NAKUL ASHOK RAHEJA,16/12/2022 00:00:00,null,null,null
2,24,59,2022-2023,O,SERVICE_INVOICE-15122022-VIRGO-VIRGO-KHEDA-V-59-O.pdf,113,16/12/2022 00:00:00,null,null,Y,NAKUL ASHOK RAHEJA,16/12/2022 00:00:00,null,null,null
2,24,59,2022-2023,T,SERVICE_INVOICE-15122022-VIRGO-VIRGO-KHEDA-V-59-T.pdf,113,16/12/2022 00:00:00,null,null,Y,NAKUL ASHOK RAHEJA,16/12/2022 00:00:00,null,null,null
2,24,63,2022-2023,D,SERVICE_INVOICE-31122022-VIRGO-VIRGO-KHEDA-V-63-D.pdf,113,02/01/2023 00:00:00,null,null,Y,NAKUL ASHOK RAHEJA,02/01/2023 00:00:00,null,null,null
2,24,63,2022-2023,O,SERVICE_INVOICE-31122022-VIRGO-VIRGO-KHEDA-V-63-O.pdf,113,02/01/2023 00:00:00,null,null,Y,NAKUL ASHOK RAHEJA,02/01/2023 00:00:00,null,null,null
2,24,63,2022-2023,T,SERVICE_INVOICE-31122022-VIRGO-VIRGO-KHEDA-V-63-T.pdf,113,02/01/2023 00:00:00,null,null,Y,NAKUL ASHOK RAHEJA,02/01/2023 00:00:00,null,null,null
2,24,67,2022-2023,D,SERVICE_INVOICE-15012023-VIRGO-VIRGO-KHEDA-V-67-D.pdf,113,16/01/2023 00:00:00,null,null,Y,NAKUL ASHOK RAHEJA,16/01/2023 00:00:00,null,null,null
2,24,67,2022-2023,O,SERVICE_INVOICE-15012023-VIRGO-VIRGO-KHEDA-V-67-O.pdf,113,16/01/2023 00:00:00,null,null,Y,NAKUL ASHOK RAHEJA,16/01/2023 00:00:00,null,null,null
2,24,67,2022-2023,T,SERVICE_INVOICE-15012023-VIRGO-VIRGO-KHEDA-V-67-T.pdf,113,16/01/2023 00:00:00,null,null,Y,NAKUL ASHOK RAHEJA,16/01/2023 00:00:00,null,null,null
2,24,70,2022-2023,D,SERVICE_INVOICE-31012023-VIRGO-VIRGO-KHEDA-V-70-D.pdf,113,01/02/2023 00:00:00,null,null,Y,-Select-,01/02/2023 00:00:00,null,null,null
2,24,70,2022-2023,O,SERVICE_INVOICE-31012023-VIRGO-VIRGO-KHEDA-V-70-O.pdf,113,01/02/2023 00:00:00,null,null,Y,-Select-,01/02/2023 00:00:00,null,null,null
2,24,70,2022-2023,T,SERVICE_INVOICE-31012023-VIRGO-VIRGO-KHEDA-V-70-T.pdf,113,01/02/2023 00:00:00,null,null,Y,NAKUL ASHOK RAHEJA,01/02/2023 00:00:00,null,null,null
2,24,71,2022-2023,D,SERVICE_INVOICE-31012023-VIRGO-VIRGO-KHEDA-V-71-D.pdf,113,01/02/2023 00:00:00,null,null,Y,-Select-,01/02/2023 00:00:00,null,null,null
2,24,71,2022-2023,O,SERVICE_INVOICE-31012023-VIRGO-VIRGO-KHEDA-V-71-O.pdf,113,01/02/2023 00:00:00,null,null,Y,-Select-,01/02/2023 00:00:00,null,null,null
2,24,71,2022-2023,T,SERVICE_INVOICE-31012023-VIRGO-VIRGO-KHEDA-V-71-T.pdf,113,01/02/2023 00:00:00,null,null,Y,-Select-,01/02/2023 00:00:00,null,null,null
2,24,74,2022-2023,D,SERVICE_INVOICE-15022023-VIRGO-VIRGO-KHEDA-V-74-D.pdf,113,16/02/2023 00:00:00,null,null,Y,NAKUL ASHOK RAHEJA,16/02/2023 00:00:00,null,null,null
2,24,74,2022-2023,O,SERVICE_INVOICE-15022023-VIRGO-VIRGO-KHEDA-V-74-O.pdf,113,16/02/2023 00:00:00,null,null,Y,NAKUL ASHOK RAHEJA,16/02/2023 00:00:00,null,null,null
2,24,74,2022-2023,T,SERVICE_INVOICE-15022023-VIRGO-VIRGO-KHEDA-V-74-T.pdf,113,16/02/2023 00:00:00,null,null,Y,NAKUL ASHOK RAHEJA,16/02/2023 00:00:00,null,null,null
2,24,77,2022-2023,D,SERVICE_INVOICE-28022023-VIRGO-VIRGO-KHEDA-V-77-D.pdf,113,01/03/2023 00:00:00,null,null,Y,NAKUL ASHOK RAHEJA,01/03/2023 00:00:00,null,null,null
2,24,77,2022-2023,O,SERVICE_INVOICE-28022023-VIRGO-VIRGO-KHEDA-V-77-O.pdf,113,01/03/2023 00:00:00,null,null,Y,NAKUL ASHOK RAHEJA,01/03/2023 00:00:00,null,null,null
2,24,77,2022-2023,T,SERVICE_INVOICE-28022023-VIRGO-VIRGO-KHEDA-V-77-T.pdf,113,01/03/2023 00:00:00,null,null,Y,NAKUL ASHOK RAHEJA,01/03/2023 00:00:00,null,null,null
2,24,80,2022-2023,D,SERVICE_INVOICE-15032023-VIRGO-VIRGO-KHEDA-V-80-D.pdf,113,16/03/2023 00:00:00,null,null,Y,NAKUL ASHOK RAHEJA,16/03/2023 00:00:00,null,null,null
2,24,80,2022-2023,O,SERVICE_INVOICE-15032023-VIRGO-VIRGO-KHEDA-V-80-O.pdf,113,16/03/2023 00:00:00,null,null,Y,NAKUL ASHOK RAHEJA,16/03/2023 00:00:00,null,null,null
2,24,80,2022-2023,T,SERVICE_INVOICE-15032023-VIRGO-VIRGO-KHEDA-V-80-T.pdf,113,16/03/2023 00:00:00,null,null,Y,NAKUL ASHOK RAHEJA,16/03/2023 00:00:00,null,null,null
2,24,81,2022-2023,D,SERVICE_INVOICE-15032023-VIRGO-VIRGO-KHEDA-V-81-D.pdf,113,16/03/2023 00:00:00,null,null,Y,NAKUL ASHOK RAHEJA,16/03/2023 00:00:00,null,null,null
2,24,81,2022-2023,O,SERVICE_INVOICE-15032023-VIRGO-VIRGO-KHEDA-V-81-O.pdf,113,16/03/2023 00:00:00,null,null,Y,NAKUL ASHOK RAHEJA,16/03/2023 00:00:00,null,null,null
2,24,81,2022-2023,T,SERVICE_INVOICE-15032023-VIRGO-VIRGO-KHEDA-V-81-T.pdf,113,16/03/2023 00:00:00,null,null,Y,NAKUL ASHOK RAHEJA,16/03/2023 00:00:00,null,null,null
2,24,11,2023-2024,D,SERVICE_INVOICE-15092023-VIRGO-VIRGO-KHEDA-V-11-D.pdf,113,18/09/2023 00:00:00,null,null,Y,NAKUL ASHOK RAHEJA,18/09/2023 00:00:00,null,null,null
2,24,11,2023-2024,O,SERVICE_INVOICE-15092023-VIRGO-VIRGO-KHEDA-V-11-O.pdf,113,18/09/2023 00:00:00,null,null,Y,NAKUL ASHOK RAHEJA,18/09/2023 00:00:00,null,null,null
2,24,11,2023-2024,T,SERVICE_INVOICE-15092023-VIRGO-VIRGO-KHEDA-V-11-T.pdf,113,18/09/2023 00:00:00,null,null,Y,NAKUL ASHOK RAHEJA,18/09/2023 00:00:00,null,null,null
2,24,12,2023-2024,D,SERVICE_INVOICE-30092023-VIRGO-VIRGO-KHEDA-V-12-D.pdf,23,03/10/2023 00:00:00,null,null,Y,NAKUL ASHOK RAHEJA,03/10/2023 00:00:00,null,null,null
2,24,12,2023-2024,O,SERVICE_INVOICE-30092023-VIRGO-VIRGO-KHEDA-V-12-O.pdf,23,03/10/2023 00:00:00,null,null,Y,NAKUL ASHOK RAHEJA,03/10/2023 00:00:00,null,null,null
2,24,12,2023-2024,T,SERVICE_INVOICE-30092023-VIRGO-VIRGO-KHEDA-V-12-T.pdf,23,03/10/2023 00:00:00,null,null,Y,NAKUL ASHOK RAHEJA,03/10/2023 00:00:00,null,null,null
2,24,13,2023-2024,D,SERVICE_INVOICE-15102023-VIRGO-VIRGO-KHEDA-V-13-D.pdf,23,16/10/2023 00:00:00,null,null,Y,NAKUL ASHOK RAHEJA,16/10/2023 00:00:00,null,null,null
2,24,13,2023-2024,O,SERVICE_INVOICE-15102023-VIRGO-VIRGO-KHEDA-V-13-O.pdf,23,16/10/2023 00:00:00,null,null,Y,NAKUL ASHOK RAHEJA,16/10/2023 00:00:00,null,null,null
2,24,13,2023-2024,T,SERVICE_INVOICE-15102023-VIRGO-VIRGO-KHEDA-V-13-T.pdf,23,16/10/2023 00:00:00,null,null,Y,NAKUL ASHOK RAHEJA,16/10/2023 00:00:00,null,null,null
2,24,14,2023-2024,D,SERVICE_INVOICE-27102023-VIRGO-VIRGO-KHEDA-V-14-D.pdf,23,02/11/2023 00:00:00,null,null,Y,NAKUL ASHOK RAHEJA,02/11/2023 00:00:00,null,null,null
2,24,14,2023-2024,O,SERVICE_INVOICE-27102023-VIRGO-VIRGO-KHEDA-V-14-O.pdf,23,02/11/2023 00:00:00,null,null,Y,NAKUL ASHOK RAHEJA,02/11/2023 00:00:00,null,null,null
2,24,14,2023-2024,T,SERVICE_INVOICE-27102023-VIRGO-VIRGO-KHEDA-V-14-T.pdf,23,02/11/2023 00:00:00,null,null,Y,NAKUL ASHOK RAHEJA,02/11/2023 00:00:00,null,null,null
2,24,15,2023-2024,D,SERVICE_INVOICE-31102023-VIRGO-VIRGO-KHEDA-V-15-D.pdf,23,02/11/2023 00:00:00,null,null,Y,NAKUL ASHOK RAHEJA,02/11/2023 00:00:00,null,null,null
2,24,15,2023-2024,O,SERVICE_INVOICE-31102023-VIRGO-VIRGO-KHEDA-V-15-O.pdf,201,02/11/2023 00:00:00,null,null,Y,NAKUL ASHOK RAHEJA,02/11/2023 00:00:00,null,null,null
2,24,15,2023-2024,T,SERVICE_INVOICE-31102023-VIRGO-VIRGO-KHEDA-V-15-T.pdf,23,02/11/2023 00:00:00,null,null,Y,NAKUL ASHOK RAHEJA,02/11/2023 00:00:00,null,null,null
2,24,16,2023-2024,D,SERVICE_INVOICE-15112023-VIRGO-VIRGO-KHEDA-V-16-D.pdf,201,16/11/2023 00:00:00,null,null,Y,NAKUL ASHOK RAHEJA,01/12/2023 00:00:00,null,null,null
2,24,16,2023-2024,O,SERVICE_INVOICE-15112023-VIRGO-VIRGO-KHEDA-V-16-O.pdf,201,16/11/2023 00:00:00,null,null,Y,NAKUL ASHOK RAHEJA,16/11/2023 00:00:00,null,null,null
2,24,16,2023-2024,T,SERVICE_INVOICE-15112023-VIRGO-VIRGO-KHEDA-V-16-T.pdf,201,16/11/2023 00:00:00,null,null,Y,NAKUL ASHOK RAHEJA,01/12/2023 00:00:00,null,null,null
2,24,17,2023-2024,D,SERVICE_INVOICE-30112023-VIRGO-VIRGO-KHEDA-V-17-D.pdf,113,01/12/2023 00:00:00,null,null,Y,NAKUL ASHOK RAHEJA,18/12/2023 00:00:00,null,null,null
2,24,17,2023-2024,O,SERVICE_INVOICE-30112023-VIRGO-VIRGO-KHEDA-V-17-O.pdf,201,01/12/2023 00:00:00,null,null,Y,NAKUL ASHOK RAHEJA,01/12/2023 00:00:00,null,null,null
2,24,17,2023-2024,T,SERVICE_INVOICE-30112023-VIRGO-VIRGO-KHEDA-V-17-T.pdf,113,01/12/2023 00:00:00,null,null,Y,NAKUL ASHOK RAHEJA,18/12/2023 00:00:00,null,null,null
2,24,18,2023-2024,D,SERVICE_INVOICE-15122023-VIRGO-VIRGO-KHEDA-V-18-D.pdf,46,18/12/2023 00:00:00,null,null,Y,NAKUL ASHOK RAHEJA,18/12/2023 00:00:00,null,null,null
2,24,18,2023-2024,O,SERVICE_INVOICE-15122023-VIRGO-VIRGO-KHEDA-V-18-O.pdf,46,18/12/2023 00:00:00,null,null,Y,NAKUL ASHOK RAHEJA,18/12/2023 00:00:00,null,null,null
2,24,18,2023-2024,T,SERVICE_INVOICE-15122023-VIRGO-VIRGO-KHEDA-V-18-T.pdf,46,18/12/2023 00:00:00,null,null,Y,NAKUL ASHOK RAHEJA,18/12/2023 00:00:00,null,null,null
2,24,19,2023-2024,D,SERVICE_INVOICE-31122023-VIRGO-VIRGO-KHEDA-V-19-D.pdf,201,02/01/2024 00:00:00,null,null,Y,NAKUL ASHOK RAHEJA,02/01/2024 00:00:00,null,null,null
2,24,19,2023-2024,O,SERVICE_INVOICE-31122023-VIRGO-VIRGO-KHEDA-V-19-O.pdf,201,02/01/2024 00:00:00,null,null,Y,NAKUL ASHOK RAHEJA,02/01/2024 00:00:00,null,null,null
2,24,19,2023-2024,T,SERVICE_INVOICE-31122023-VIRGO-VIRGO-KHEDA-V-19-T.pdf,201,02/01/2024 00:00:00,null,null,Y,NAKUL ASHOK RAHEJA,02/01/2024 00:00:00,null,null,null
2,24,20,2023-2024,D,SERVICE_INVOICE-31122023-VIRGO-VIRGO-KHEDA-V-20-D.pdf,201,02/01/2024 00:00:00,null,null,Y,NAKUL ASHOK RAHEJA,02/01/2024 00:00:00,null,null,null
2,24,20,2023-2024,O,SERVICE_INVOICE-31122023-VIRGO-VIRGO-KHEDA-V-20-O.pdf,201,02/01/2024 00:00:00,null,null,Y,NAKUL ASHOK RAHEJA,02/01/2024 00:00:00,null,null,null
2,24,20,2023-2024,T,SERVICE_INVOICE-31122023-VIRGO-VIRGO-KHEDA-V-20-T.pdf,201,02/01/2024 00:00:00,null,null,Y,NAKUL ASHOK RAHEJA,02/01/2024 00:00:00,null,null,null
2,24,21,2023-2024,D,SERVICE_INVOICE-15012024-VIRGO-VIRGO-KHEDA-V-21-D.pdf,201,16/01/2024 00:00:00,null,null,Y,NAKUL ASHOK RAHEJA,16/01/2024 00:00:00,null,null,null
2,24,21,2023-2024,T,SERVICE_INVOICE-15012024-VIRGO-VIRGO-KHEDA-V-21-T.pdf,201,16/01/2024 00:00:00,null,null,Y,NAKUL ASHOK RAHEJA,16/01/2024 00:00:00,null,null,null
2,24,22,2023-2024,D,SERVICE_INVOICE-31012024-VIRGO-VIRGO-KHEDA-V-22-D.pdf,201,01/02/2024 00:00:00,null,null,Y,NAKUL ASHOK RAHEJA,01/02/2024 00:00:00,null,null,null
2,24,22,2023-2024,O,SERVICE_INVOICE-31012024-VIRGO-VIRGO-KHEDA-V-22-O.pdf,201,01/02/2024 00:00:00,null,null,Y,NAKUL ASHOK RAHEJA,01/02/2024 00:00:00,null,null,null
2,24,22,2023-2024,T,SERVICE_INVOICE-31012024-VIRGO-VIRGO-KHEDA-V-22-T.pdf,201,01/02/2024 00:00:00,null,null,Y,NAKUL ASHOK RAHEJA,01/02/2024 00:00:00,null,null,null
2,24,24,2023-2024,D,SERVICE_INVOICE-15022024-VIRGO-VIRGO-KHEDA-V-24-D.pdf,201,16/02/2024 00:00:00,null,null,Y,NAKUL ASHOK RAHEJA,16/02/2024 00:00:00,null,null,null
2,24,24,2023-2024,O,SERVICE_INVOICE-15022024-VIRGO-VIRGO-KHEDA-V-24-O.pdf,201,16/02/2024 00:00:00,null,null,Y,NAKUL ASHOK RAHEJA,16/02/2024 00:00:00,null,null,null
2,24,24,2023-2024,T,SERVICE_INVOICE-15022024-VIRGO-VIRGO-KHEDA-V-24-T.pdf,201,16/02/2024 00:00:00,null,null,Y,NAKUL ASHOK RAHEJA,16/02/2024 00:00:00,null,null,null
2,24,26,2023-2024,D,SERVICE_INVOICE-29022024-VIRGO-VIRGO-KHEDA-V-26-D.pdf,201,01/03/2024 00:00:00,null,null,Y,NAKUL ASHOK RAHEJA,01/03/2024 00:00:00,null,null,null
2,24,26,2023-2024,O,SERVICE_INVOICE-29022024-VIRGO-VIRGO-KHEDA-V-26-O.pdf,201,01/03/2024 00:00:00,null,null,Y,NAKUL ASHOK RAHEJA,01/03/2024 00:00:00,null,null,null
2,24,26,2023-2024,T,SERVICE_INVOICE-29022024-VIRGO-VIRGO-KHEDA-V-26-T.pdf,201,01/03/2024 00:00:00,null,null,Y,NAKUL ASHOK RAHEJA,01/03/2024 00:00:00,null,null,null
2,24,28,2023-2024,D,SERVICE_INVOICE-15032024-VIRGO-VIRGO-KHEDA-V-28-D.pdf,201,18/03/2024 00:00:00,null,null,Y,NAKUL ASHOK RAHEJA,18/03/2024 00:00:00,null,null,null
2,24,28,2023-2024,O,SERVICE_INVOICE-15032024-VIRGO-VIRGO-KHEDA-V-28-O.pdf,201,18/03/2024 00:00:00,null,null,Y,NAKUL ASHOK RAHEJA,18/03/2024 00:00:00,null,null,null
2,24,28,2023-2024,T,SERVICE_INVOICE-15032024-VIRGO-VIRGO-KHEDA-V-28-T.pdf,201,18/03/2024 00:00:00,null,null,Y,NAKUL ASHOK RAHEJA,18/03/2024 00:00:00,null,null,null
2,24,29,2023-2024,D,SERVICE_INVOICE-31032024-VIRGO-VIRGO-KHEDA-V-29-D.pdf,113,01/04/2024 00:00:00,null,null,Y,NAKUL ASHOK RAHEJA,01/04/2024 00:00:00,null,null,null
2,24,29,2023-2024,O,SERVICE_INVOICE-31032024-VIRGO-VIRGO-KHEDA-V-29-O.pdf,113,01/04/2024 00:00:00,null,null,Y,NAKUL ASHOK RAHEJA,01/04/2024 00:00:00,null,null,null
2,24,29,2023-2024,T,SERVICE_INVOICE-31032024-VIRGO-VIRGO-KHEDA-V-29-T.pdf,113,01/04/2024 00:00:00,null,null,Y,NAKUL ASHOK RAHEJA,01/04/2024 00:00:00,null,null,null
2,24,1,2024-2025,D,SERVICE_INVOICE-15042024-VIRGO-VIRGO-KHEDA-V-1-D.pdf,201,16/04/2024 00:00:00,null,null,Y,NAKUL ASHOK RAHEJA,16/04/2024 00:00:00,null,null,null
2,24,1,2024-2025,O,SERVICE_INVOICE-15042024-VIRGO-VIRGO-KHEDA-V-1-O.pdf,201,16/04/2024 00:00:00,null,null,Y,NAKUL ASHOK RAHEJA,16/04/2024 00:00:00,null,null,null
2,24,1,2024-2025,T,SERVICE_INVOICE-15042024-VIRGO-VIRGO-KHEDA-V-1-T.pdf,201,16/04/2024 00:00:00,null,null,Y,NAKUL ASHOK RAHEJA,16/04/2024 00:00:00,null,null,null
2,24,2,2024-2025,D,SERVICE_INVOICE-30042024-VIRGO-VIRGO-KHEDA-V-2-D.pdf,201,01/05/2024 00:00:00,null,null,Y,NAKUL ASHOK RAHEJA,01/05/2024 00:00:00,null,null,null
2,24,2,2024-2025,O,SERVICE_INVOICE-30042024-VIRGO-VIRGO-KHEDA-V-2-O.pdf,201,01/05/2024 00:00:00,null,null,Y,NAKUL ASHOK RAHEJA,01/05/2024 00:00:00,null,null,null
2,24,2,2024-2025,T,SERVICE_INVOICE-30042024-VIRGO-VIRGO-KHEDA-V-2-T.pdf,201,01/05/2024 00:00:00,null,null,Y,NAKUL ASHOK RAHEJA,01/05/2024 00:00:00,null,null,null
2,24,3,2024-2025,D,SERVICE_INVOICE-15052024-VIRGO-VIRGO-KHEDA-V-3-D.pdf,201,16/05/2024 00:00:00,null,null,Y,NAKUL ASHOK RAHEJA,16/05/2024 00:00:00,null,null,null
2,24,3,2024-2025,O,SERVICE_INVOICE-15052024-VIRGO-VIRGO-KHEDA-V-3-O.pdf,201,16/05/2024 00:00:00,null,null,Y,NAKUL ASHOK RAHEJA,16/05/2024 00:00:00,null,null,null
2,24,3,2024-2025,T,SERVICE_INVOICE-15052024-VIRGO-VIRGO-KHEDA-V-3-T.pdf,201,16/05/2024 00:00:00,null,null,Y,NAKUL ASHOK RAHEJA,16/05/2024 00:00:00,null,null,null
2,24,4,2024-2025,D,SERVICE_INVOICE-31052024-VIRGO-VIRGO-KHEDA-V-4-D.pdf,201,03/06/2024 00:00:00,null,null,Y,NAKUL ASHOK RAHEJA,03/06/2024 00:00:00,null,null,null
2,24,4,2024-2025,O,SERVICE_INVOICE-31052024-VIRGO-VIRGO-KHEDA-V-4-O.pdf,201,03/06/2024 00:00:00,null,null,Y,NAKUL ASHOK RAHEJA,03/06/2024 00:00:00,null,null,null
2,24,4,2024-2025,T,SERVICE_INVOICE-31052024-VIRGO-VIRGO-KHEDA-V-4-T.pdf,201,03/06/2024 00:00:00,null,null,Y,NAKUL ASHOK RAHEJA,03/06/2024 00:00:00,null,null,null
2,24,5,2024-2025,D,SERVICE_INVOICE-15062024-VIRGO-VIRGO-KHEDA-V-5-D.pdf,201,17/06/2024 00:00:00,null,null,Y,NAKUL ASHOK RAHEJA,17/06/2024 00:00:00,null,null,null
2,24,5,2024-2025,O,SERVICE_INVOICE-15062024-VIRGO-VIRGO-KHEDA-V-5-O.pdf,201,17/06/2024 00:00:00,null,null,Y,NAKUL ASHOK RAHEJA,17/06/2024 00:00:00,null,null,null
2,24,5,2024-2025,T,SERVICE_INVOICE-15062024-VIRGO-VIRGO-KHEDA-V-5-T.pdf,201,17/06/2024 00:00:00,null,null,Y,NAKUL ASHOK RAHEJA,17/06/2024 00:00:00,null,null,null
2,24,6,2024-2025,D,SERVICE_INVOICE-30062024-VIRGO-VIRGO-KHEDA-V-6-D.pdf,201,01/07/2024 00:00:00,null,null,Y,NAKUL ASHOK RAHEJA,01/07/2024 00:00:00,null,null,null
2,24,6,2024-2025,O,SERVICE_INVOICE-30062024-VIRGO-VIRGO-KHEDA-V-6-O.pdf,201,01/07/2024 00:00:00,null,null,Y,NAKUL ASHOK RAHEJA,01/07/2024 00:00:00,null,null,null
2,24,6,2024-2025,T,SERVICE_INVOICE-30062024-VIRGO-VIRGO-KHEDA-V-6-T.pdf,201,01/07/2024 00:00:00,null,null,Y,NAKUL ASHOK RAHEJA,01/07/2024 00:00:00,null,null,null
2,24,7,2024-2025,D,SERVICE_INVOICE-15072024-VIRGO-VIRGO-KHEDA-V-7-D.pdf,201,16/07/2024 00:00:00,null,null,Y,NAKUL ASHOK RAHEJA,16/07/2024 00:00:00,null,null,null
2,24,7,2024-2025,O,SERVICE_INVOICE-15072024-VIRGO-VIRGO-KHEDA-V-7-O.pdf,201,16/07/2024 00:00:00,null,null,Y,NAKUL ASHOK RAHEJA,16/07/2024 00:00:00,null,null,null
2,24,7,2024-2025,T,SERVICE_INVOICE-15072024-VIRGO-VIRGO-KHEDA-V-7-T.pdf,201,16/07/2024 00:00:00,null,null,Y,NAKUL ASHOK RAHEJA,16/07/2024 00:00:00,null,null,null
2,24,19,2024-2025,D,SERVICE_INVOICE-30112024-VIRGO-VIRGO-KHEDA-V-19-D.pdf,201,02/12/2024 00:00:00,null,null,Y,NAKUL ASHOK RAHEJA,02/12/2024 00:00:00,null,null,null
2,24,19,2024-2025,O,SERVICE_INVOICE-30112024-VIRGO-VIRGO-KHEDA-V-19-O.pdf,201,02/12/2024 00:00:00,null,null,Y,NAKUL ASHOK RAHEJA,02/12/2024 00:00:00,null,null,null
2,24,19,2024-2025,T,SERVICE_INVOICE-30112024-VIRGO-VIRGO-KHEDA-V-19-T.pdf,201,02/12/2024 00:00:00,null,null,Y,NAKUL ASHOK RAHEJA,02/12/2024 00:00:00,null,null,null
2,24,20,2024-2025,D,SERVICE_INVOICE-15122024-VIRGO-VIRGO-KHEDA-V-20-D.pdf,46,16/12/2024 00:00:00,null,null,Y,NAKUL ASHOK RAHEJA,16/12/2024 00:00:00,null,null,null
2,24,20,2024-2025,O,SERVICE_INVOICE-15122024-VIRGO-VIRGO-KHEDA-V-20-O.pdf,46,16/12/2024 00:00:00,null,null,Y,NAKUL ASHOK RAHEJA,16/12/2024 00:00:00,null,null,null
2,24,20,2024-2025,T,SERVICE_INVOICE-15122024-VIRGO-VIRGO-KHEDA-V-20-T.pdf,46,16/12/2024 00:00:00,null,null,Y,NAKUL ASHOK RAHEJA,16/12/2024 00:00:00,null,null,null
2,24,21,2024-2025,D,SERVICE_INVOICE-31122024-VIRGO-VIRGO-KHEDA-V-21-D.pdf,201,02/01/2025 00:00:00,null,null,Y,NAKUL ASHOK RAHEJA,02/01/2025 00:00:00,null,null,null
2,24,21,2024-2025,O,SERVICE_INVOICE-31122024-VIRGO-VIRGO-KHEDA-V-21-O.pdf,201,02/01/2025 00:00:00,null,null,Y,NAKUL ASHOK RAHEJA,02/01/2025 00:00:00,null,null,null
2,24,21,2024-2025,T,SERVICE_INVOICE-31122024-VIRGO-VIRGO-KHEDA-V-21-T.pdf,201,02/01/2025 00:00:00,null,null,Y,NAKUL ASHOK RAHEJA,02/01/2025 00:00:00,null,null,null
2,24,22,2024-2025,D,SERVICE_INVOICE-15012025-VIRGO-VIRGO-KHEDA-V-22-D.pdf,201,16/01/2025 00:00:00,null,null,Y,NAKUL ASHOK RAHEJA,16/01/2025 00:00:00,null,null,null
2,24,22,2024-2025,O,SERVICE_INVOICE-15012025-VIRGO-VIRGO-KHEDA-V-22-O.pdf,201,16/01/2025 00:00:00,null,null,Y,NAKUL ASHOK RAHEJA,16/01/2025 00:00:00,null,null,null
2,24,22,2024-2025,T,SERVICE_INVOICE-15012025-VIRGO-VIRGO-KHEDA-V-22-T.pdf,201,16/01/2025 00:00:00,null,null,Y,NAKUL ASHOK RAHEJA,16/01/2025 00:00:00,null,null,null
2,24,8,2024-2025,D,SERVICE_INVOICE-15072024-VIRGO-VIRGO-KHEDA-V-8-D.pdf,201,16/07/2024 00:00:00,null,null,Y,NAKUL ASHOK RAHEJA,16/07/2024 00:00:00,null,null,null
2,24,8,2024-2025,O,SERVICE_INVOICE-15072024-VIRGO-VIRGO-KHEDA-V-8-O.pdf,201,16/07/2024 00:00:00,null,null,Y,NAKUL ASHOK RAHEJA,16/07/2024 00:00:00,null,null,null
2,24,8,2024-2025,T,SERVICE_INVOICE-15072024-VIRGO-VIRGO-KHEDA-V-8-T.pdf,201,16/07/2024 00:00:00,null,null,Y,NAKUL ASHOK RAHEJA,16/07/2024 00:00:00,null,null,null
2,24,9,2024-2025,D,SERVICE_INVOICE-31072024-VIRGO-VIRGO-KHEDA-V-9-D.pdf,201,01/08/2024 00:00:00,null,null,Y,NAKUL ASHOK RAHEJA,01/08/2024 00:00:00,null,null,null
2,24,9,2024-2025,O,SERVICE_INVOICE-31072024-VIRGO-VIRGO-KHEDA-V-9-O.pdf,201,01/08/2024 00:00:00,null,null,Y,NAKUL ASHOK RAHEJA,01/08/2024 00:00:00,null,null,null
2,24,9,2024-2025,T,SERVICE_INVOICE-31072024-VIRGO-VIRGO-KHEDA-V-9-T.pdf,201,01/08/2024 00:00:00,null,null,Y,NAKUL ASHOK RAHEJA,01/08/2024 00:00:00,null,null,null
2,24,10,2024-2025,D,SERVICE_INVOICE-15082024-VIRGO-VIRGO-KHEDA-V-10-D.pdf,201,16/08/2024 00:00:00,null,null,Y,NAKUL ASHOK RAHEJA,16/08/2024 00:00:00,null,null,null
2,24,10,2024-2025,O,SERVICE_INVOICE-15082024-VIRGO-VIRGO-KHEDA-V-10-O.pdf,201,16/08/2024 00:00:00,null,null,Y,NAKUL ASHOK RAHEJA,16/08/2024 00:00:00,null,null,null
2,24,10,2024-2025,T,SERVICE_INVOICE-15082024-VIRGO-VIRGO-KHEDA-V-10-T.pdf,201,16/08/2024 00:00:00,null,null,Y,NAKUL ASHOK RAHEJA,16/08/2024 00:00:00,null,null,null
2,24,11,2024-2025,D,SERVICE_INVOICE-15082024-VIRGO-VIRGO-KHEDA-V-11-D.pdf,201,16/08/2024 00:00:00,null,null,Y,NAKUL ASHOK RAHEJA,16/08/2024 00:00:00,null,null,null
2,24,11,2024-2025,O,SERVICE_INVOICE-15082024-VIRGO-VIRGO-KHEDA-V-11-O.pdf,201,16/08/2024 00:00:00,null,null,Y,NAKUL ASHOK RAHEJA,16/08/2024 00:00:00,null,null,null
2,24,11,2024-2025,T,SERVICE_INVOICE-15082024-VIRGO-VIRGO-KHEDA-V-11-T.pdf,201,16/08/2024 00:00:00,null,null,Y,NAKUL ASHOK RAHEJA,16/08/2024 00:00:00,null,null,null
2,24,12,2024-2025,D,SERVICE_INVOICE-31082024-VIRGO-VIRGO-KHEDA-V-12-D.pdf,201,02/09/2024 00:00:00,null,null,Y,NAKUL ASHOK RAHEJA,02/09/2024 00:00:00,null,null,null
2,24,12,2024-2025,O,SERVICE_INVOICE-31082024-VIRGO-VIRGO-KHEDA-V-12-O.pdf,201,02/09/2024 00:00:00,null,null,Y,NAKUL ASHOK RAHEJA,02/09/2024 00:00:00,null,null,null
2,24,12,2024-2025,T,SERVICE_INVOICE-31082024-VIRGO-VIRGO-KHEDA-V-12-T.pdf,201,02/09/2024 00:00:00,null,null,Y,NAKUL ASHOK RAHEJA,02/09/2024 00:00:00,null,null,null
2,24,13,2024-2025,D,SERVICE_INVOICE-15092024-VIRGO-VIRGO-KHEDA-V-13-D.pdf,201,16/09/2024 00:00:00,null,null,Y,NAKUL ASHOK RAHEJA,16/09/2024 00:00:00,null,null,null
2,24,13,2024-2025,O,SERVICE_INVOICE-15092024-VIRGO-VIRGO-KHEDA-V-13-O.pdf,201,16/09/2024 00:00:00,null,null,Y,NAKUL ASHOK RAHEJA,16/09/2024 00:00:00,null,null,null
2,24,13,2024-2025,T,SERVICE_INVOICE-15092024-VIRGO-VIRGO-KHEDA-V-13-T.pdf,201,16/09/2024 00:00:00,null,null,Y,NAKUL ASHOK RAHEJA,16/09/2024 00:00:00,null,null,null
2,24,14,2024-2025,D,SERVICE_INVOICE-30092024-VIRGO-VIRGO-KHEDA-V-14-D.pdf,201,01/10/2024 00:00:00,null,null,Y,NAKUL ASHOK RAHEJA,01/10/2024 00:00:00,null,null,null
2,24,14,2024-2025,O,SERVICE_INVOICE-30092024-VIRGO-VIRGO-KHEDA-V-14-O.pdf,201,01/10/2024 00:00:00,null,null,Y,NAKUL ASHOK RAHEJA,01/10/2024 00:00:00,null,null,null
2,24,14,2024-2025,T,SERVICE_INVOICE-30092024-VIRGO-VIRGO-KHEDA-V-14-T.pdf,201,01/10/2024 00:00:00,null,null,Y,NAKUL ASHOK RAHEJA,01/10/2024 00:00:00,null,null,null
2,24,16,2024-2025,D,SERVICE_INVOICE-15102024-VIRGO-VIRGO-KHEDA-V-16-D.pdf,201,16/10/2024 00:00:00,null,null,Y,NAKUL ASHOK RAHEJA,16/10/2024 00:00:00,null,null,null
2,24,16,2024-2025,O,SERVICE_INVOICE-15102024-VIRGO-VIRGO-KHEDA-V-16-O.pdf,201,16/10/2024 00:00:00,null,null,Y,NAKUL ASHOK RAHEJA,16/10/2024 00:00:00,null,null,null
2,24,16,2024-2025,T,SERVICE_INVOICE-15102024-VIRGO-VIRGO-KHEDA-V-16-T.pdf,201,16/10/2024 00:00:00,null,null,Y,NAKUL ASHOK RAHEJA,16/10/2024 00:00:00,null,null,null
2,24,17,2024-2025,D,SERVICE_INVOICE-31102024-VIRGO-VIRGO-KHEDA-V-17-D.pdf,201,04/11/2024 00:00:00,null,null,Y,NAKUL ASHOK RAHEJA,04/11/2024 00:00:00,null,null,null
2,24,17,2024-2025,O,SERVICE_INVOICE-31102024-VIRGO-VIRGO-KHEDA-V-17-O.pdf,201,04/11/2024 00:00:00,null,null,Y,NAKUL ASHOK RAHEJA,04/11/2024 00:00:00,null,null,null
2,24,17,2024-2025,T,SERVICE_INVOICE-31102024-VIRGO-VIRGO-KHEDA-V-17-T.pdf,201,04/11/2024 00:00:00,null,null,Y,NAKUL ASHOK RAHEJA,04/11/2024 00:00:00,null,null,null
2,24,18,2024-2025,D,SERVICE_INVOICE-15112024-VIRGO-VIRGO-KHEDA-V-18-D.pdf,46,18/11/2024 00:00:00,null,null,Y,NAKUL ASHOK RAHEJA,18/11/2024 00:00:00,null,null,null
2,24,18,2024-2025,O,SERVICE_INVOICE-15112024-VIRGO-VIRGO-KHEDA-V-18-O.pdf,46,18/11/2024 00:00:00,null,null,Y,NAKUL ASHOK RAHEJA,18/11/2024 00:00:00,null,null,null
2,24,18,2024-2025,T,SERVICE_INVOICE-15112024-VIRGO-VIRGO-KHEDA-V-18-T.pdf,46,18/11/2024 00:00:00,null,null,Y,NAKUL ASHOK RAHEJA,18/11/2024 00:00:00,null,null,null
2,24,23,2024-2025,O,SERVICE_INVOICE-31012025-VIRGO-VIRGO-KHEDA-V-23-O.pdf,46,03/02/2025 00:00:00,null,null,Y,NAKUL ASHOK RAHEJA,03/02/2025 00:00:00,null,null,null
2,24,23,2024-2025,T,SERVICE_INVOICE-31012025-VIRGO-VIRGO-KHEDA-V-23-T.pdf,46,03/02/2025 00:00:00,null,null,Y,NAKUL ASHOK RAHEJA,03/02/2025 00:00:00,null,null,null
2,24,24,2024-2025,D,SERVICE_INVOICE-15022025-VIRGO-VIRGO-KHEDA-V-24-D.pdf,46,17/02/2025 00:00:00,null,null,Y,NAKUL ASHOK RAHEJA,17/02/2025 00:00:00,null,null,null
2,24,24,2024-2025,T,SERVICE_INVOICE-15022025-VIRGO-VIRGO-KHEDA-V-24-T.pdf,46,17/02/2025 00:00:00,null,null,Y,NAKUL ASHOK RAHEJA,17/02/2025 00:00:00,null,null,null
2,24,25,2024-2025,D,SERVICE_INVOICE-15022025-VIRGO-VIRGO-KHEDA-V-25-D.pdf,46,17/02/2025 00:00:00,null,null,Y,NAKUL ASHOK RAHEJA,17/02/2025 00:00:00,null,null,null
2,24,25,2024-2025,O,SERVICE_INVOICE-15022025-VIRGO-VIRGO-KHEDA-V-25-O.pdf,46,17/02/2025 00:00:00,null,null,Y,NAKUL ASHOK RAHEJA,17/02/2025 00:00:00,null,null,null
2,24,25,2024-2025,T,SERVICE_INVOICE-15022025-VIRGO-VIRGO-KHEDA-V-25-T.pdf,46,17/02/2025 00:00:00,null,null,Y,NAKUL ASHOK RAHEJA,17/02/2025 00:00:00,null,null,null
2,24,26,2024-2025,D,SERVICE_INVOICE-28022025-VIRGO-VIRGO-KHEDA-V-26-D.pdf,46,03/03/2025 00:00:00,null,null,Y,NAKUL ASHOK RAHEJA,03/03/2025 00:00:00,null,null,null
2,24,26,2024-2025,O,SERVICE_INVOICE-28022025-VIRGO-VIRGO-KHEDA-V-26-O.pdf,46,03/03/2025 00:00:00,null,null,Y,NAKUL ASHOK RAHEJA,03/03/2025 00:00:00,null,null,null
2,24,26,2024-2025,T,SERVICE_INVOICE-28022025-VIRGO-VIRGO-KHEDA-V-26-T.pdf,46,03/03/2025 00:00:00,null,null,Y,NAKUL ASHOK RAHEJA,03/03/2025 00:00:00,null,null,null
