COMPANY_CD,FINANCIAL_YEAR,BU_STATE_TIN,INVOICE_SEQ,INVOICE_TYPE,PDF_TYPE,FILE_NAME,ENT_BY,ENT_DT,MODIFY_BY,MODIFY_DT,PDF_SIGNED,SIGNED_BY,SIGNED_DT,SIGNED_ENT_BY,PDF_CONTENT,SF_GEN_DT
Gail,2025-2026,25,2LGJ0025/25-26,DI,O,INVOICE-E-2025-2026-25-1.pdf,null,null,null,null,Y,NAKUL ASHOK RAHEJA,01/07/2025 00:00:00,null,null,null
Gail,2025-2026,25,2LGJ0025/25-26,DI,D,INVOICE-E-2025-2026-25-1.pdf,null,null,null,null,null,null,null,null,null,null
Gail,2025-2026,26,2LGJ0026/25-26,DI,O,INVOICE-E-2025-2026-26-1.pdf,null,null,null,null,Y,NAKUL ASHOK RAHEJA,01/07/2025 00:00:00,null,null,null
Gail,2025-2026,26,2LGJ0026/25-26,DI,D,INVOICE-E-2025-2026-26-1.pdf,null,null,null,null,null,null,null,null,null,null
HPCL,2021-2022,11,I0011/21-22,LP,O,INVOICE-17062021-HPCL-HPCL_Mumbai_Refinery-I-11,49,17/06/2021 00:00:00,null,null,Y,NAKUL ASHOK RAHEJA,17/06/2021 00:00:00,null,null,null
HPCL,2021-2022,11,I0011/21-22,LP,D,INVOICE-17062021-HPCL-HPCL_Mumbai_Refinery-I-11,49,17/06/2021 00:00:00,null,null,Y,NAKUL ASHOK RAHEJA,17/06/2021 00:00:00,null,null,null
HPCL,2021-2022,11,I0011/21-22,LP,T,INVOICE-17062021-HPCL-HPCL_Mumbai_Refinery-I-11,49,17/06/2021 00:00:00,null,null,Y,NAKUL ASHOK RAHEJA,17/06/2021 00:00:00,null,null,null
AMNS,2021-2022,207,L00207/21-22,DI,O,INVOICE-E-2021-2022-207-1.pdf,null,null,null,null,Y,NAKUL ASHOK RAHEJA,12/01/2022 00:00:00,null,null,null
AMNS,2021-2022,207,L00207/21-22,DI,D,INVOICE-E-2021-2022-207-1.pdf,null,null,null,null,Y,NAKUL ASHOK RAHEJA,12/01/2022 00:00:00,null,null,null
AMNS,2021-2022,208,L00208/21-22,DI,O,INVOICE-E-2021-2022-208-1.pdf,null,null,null,null,Y,NAKUL ASHOK RAHEJA,12/01/2022 00:00:00,null,null,null
AMNS,2021-2022,208,L00208/21-22,DI,D,INVOICE-E-2021-2022-208-1.pdf,null,null,null,null,Y,NAKUL ASHOK RAHEJA,12/01/2022 00:00:00,null,null,null
AMNS,2021-2022,209,L00209/21-22,DI,O,INVOICE-E-2021-2022-209-1.pdf,null,null,null,null,Y,NAKUL ASHOK RAHEJA,12/01/2022 00:00:00,null,null,null
AMNS,2021-2022,209,L00209/21-22,DI,D,INVOICE-E-2021-2022-209-1.pdf,null,null,null,null,Y,NAKUL ASHOK RAHEJA,12/01/2022 00:00:00,null,null,null
AMNS,2021-2022,210,L00210/21-22,DI,O,INVOICE-E-2021-2022-210-1.pdf,null,null,null,null,Y,NAKUL ASHOK RAHEJA,12/01/2022 00:00:00,null,null,null
AMNS,2021-2022,210,L00210/21-22,DI,D,INVOICE-E-2021-2022-210-1.pdf,null,null,null,null,Y,NAKUL ASHOK RAHEJA,12/01/2022 00:00:00,null,null,null
AMNS,2022-2023,75,L00075/22-23,DI,O,INVOICE-E-2022-2023-75-1.pdf,null,null,null,null,Y,NAKUL ASHOK RAHEJA,09/08/2022 00:00:00,null,null,null
AMNS,2022-2023,75,L00075/22-23,DI,D,INVOICE-E-2022-2023-75-1.pdf,null,null,null,null,Y,NAKUL ASHOK RAHEJA,09/08/2022 00:00:00,null,null,null
AMNS,2022-2023,94,L00094/22-23,DI,O,INVOICE-E-2022-2023-94-1.pdf,null,null,null,null,Y,NAKUL ASHOK RAHEJA,01/11/2022 00:00:00,null,null,null
AMNS,2022-2023,94,L00094/22-23,DI,D,INVOICE-E-2022-2023-94-1.pdf,null,null,null,null,null,null,null,null,null,null
AMNS,2022-2023,108,L00108/22-23,DI,O,INVOICE-E-2022-2023-108-1.pdf,null,null,null,null,Y,NAKUL ASHOK RAHEJA,24/09/2022 00:00:00,null,null,null
AMNS,2022-2023,108,L00108/22-23,DI,D,INVOICE-E-2022-2023-108-1.pdf,null,null,null,null,Y,NAKUL ASHOK RAHEJA,24/09/2022 00:00:00,null,null,null
AMNS,2022-2023,139,L00139/22-23,DI,O,INVOICE-E-2022-2023-139-1.pdf,null,null,null,null,Y,NAKUL ASHOK RAHEJA,01/11/2022 00:00:00,null,null,null
AMNS,2022-2023,159,L00159/22-23,DI,O,INVOICE-E-2022-2023-159-1,null,null,null,null,Y,null,19/12/2022 00:00:00,null,null,null
AMNS,2022-2023,159,L00159/22-23,DI,D,INVOICE-E-2022-2023-159-1,null,null,null,null,Y,null,19/12/2022 00:00:00,null,null,null
AMNS,2022-2023,165,L00165/22-23,DI,O,INVOICE-E-2022-2023-165-1.pdf,null,null,null,null,Y,NAKUL ASHOK RAHEJA,04/01/2023 00:00:00,null,null,null
AMNS,2022-2023,165,L00165/22-23,DI,D,INVOICE-E-2022-2023-165-1.pdf,null,null,null,null,Y,NAKUL ASHOK RAHEJA,04/01/2023 00:00:00,null,null,null
AMNS,2022-2023,169,L00169/22-23,DI,O,INVOICE-E-2022-2023-169-1.pdf,null,null,null,null,Y,NAKUL ASHOK RAHEJA,01/02/2023 00:00:00,null,null,null
AMNS,2022-2023,169,L00169/22-23,DI,D,INVOICE-E-2022-2023-169-1.pdf,null,null,null,null,Y,NAKUL ASHOK RAHEJA,01/02/2023 00:00:00,null,null,null
AMNS,2022-2023,175,L00175/22-23,DI,O,INVOICE-E-2022-2023-175-1.pdf,null,null,null,null,Y,NAKUL ASHOK RAHEJA,03/03/2023 00:00:00,null,null,null
AMNS,2022-2023,175,L00175/22-23,DI,D,INVOICE-E-2022-2023-175-1.pdf,null,null,null,null,Y,NAKUL ASHOK RAHEJA,03/03/2023 00:00:00,null,null,null
AMNS,2022-2023,176,L00176/22-23,DI,O,INVOICE-E-2022-2023-176-1.pdf,null,null,null,null,Y,NAKUL ASHOK RAHEJA,03/03/2023 00:00:00,null,null,null
AMNS,2022-2023,176,L00176/22-23,DI,D,INVOICE-E-2022-2023-176-1.pdf,null,null,null,null,Y,NAKUL ASHOK RAHEJA,03/03/2023 00:00:00,null,null,null
AMNS,2022-2023,183,L00183/22-23,DI,O,INVOICE-E-2022-2023-183-1.pdf,null,null,null,null,Y,ROHIT MALHOTRA,17/03/2023 00:00:00,null,null,null
AMNS,2022-2023,183,L00183/22-23,DI,D,INVOICE-E-2022-2023-183-1.pdf,null,null,null,null,Y,ROHIT MALHOTRA,17/03/2023 00:00:00,null,null,null
AMNS,2023-2024,3,L00003/23-24,DI,O,INVOICE-E-2023-2024-3-1.pdf,null,null,null,null,Y,NAKUL ASHOK RAHEJA,17/04/2023 00:00:00,null,null,null
AMNS,2023-2024,3,L00003/23-24,DI,D,INVOICE-E-2023-2024-3-1.pdf,null,null,null,null,Y,NAKUL ASHOK RAHEJA,17/04/2023 00:00:00,null,null,null
AMNS,2023-2024,9,L00009/23-24,DI,O,INVOICE-E-2023-2024-96-1.pdf,null,null,null,null,Y,NAKUL ASHOK RAHEJA,19/01/2024 00:00:00,null,null,null
AMNS,2023-2024,9,L00009/23-24,DI,D,INVOICE-E-2023-2024-96-1.pdf,null,null,null,null,Y,NAKUL ASHOK RAHEJA,19/01/2024 00:00:00,null,null,null
AMNS,2023-2024,9,L00009/23-24,DI,O,INVOICE-E-2023-2024-94-1.pdf,null,null,null,null,Y,NAKUL ASHOK RAHEJA,18/01/2024 00:00:00,null,null,null
AMNS,2023-2024,9,L00009/23-24,DI,D,INVOICE-E-2023-2024-94-1.pdf,null,null,null,null,Y,NAKUL ASHOK RAHEJA,18/01/2024 00:00:00,null,null,null
AMNS,2023-2024,9,L00009/23-24,DI,O,INVOICE-E-2023-2024-9-1.pdf,null,null,null,null,Y,NAKUL ASHOK RAHEJA,09/05/2023 00:00:00,null,null,null
AMNS,2023-2024,9,L00009/23-24,DI,D,INVOICE-E-2023-2024-9-1.pdf,null,null,null,null,Y,NAKUL ASHOK RAHEJA,09/05/2023 00:00:00,null,null,null
AMNS,2023-2024,22,L00022/23-24,DI,O,INVOICE-E-2023-2024-22-1.pdf,null,null,null,null,Y,NAKUL ASHOK RAHEJA,23/06/2023 00:00:00,null,null,null
AMNS,2023-2024,22,L00022/23-24,DI,D,INVOICE-E-2023-2024-22-1.pdf,null,null,null,null,Y,NAKUL ASHOK RAHEJA,23/06/2023 00:00:00,null,null,null
AMNS,2023-2024,41,L00041/23-24,DI,O,INVOICE-E-2023-2024-41-1.pdf,null,null,null,null,Y,NAKUL ASHOK RAHEJA,07/08/2023 00:00:00,null,null,null
AMNS,2023-2024,41,L00041/23-24,DI,D,INVOICE-E-2023-2024-41-1.pdf,null,null,null,null,Y,NAKUL ASHOK RAHEJA,07/08/2023 00:00:00,null,null,null
AMNS,2023-2024,61,L00061/23-24,DI,O,INVOICE-E-2023-2024-61-1.pdf,null,null,null,null,Y,NAKUL ASHOK RAHEJA,29/09/2023 00:00:00,null,null,null
AMNS,2023-2024,61,L00061/23-24,DI,D,INVOICE-E-2023-2024-61-1.pdf,null,null,null,null,Y,NAKUL ASHOK RAHEJA,29/09/2023 00:00:00,null,null,null
AMNS,2023-2024,66,L00066/23-24,DI,O,INVOICE-E-2023-2024-66-1.pdf,null,null,null,null,Y,NAKUL ASHOK RAHEJA,06/10/2023 00:00:00,null,null,null
AMNS,2023-2024,66,L00066/23-24,DI,D,INVOICE-E-2023-2024-66-1.pdf,null,null,null,null,Y,NAKUL ASHOK RAHEJA,06/10/2023 00:00:00,null,null,null
AMNS,2023-2024,75,L00075/23-24,DI,O,INVOICE-E-2023-2024-75-1.pdf,null,null,null,null,Y,NAKUL ASHOK RAHEJA,13/11/2023 00:00:00,null,null,null
AMNS,2023-2024,75,L00075/23-24,DI,D,INVOICE-E-2023-2024-75-1.pdf,null,null,null,null,Y,NAKUL ASHOK RAHEJA,13/11/2023 00:00:00,null,null,null
AMNS,2023-2024,83,L00083/23-24,DI,O,INVOICE-E-2023-2024-83-1.pdf,null,null,null,null,Y,NAKUL ASHOK RAHEJA,29/11/2023 00:00:00,null,null,null
AMNS,2023-2024,83,L00083/23-24,DI,D,INVOICE-E-2023-2024-83-1.pdf,null,null,null,null,Y,NAKUL ASHOK RAHEJA,29/11/2023 00:00:00,null,null,null
AMNS,2023-2024,85,L00085/23-24,DI,O,INVOICE-E-2023-2024-85-1.pdf,null,null,null,null,Y,NAKUL ASHOK RAHEJA,07/12/2023 00:00:00,null,null,null
AMNS,2023-2024,85,L00085/23-24,DI,D,INVOICE-E-2023-2024-85-1.pdf,null,null,null,null,Y,NAKUL ASHOK RAHEJA,07/12/2023 00:00:00,null,null,null
AMNS,2023-2024,94,L00094/23-24,DI,O,INVOICE-E-2023-2024-94-1.pdf,null,null,null,null,Y,NAKUL ASHOK RAHEJA,18/01/2024 00:00:00,null,null,null
AMNS,2023-2024,94,L00094/23-24,DI,D,INVOICE-E-2023-2024-94-1.pdf,null,null,null,null,Y,NAKUL ASHOK RAHEJA,18/01/2024 00:00:00,null,null,null
AMNS,2023-2024,96,L00096/23-24,DI,O,INVOICE-E-2023-2024-96-1.pdf,null,null,null,null,Y,NAKUL ASHOK RAHEJA,19/01/2024 00:00:00,null,null,null
AMNS,2023-2024,96,L00096/23-24,DI,D,INVOICE-E-2023-2024-96-1.pdf,null,null,null,null,Y,NAKUL ASHOK RAHEJA,19/01/2024 00:00:00,null,null,null
AMNS,2024-2025,79,L00079/24-25,DI,O,INVOICE-E-2024-2025-79-1.pdf,null,null,null,null,Y,NAKUL ASHOK RAHEJA,21/01/2025 00:00:00,null,null,null
AMNS,2024-2025,79,L00079/24-25,DI,D,INVOICE-E-2024-2025-79-1.pdf,null,null,null,null,Y,NAKUL ASHOK RAHEJA,21/01/2025 00:00:00,null,null,null
AMNS,2024-2025,84,L00084/24-25,DI,D,INVOICE-E-2024-2025-84-1.pdf,null,null,null,null,Y,NAKUL ASHOK RAHEJA,03/02/2025 00:00:00,null,null,null
AMNS,2024-2025,84,L00084/24-25,DI,O,INVOICE-E-2024-2025-84-1.pdf,null,null,null,null,Y,NAKUL ASHOK RAHEJA,03/02/2025 00:00:00,null,null,null
AMNS,2024-2025,85,L00085/24-25,DI,O,INVOICE-E-2024-2025-85-1.pdf,null,null,null,null,Y,NAKUL ASHOK RAHEJA,04/02/2025 00:00:00,null,null,null
AMNS,2024-2025,85,L00085/24-25,DI,D,INVOICE-E-2024-2025-85-1.pdf,null,null,null,null,Y,NAKUL ASHOK RAHEJA,04/02/2025 00:00:00,null,null,null
AMNS,2024-2025,88,L00088/24-25,DI,O,INVOICE-E-2024-2025-88-1.pdf,null,null,null,null,Y,NAKUL ASHOK RAHEJA,17/02/2025 00:00:00,null,null,null
AMNS,2024-2025,88,L00088/24-25,DI,D,INVOICE-E-2024-2025-88-1.pdf,null,null,null,null,Y,NAKUL ASHOK RAHEJA,17/02/2025 00:00:00,null,null,null
AMNS,2024-2025,89,L00089/24-25,DI,O,INVOICE-E-2024-2025-89-1.pdf,null,null,null,null,Y,NAKUL ASHOK RAHEJA,17/02/2025 00:00:00,null,null,null
AMNS,2024-2025,89,L00089/24-25,DI,D,INVOICE-E-2024-2025-89-1.pdf,null,null,null,null,Y,NAKUL ASHOK RAHEJA,03/03/2025 00:00:00,null,null,null
AMNS,2024-2025,95,L00095/24-25,DI,O,INVOICE-E-2024-2025-95-1.pdf,null,null,null,null,Y,NAKUL ASHOK RAHEJA,03/03/2025 00:00:00,null,null,null
AMNS,2024-2025,95,L00095/24-25,DI,D,INVOICE-E-2024-2025-95-1.pdf,null,null,null,null,Y,NAKUL ASHOK RAHEJA,03/03/2025 00:00:00,null,null,null
AMNS,2024-2025,96,L00096/24-25,DI,O,INVOICE-E-2024-2025-96-1.pdf,null,null,null,null,Y,NAKUL ASHOK RAHEJA,03/03/2025 00:00:00,null,null,null
AMNS,2024-2025,96,L00096/24-25,DI,D,INVOICE-E-2024-2025-96-1.pdf,null,null,null,null,Y,NAKUL ASHOK RAHEJA,03/03/2025 00:00:00,null,null,null
AMNS,2024-2025,97,L00097/24-25,DI,O,INVOICE-E-2024-2025-97-1.pdf,null,null,null,null,Y,NAKUL ASHOK RAHEJA,03/03/2025 00:00:00,null,null,null
AMNS,2024-2025,97,L00097/24-25,DI,D,INVOICE-E-2024-2025-97-1.pdf,null,null,null,null,Y,NAKUL ASHOK RAHEJA,03/03/2025 00:00:00,null,null,null
AMNS,2024-2025,98,L00098/24-25,DI,O,INVOICE-E-2024-2025-98-1.pdf,null,null,null,null,Y,NAKUL ASHOK RAHEJA,04/03/2025 00:00:00,null,null,null
AMNS,2024-2025,98,L00098/24-25,DI,D,INVOICE-E-2024-2025-98-1.pdf,null,null,null,null,Y,NAKUL ASHOK RAHEJA,04/03/2025 00:00:00,null,null,null
AMNS,2024-2025,102,L00102/24-25,DI,D,INVOICE-E-2024-2025-102-1.pdf,null,null,null,null,Y,NAKUL ASHOK RAHEJA,01/07/2025 00:00:00,null,null,null
AMNS,2024-2025,102,L00102/24-25,DI,O,INVOICE-E-2024-2025-102-1.pdf,null,null,null,null,Y,NAKUL ASHOK RAHEJA,01/07/2025 00:00:00,null,null,null
AMNS,2021-2022,144,L00144/21-22,LP,O,INVOICE-16082021-AMNS-ARCELORMITTAL_NIPPON_STEEL_INDIA_LIMITED-M-144,49,16/08/2021 00:00:00,null,null,Y,NAKUL ASHOK RAHEJA,16/08/2021 00:00:00,null,null,null
AMNS,2021-2022,144,L00144/21-22,LP,D,INVOICE-16082021-AMNS-ARCELORMITTAL_NIPPON_STEEL_INDIA_LIMITED-M-144,49,16/08/2021 00:00:00,null,null,Y,NAKUL ASHOK RAHEJA,16/08/2021 00:00:00,null,null,null
AMNS,2021-2022,144,L00144/21-22,LP,T,INVOICE-16082021-AMNS-ARCELORMITTAL_NIPPON_STEEL_INDIA_LIMITED-M-144,49,16/08/2021 00:00:00,null,null,Y,NAKUL ASHOK RAHEJA,16/08/2021 00:00:00,null,null,null
AMNS,2020-2021,331,L00331/20-21,LP,O,INVOICE-08102020-AMNS-ARCELORMITTAL_NIPPON_STEEL_INDIA_LIMITED-M-331,23,10/10/2020 00:00:00,null,null,null,null,null,null,null,null
AMNS,2020-2021,331,L00331/20-21,LP,D,INVOICE-08102020-AMNS-ARCELORMITTAL_NIPPON_STEEL_INDIA_LIMITED-M-331,23,10/10/2020 00:00:00,null,null,null,null,null,null,null,null
AMNS,2020-2021,332,L00332/20-21,LP,O,INVOICE-08102020-AMNS-AMNS-M-332,23,10/10/2020 00:00:00,null,null,Y,NAKUL ASHOK RAHEJA,28/09/2023 00:00:00,null,null,null
AMNS,2020-2021,332,L00332/20-21,LP,O,INVOICE-08102020-AMNS-ARCELORMITTAL_NIPPON_STEEL_INDIA_LIMITED-M-332,23,10/10/2020 00:00:00,null,null,null,null,null,null,null,null
AMNS,2020-2021,332,L00332/20-21,LP,D,INVOICE-08102020-AMNS-ARCELORMITTAL_NIPPON_STEEL_INDIA_LIMITED-M-332,23,10/10/2020 00:00:00,null,null,null,null,null,null,null,null
AMNS,2020-2021,333,L00333/20-21,LP,O,INVOICE-08102020-AMNS-ARCELORMITTAL_NIPPON_STEEL_INDIA_LIMITED-M-333,23,10/10/2020 00:00:00,null,null,null,null,null,null,null,null
AMNS,2020-2021,333,L00333/20-21,LP,D,INVOICE-08102020-AMNS-ARCELORMITTAL_NIPPON_STEEL_INDIA_LIMITED-M-333,23,10/10/2020 00:00:00,null,null,null,null,null,null,null,null
AMNS,2021-2022,206,L00206/21-22,LP,O,INVOICE-07012022-AMNS-ARCELORMITTAL_NIPPON_STEEL_INDIA_LIMITED-M-206,23,07/01/2022 00:00:00,null,null,Y,NAKUL ASHOK RAHEJA,07/01/2022 00:00:00,null,null,null
AMNS,2021-2022,206,L00206/21-22,LP,D,INVOICE-07012022-AMNS-ARCELORMITTAL_NIPPON_STEEL_INDIA_LIMITED-M-206,23,07/01/2022 00:00:00,null,null,Y,NAKUL ASHOK RAHEJA,07/01/2022 00:00:00,null,null,null
AMNS,2021-2022,206,L00206/21-22,LP,T,INVOICE-07012022-AMNS-ARCELORMITTAL_NIPPON_STEEL_INDIA_LIMITED-M-206,23,07/01/2022 00:00:00,null,null,Y,NAKUL ASHOK RAHEJA,07/01/2022 00:00:00,null,null,null
AMNS,2020-2021,334,L00334/20-21,LP,O,INVOICE-08102020-AMNS-ARCELORMITTAL_NIPPON_STEEL_INDIA_LIMITED-M-334,23,10/10/2020 00:00:00,null,null,null,null,null,null,null,null
AMNS,2020-2021,334,L00334/20-21,LP,D,INVOICE-08102020-AMNS-ARCELORMITTAL_NIPPON_STEEL_INDIA_LIMITED-M-334,23,10/10/2020 00:00:00,null,null,null,null,null,null,null,null
AMNS,2021-2022,205,L00205/21-22,LP,O,INVOICE-07012022-AMNS-ARCELORMITTAL_NIPPON_STEEL_INDIA_LIMITED-M-205,23,07/01/2022 00:00:00,null,null,Y,NAKUL ASHOK RAHEJA,07/01/2022 00:00:00,null,null,null
AMNS,2021-2022,205,L00205/21-22,LP,D,INVOICE-07012022-AMNS-ARCELORMITTAL_NIPPON_STEEL_INDIA_LIMITED-M-205,23,07/01/2022 00:00:00,null,null,Y,NAKUL ASHOK RAHEJA,07/01/2022 00:00:00,null,null,null
AMNS,2021-2022,205,L00205/21-22,LP,T,INVOICE-07012022-AMNS-ARCELORMITTAL_NIPPON_STEEL_INDIA_LIMITED-M-205,23,07/01/2022 00:00:00,null,null,Y,NAKUL ASHOK RAHEJA,07/01/2022 00:00:00,null,null,null
AMNS,2021-2022,203,L00203/21-22,LP,O,INVOICE-29122021-AMNS-ARCELORMITTAL_NIPPON_STEEL_INDIA_LIMITED-M-203,23,29/12/2021 00:00:00,null,null,Y,NAKUL ASHOK RAHEJA,29/12/2021 00:00:00,null,null,null
AMNS,2021-2022,203,L00203/21-22,LP,D,INVOICE-29122021-AMNS-ARCELORMITTAL_NIPPON_STEEL_INDIA_LIMITED-M-203,23,29/12/2021 00:00:00,null,null,Y,NAKUL ASHOK RAHEJA,29/12/2021 00:00:00,null,null,null
AMNS,2021-2022,203,L00203/21-22,LP,T,INVOICE-29122021-AMNS-ARCELORMITTAL_NIPPON_STEEL_INDIA_LIMITED-M-203,23,29/12/2021 00:00:00,null,null,Y,NAKUL ASHOK RAHEJA,29/12/2021 00:00:00,null,null,null
AMNS,2021-2022,211,L00211/21-22,LP,O,INVOICE-13012022-AMNS-ARCELORMITTAL_NIPPON_STEEL_INDIA_LIMITED-M-211,23,13/01/2022 00:00:00,null,null,Y,NAKUL ASHOK RAHEJA,13/01/2022 00:00:00,null,null,null
AMNS,2021-2022,211,L00211/21-22,LP,D,INVOICE-13012022-AMNS-ARCELORMITTAL_NIPPON_STEEL_INDIA_LIMITED-M-211,23,13/01/2022 00:00:00,null,null,Y,NAKUL ASHOK RAHEJA,13/01/2022 00:00:00,null,null,null
AMNS,2021-2022,211,L00211/21-22,LP,T,INVOICE-13012022-AMNS-ARCELORMITTAL_NIPPON_STEEL_INDIA_LIMITED-M-211,23,13/01/2022 00:00:00,null,null,Y,NAKUL ASHOK RAHEJA,13/01/2022 00:00:00,null,null,null
AMNS,2021-2022,213,L00213/21-22,LP,D,INVOICE-21012022-AMNS-ARCELORMITTAL_NIPPON_STEEL_INDIA_LIMITED-M-213,6,21/01/2022 00:00:00,null,null,Y,ROHIT MALHOTRA,21/01/2022 00:00:00,null,null,null
AMNS,2021-2022,213,L00213/21-22,LP,T,INVOICE-21012022-AMNS-ARCELORMITTAL_NIPPON_STEEL_INDIA_LIMITED-M-213,113,21/01/2022 00:00:00,null,null,Y,NAKUL ASHOK RAHEJA,27/01/2022 00:00:00,null,null,null
AMNS,2021-2022,213,L00213/21-22,LP,O,INVOICE-21012022-AMNS-ARCELORMITTAL_NIPPON_STEEL_INDIA_LIMITED-M-213,6,21/01/2022 00:00:00,null,null,Y,ROHIT MALHOTRA,21/01/2022 00:00:00,null,null,null
AMNS,2021-2022,217,L00217/21-22,LP,O,INVOICE-27012022-AMNS-ARCELORMITTAL_NIPPON_STEEL_INDIA_LIMITED-M-217,49,27/01/2022 00:00:00,null,null,Y,NAKUL ASHOK RAHEJA,27/01/2022 00:00:00,null,null,null
AMNS,2021-2022,217,L00217/21-22,LP,D,INVOICE-27012022-AMNS-ARCELORMITTAL_NIPPON_STEEL_INDIA_LIMITED-M-217,49,27/01/2022 00:00:00,null,null,Y,NAKUL ASHOK RAHEJA,27/01/2022 00:00:00,null,null,null
AMNS,2021-2022,217,L00217/21-22,LP,T,INVOICE-27012022-AMNS-ARCELORMITTAL_NIPPON_STEEL_INDIA_LIMITED-M-217,49,27/01/2022 00:00:00,null,null,Y,NAKUL ASHOK RAHEJA,27/01/2022 00:00:00,null,null,null
AMNS,2021-2022,219,L00219/21-22,LP,O,INVOICE-31012022-AMNS-ARCELORMITTAL_NIPPON_STEEL_INDIA_LIMITED-M-219,49,01/02/2022 00:00:00,null,null,null,null,null,null,null,null
AMNS,2021-2022,219,L00219/21-22,LP,D,INVOICE-31012022-AMNS-ARCELORMITTAL_NIPPON_STEEL_INDIA_LIMITED-M-219,49,01/02/2022 00:00:00,null,null,null,null,null,null,null,null
AMNS,2021-2022,219,L00219/21-22,LP,T,INVOICE-31012022-AMNS-ARCELORMITTAL_NIPPON_STEEL_INDIA_LIMITED-M-219,49,01/02/2022 00:00:00,null,null,null,null,null,null,null,null
AMNS,2021-2022,228,L00228/21-22,LP,O,INVOICE-25022022-AMNS-ARCELORMITTAL_NIPPON_STEEL_INDIA_LIMITED-M-228,49,25/02/2022 00:00:00,null,null,Y,NAKUL ASHOK RAHEJA,25/02/2022 00:00:00,null,null,null
AMNS,2021-2022,228,L00228/21-22,LP,D,INVOICE-25022022-AMNS-ARCELORMITTAL_NIPPON_STEEL_INDIA_LIMITED-M-228,49,25/02/2022 00:00:00,null,null,Y,NAKUL ASHOK RAHEJA,25/02/2022 00:00:00,null,null,null
AMNS,2021-2022,228,L00228/21-22,LP,T,INVOICE-25022022-AMNS-ARCELORMITTAL_NIPPON_STEEL_INDIA_LIMITED-M-228,49,25/02/2022 00:00:00,null,null,Y,NAKUL ASHOK RAHEJA,25/02/2022 00:00:00,null,null,null
AMNS,2021-2022,236,L00236/21-22,LP,O,INVOICE-08032022-AMNS-ARCELORMITTAL_NIPPON_STEEL_INDIA_LIMITED-M-236,49,08/03/2022 00:00:00,null,null,Y,NAKUL ASHOK RAHEJA,08/03/2022 00:00:00,null,null,null
AMNS,2021-2022,236,L00236/21-22,LP,D,INVOICE-08032022-AMNS-ARCELORMITTAL_NIPPON_STEEL_INDIA_LIMITED-M-236,49,08/03/2022 00:00:00,null,null,Y,NAKUL ASHOK RAHEJA,08/03/2022 00:00:00,null,null,null
AMNS,2021-2022,236,L00236/21-22,LP,T,INVOICE-08032022-AMNS-ARCELORMITTAL_NIPPON_STEEL_INDIA_LIMITED-M-236,49,08/03/2022 00:00:00,null,null,Y,NAKUL ASHOK RAHEJA,08/03/2022 00:00:00,null,null,null
AMNS,2021-2022,237,L00237/21-22,LP,O,INVOICE-08032022-AMNS-ARCELORMITTAL_NIPPON_STEEL_INDIA_LIMITED-M-237,49,08/03/2022 00:00:00,null,null,Y,NAKUL ASHOK RAHEJA,08/03/2022 00:00:00,null,null,null
AMNS,2021-2022,237,L00237/21-22,LP,D,INVOICE-08032022-AMNS-ARCELORMITTAL_NIPPON_STEEL_INDIA_LIMITED-M-237,49,08/03/2022 00:00:00,null,null,Y,NAKUL ASHOK RAHEJA,08/03/2022 00:00:00,null,null,null
AMNS,2021-2022,237,L00237/21-22,LP,T,INVOICE-08032022-AMNS-ARCELORMITTAL_NIPPON_STEEL_INDIA_LIMITED-M-237,49,08/03/2022 00:00:00,null,null,Y,NAKUL ASHOK RAHEJA,08/03/2022 00:00:00,null,null,null
AMNS,2022-2023,11,L00011/22-23,LP,O,INVOICE-28042022-AMNS-ARCELORMITTAL_NIPPON_STEEL_INDIA_LIMITED-M-11,49,28/04/2022 00:00:00,null,null,Y,NAKUL ASHOK RAHEJA,28/04/2022 00:00:00,null,null,null
AMNS,2022-2023,11,L00011/22-23,LP,D,INVOICE-28042022-AMNS-ARCELORMITTAL_NIPPON_STEEL_INDIA_LIMITED-M-11,49,28/04/2022 00:00:00,null,null,Y,NAKUL ASHOK RAHEJA,28/04/2022 00:00:00,null,null,null
AMNS,2022-2023,11,L00011/22-23,LP,T,INVOICE-28042022-AMNS-ARCELORMITTAL_NIPPON_STEEL_INDIA_LIMITED-M-11,49,28/04/2022 00:00:00,null,null,Y,NAKUL ASHOK RAHEJA,28/04/2022 00:00:00,null,null,null
AMNS,2022-2023,12,L00012/22-23,LP,O,INVOICE-28042022-AMNS-ARCELORMITTAL_NIPPON_STEEL_INDIA_LIMITED-M-12,49,28/04/2022 00:00:00,null,null,Y,NAKUL ASHOK RAHEJA,28/04/2022 00:00:00,null,null,null
AMNS,2022-2023,12,L00012/22-23,LP,D,INVOICE-28042022-AMNS-ARCELORMITTAL_NIPPON_STEEL_INDIA_LIMITED-M-12,49,28/04/2022 00:00:00,null,null,Y,NAKUL ASHOK RAHEJA,28/04/2022 00:00:00,null,null,null
AMNS,2022-2023,12,L00012/22-23,LP,T,INVOICE-28042022-AMNS-ARCELORMITTAL_NIPPON_STEEL_INDIA_LIMITED-M-12,49,28/04/2022 00:00:00,null,null,Y,NAKUL ASHOK RAHEJA,28/04/2022 00:00:00,null,null,null
AMNS,2022-2023,13,L00013/22-23,LP,O,INVOICE-28042022-AMNS-ARCELORMITTAL_NIPPON_STEEL_INDIA_LIMITED-M-13,49,28/04/2022 00:00:00,null,null,Y,NAKUL ASHOK RAHEJA,28/04/2022 00:00:00,null,null,null
AMNS,2022-2023,13,L00013/22-23,LP,D,INVOICE-28042022-AMNS-ARCELORMITTAL_NIPPON_STEEL_INDIA_LIMITED-M-13,49,28/04/2022 00:00:00,null,null,Y,NAKUL ASHOK RAHEJA,28/04/2022 00:00:00,null,null,null
AMNS,2022-2023,13,L00013/22-23,LP,T,INVOICE-28042022-AMNS-ARCELORMITTAL_NIPPON_STEEL_INDIA_LIMITED-M-13,49,28/04/2022 00:00:00,null,null,Y,NAKUL ASHOK RAHEJA,28/04/2022 00:00:00,null,null,null
AMNS,2022-2023,19,L00019/22-23,LP,D,INVOICE-10052022-AMNS-ARCELORMITTAL_NIPPON_STEEL_INDIA_LIMITED-M-19,49,10/05/2022 00:00:00,null,null,Y,NAKUL ASHOK RAHEJA,10/05/2022 00:00:00,null,null,null
AMNS,2022-2023,19,L00019/22-23,LP,T,INVOICE-10052022-AMNS-ARCELORMITTAL_NIPPON_STEEL_INDIA_LIMITED-M-19,49,10/05/2022 00:00:00,null,null,Y,NAKUL ASHOK RAHEJA,10/05/2022 00:00:00,null,null,null
AMNS,2022-2023,19,L00019/22-23,LP,O,INVOICE-10052022-AMNS-ARCELORMITTAL_NIPPON_STEEL_INDIA_LIMITED-M-19,49,10/05/2022 00:00:00,null,null,Y,NAKUL ASHOK RAHEJA,10/05/2022 00:00:00,null,null,null
AMNS,2022-2023,32,L00032/22-23,LP,O,INVOICE-31052022-AMNS-ARCELORMITTAL_NIPPON_STEEL_INDIA_LIMITED-M-32,49,01/06/2022 00:00:00,null,null,null,null,null,null,null,null
AMNS,2022-2023,32,L00032/22-23,LP,D,INVOICE-31052022-AMNS-ARCELORMITTAL_NIPPON_STEEL_INDIA_LIMITED-M-32,49,01/06/2022 00:00:00,null,null,null,null,null,null,null,null
AMNS,2022-2023,32,L00032/22-23,LP,T,INVOICE-31052022-AMNS-ARCELORMITTAL_NIPPON_STEEL_INDIA_LIMITED-M-32,49,01/06/2022 00:00:00,null,null,null,null,null,null,null,null
AMNS,2021-2022,26,I0026/21-22,LP,O,INVOICE-07012022-AMNS-AMNS-M-I-26,23,07/01/2022 00:00:00,null,null,Y,NAKUL ASHOK RAHEJA,07/01/2022 00:00:00,null,null,null
AMNS,2021-2022,26,I0026/21-22,LP,D,INVOICE-07012022-AMNS-AMNS-M-I-26,23,07/01/2022 00:00:00,null,null,Y,NAKUL ASHOK RAHEJA,07/01/2022 00:00:00,null,null,null
AMNS,2021-2022,26,I0026/21-22,LP,T,INVOICE-07012022-AMNS-AMNS-M-I-26,23,07/01/2022 00:00:00,null,null,Y,NAKUL ASHOK RAHEJA,07/01/2022 00:00:00,null,null,null
AMNS,2021-2022,27,I0027/21-22,LP,O,INVOICE-13012022-AMNS-AMNS-M-I-27,23,13/01/2022 00:00:00,null,null,Y,NAKUL ASHOK RAHEJA,13/01/2022 00:00:00,null,null,null
AMNS,2021-2022,27,I0027/21-22,LP,D,INVOICE-13012022-AMNS-AMNS-M-I-27,23,13/01/2022 00:00:00,null,null,Y,NAKUL ASHOK RAHEJA,13/01/2022 00:00:00,null,null,null
AMNS,2021-2022,27,I0027/21-22,LP,T,INVOICE-13012022-AMNS-AMNS-M-I-27,23,13/01/2022 00:00:00,null,null,Y,NAKUL ASHOK RAHEJA,13/01/2022 00:00:00,null,null,null
AMNS,2021-2022,28,I0028/21-22,LP,O,INVOICE-28012022-AMNS-AMNS-M-I-28,23,28/01/2022 00:00:00,null,null,Y,NAKUL ASHOK RAHEJA,28/01/2022 00:00:00,null,null,null
AMNS,2021-2022,28,I0028/21-22,LP,D,INVOICE-28012022-AMNS-AMNS-M-I-28,23,28/01/2022 00:00:00,null,null,Y,NAKUL ASHOK RAHEJA,28/01/2022 00:00:00,null,null,null
AMNS,2021-2022,28,I0028/21-22,LP,T,INVOICE-28012022-AMNS-AMNS-M-I-28,23,28/01/2022 00:00:00,null,null,Y,NAKUL ASHOK RAHEJA,28/01/2022 00:00:00,null,null,null
AMNS,2022-2023,47,L00047/22-23,LP,O,INVOICE-30062022-AMNS-ARCELORMITTAL_NIPPON_STEEL_INDIA_LIMITED-M-47,130,01/07/2022 00:00:00,null,null,null,null,null,null,null,null
AMNS,2022-2023,47,L00047/22-23,LP,D,INVOICE-30062022-AMNS-ARCELORMITTAL_NIPPON_STEEL_INDIA_LIMITED-M-47,130,01/07/2022 00:00:00,null,null,null,null,null,null,null,null
AMNS,2022-2023,47,L00047/22-23,LP,T,INVOICE-30062022-AMNS-ARCELORMITTAL_NIPPON_STEEL_INDIA_LIMITED-M-47,130,01/07/2022 00:00:00,null,null,null,null,null,null,null,null
AMNS,2022-2023,69,L00069/22-23,LP,O,INVOICE-31072022-AMNS-ARCELORMITTAL_NIPPON_STEEL_INDIA_LIMITED-M-69,130,01/08/2022 00:00:00,null,null,null,null,null,null,null,null
AMNS,2022-2023,69,L00069/22-23,LP,D,INVOICE-31072022-AMNS-ARCELORMITTAL_NIPPON_STEEL_INDIA_LIMITED-M-69,130,01/08/2022 00:00:00,null,null,null,null,null,null,null,null
AMNS,2022-2023,69,L00069/22-23,LP,T,INVOICE-31072022-AMNS-ARCELORMITTAL_NIPPON_STEEL_INDIA_LIMITED-M-69,130,01/08/2022 00:00:00,null,null,null,null,null,null,null,null
AMNS,2022-2023,73,L00073/22-23,LP,D,INVOICE-08082022-AMNS-ARCELORMITTAL_NIPPON_STEEL_INDIA_LIMITED-M-73,130,08/08/2022 00:00:00,null,null,Y,NAKUL ASHOK RAHEJA,08/08/2022 00:00:00,null,null,null
AMNS,2022-2023,73,L00073/22-23,LP,T,INVOICE-08082022-AMNS-ARCELORMITTAL_NIPPON_STEEL_INDIA_LIMITED-M-73,130,08/08/2022 00:00:00,null,null,Y,NAKUL ASHOK RAHEJA,08/08/2022 00:00:00,null,null,null
AMNS,2022-2023,73,L00073/22-23,LP,O,INVOICE-08082022-AMNS-ARCELORMITTAL_NIPPON_STEEL_INDIA_LIMITED-M-73,49,08/08/2022 00:00:00,null,null,Y,NAKUL ASHOK RAHEJA,08/08/2022 00:00:00,null,null,null
AMNS,2022-2023,74,L00074/22-23,LP,D,INVOICE-08082022-AMNS-ARCELORMITTAL_NIPPON_STEEL_INDIA_LIMITED-M-74,130,08/08/2022 00:00:00,null,null,Y,NAKUL ASHOK RAHEJA,08/08/2022 00:00:00,null,null,null
AMNS,2022-2023,74,L00074/22-23,LP,T,INVOICE-08082022-AMNS-ARCELORMITTAL_NIPPON_STEEL_INDIA_LIMITED-M-74,130,08/08/2022 00:00:00,null,null,Y,NAKUL ASHOK RAHEJA,08/08/2022 00:00:00,null,null,null
AMNS,2022-2023,74,L00074/22-23,LP,O,INVOICE-08082022-AMNS-ARCELORMITTAL_NIPPON_STEEL_INDIA_LIMITED-M-74,49,08/08/2022 00:00:00,null,null,Y,NAKUL ASHOK RAHEJA,08/08/2022 00:00:00,null,null,null
AMNS,2022-2023,84,L00084/22-23,LP,O,INVOICE-22082022-AMNS-ARCELORMITTAL_NIPPON_STEEL_INDIA_LIMITED-M-84,23,22/08/2022 00:00:00,null,null,Y,NAKUL ASHOK RAHEJA,22/08/2022 00:00:00,null,null,null
AMNS,2022-2023,84,L00084/22-23,LP,D,INVOICE-22082022-AMNS-ARCELORMITTAL_NIPPON_STEEL_INDIA_LIMITED-M-84,23,22/08/2022 00:00:00,null,null,Y,NAKUL ASHOK RAHEJA,22/08/2022 00:00:00,null,null,null
AMNS,2022-2023,84,L00084/22-23,LP,T,INVOICE-22082022-AMNS-ARCELORMITTAL_NIPPON_STEEL_INDIA_LIMITED-M-84,23,22/08/2022 00:00:00,null,null,Y,NAKUL ASHOK RAHEJA,22/08/2022 00:00:00,null,null,null
AMNS,2022-2023,85,L00085/22-23,LP,O,INVOICE-22082022-AMNS-ARCELORMITTAL_NIPPON_STEEL_INDIA_LIMITED-M-85,130,22/08/2022 00:00:00,null,null,Y,NAKUL ASHOK RAHEJA,22/08/2022 00:00:00,null,null,null
AMNS,2022-2023,85,L00085/22-23,LP,D,INVOICE-22082022-AMNS-ARCELORMITTAL_NIPPON_STEEL_INDIA_LIMITED-M-85,130,22/08/2022 00:00:00,null,null,Y,NAKUL ASHOK RAHEJA,22/08/2022 00:00:00,null,null,null
AMNS,2022-2023,85,L00085/22-23,LP,T,INVOICE-22082022-AMNS-ARCELORMITTAL_NIPPON_STEEL_INDIA_LIMITED-M-85,130,22/08/2022 00:00:00,null,null,Y,NAKUL ASHOK RAHEJA,22/08/2022 00:00:00,null,null,null
AMNS,2022-2023,1,I0001/22-23,LP,O,INVOICE-11052022-AMNS-ARCELORMITTAL_NIPPON_STEEL_INDIA_LIMITED-I-1,23,11/05/2022 00:00:00,null,null,Y,NAKUL ASHOK RAHEJA,11/05/2022 00:00:00,null,null,null
AMNS,2022-2023,1,I0001/22-23,LP,D,INVOICE-11052022-AMNS-ARCELORMITTAL_NIPPON_STEEL_INDIA_LIMITED-I-1,23,11/05/2022 00:00:00,null,null,Y,NAKUL ASHOK RAHEJA,11/05/2022 00:00:00,null,null,null
AMNS,2022-2023,1,I0001/22-23,LP,T,INVOICE-11052022-AMNS-ARCELORMITTAL_NIPPON_STEEL_INDIA_LIMITED-I-1,23,11/05/2022 00:00:00,null,null,Y,NAKUL ASHOK RAHEJA,11/05/2022 00:00:00,null,null,null
AMNS,2022-2023,86,L00086/22-23,LP,O,INVOICE-22082022-AMNS-ARCELORMITTAL_NIPPON_STEEL_INDIA_LIMITED-M-86,130,22/08/2022 00:00:00,null,null,Y,NAKUL ASHOK RAHEJA,22/08/2022 00:00:00,null,null,null
AMNS,2022-2023,86,L00086/22-23,LP,D,INVOICE-22082022-AMNS-ARCELORMITTAL_NIPPON_STEEL_INDIA_LIMITED-M-86,130,22/08/2022 00:00:00,null,null,Y,NAKUL ASHOK RAHEJA,22/08/2022 00:00:00,null,null,null
AMNS,2022-2023,86,L00086/22-23,LP,T,INVOICE-22082022-AMNS-ARCELORMITTAL_NIPPON_STEEL_INDIA_LIMITED-M-86,130,22/08/2022 00:00:00,null,null,Y,NAKUL ASHOK RAHEJA,22/08/2022 00:00:00,null,null,null
AMNS,2022-2023,93,L00093/22-23,LP,O,INVOICE-01092022-AMNS-ARCELORMITTAL_NIPPON_STEEL_INDIA_LIMITED-M-93,130,01/09/2022 00:00:00,null,null,Y,NAKUL ASHOK RAHEJA,01/09/2022 00:00:00,null,null,null
AMNS,2022-2023,93,L00093/22-23,LP,D,INVOICE-01092022-AMNS-ARCELORMITTAL_NIPPON_STEEL_INDIA_LIMITED-M-93,130,01/09/2022 00:00:00,null,null,Y,NAKUL ASHOK RAHEJA,01/09/2022 00:00:00,null,null,null
AMNS,2022-2023,93,L00093/22-23,LP,T,INVOICE-01092022-AMNS-ARCELORMITTAL_NIPPON_STEEL_INDIA_LIMITED-M-93,130,01/09/2022 00:00:00,null,null,Y,NAKUL ASHOK RAHEJA,01/09/2022 00:00:00,null,null,null
AMNS,2022-2023,118,L00118/22-23,LP,O,INVOICE-10102022-AMNS-AMNS-M-118,130,10/10/2022 00:00:00,null,null,Y,NAKUL ASHOK RAHEJA,10/10/2022 00:00:00,null,null,null
AMNS,2022-2023,118,L00118/22-23,LP,D,INVOICE-10102022-AMNS-AMNS-M-118,130,10/10/2022 00:00:00,null,null,Y,NAKUL ASHOK RAHEJA,10/10/2022 00:00:00,null,null,null
AMNS,2022-2023,118,L00118/22-23,LP,T,INVOICE-10102022-AMNS-AMNS-M-118,130,10/10/2022 00:00:00,null,null,Y,NAKUL ASHOK RAHEJA,10/10/2022 00:00:00,null,null,null
AMNS,2022-2023,120,L00120/22-23,LP,O,INVOICE-10102022-AMNS-AMNS-M-120,130,10/10/2022 00:00:00,null,null,Y,NAKUL ASHOK RAHEJA,10/10/2022 00:00:00,null,null,null
AMNS,2022-2023,120,L00120/22-23,LP,D,INVOICE-10102022-AMNS-AMNS-M-120,130,10/10/2022 00:00:00,null,null,Y,NAKUL ASHOK RAHEJA,10/10/2022 00:00:00,null,null,null
AMNS,2022-2023,120,L00120/22-23,LP,T,INVOICE-10102022-AMNS-AMNS-M-120,130,10/10/2022 00:00:00,null,null,Y,NAKUL ASHOK RAHEJA,10/10/2022 00:00:00,null,null,null
AMNS,2022-2023,121,L00121/22-23,LP,O,INVOICE-10102022-AMNS-AMNS-M-121,130,10/10/2022 00:00:00,null,null,Y,NAKUL ASHOK RAHEJA,10/10/2022 00:00:00,null,null,null
AMNS,2022-2023,121,L00121/22-23,LP,D,INVOICE-10102022-AMNS-AMNS-M-121,130,10/10/2022 00:00:00,null,null,Y,NAKUL ASHOK RAHEJA,10/10/2022 00:00:00,null,null,null
AMNS,2022-2023,121,L00121/22-23,LP,T,INVOICE-10102022-AMNS-AMNS-M-121,130,10/10/2022 00:00:00,null,null,Y,NAKUL ASHOK RAHEJA,10/10/2022 00:00:00,null,null,null
AMNS,2022-2023,122,L00122/22-23,LP,O,INVOICE-10102022-AMNS-AMNS-M-122,130,10/10/2022 00:00:00,null,null,Y,NAKUL ASHOK RAHEJA,10/10/2022 00:00:00,null,null,null
AMNS,2022-2023,122,L00122/22-23,LP,D,INVOICE-10102022-AMNS-AMNS-M-122,130,10/10/2022 00:00:00,null,null,Y,NAKUL ASHOK RAHEJA,10/10/2022 00:00:00,null,null,null
AMNS,2022-2023,122,L00122/22-23,LP,T,INVOICE-10102022-AMNS-AMNS-M-122,130,10/10/2022 00:00:00,null,null,Y,NAKUL ASHOK RAHEJA,10/10/2022 00:00:00,null,null,null
AMNS,2022-2023,123,L00123/22-23,LP,O,INVOICE-10102022-AMNS-AMNS-M-123,130,10/10/2022 00:00:00,null,null,Y,NAKUL ASHOK RAHEJA,10/10/2022 00:00:00,null,null,null
AMNS,2022-2023,123,L00123/22-23,LP,D,INVOICE-10102022-AMNS-AMNS-M-123,130,10/10/2022 00:00:00,null,null,Y,NAKUL ASHOK RAHEJA,10/10/2022 00:00:00,null,null,null
AMNS,2022-2023,123,L00123/22-23,LP,T,INVOICE-10102022-AMNS-AMNS-M-123,130,10/10/2022 00:00:00,null,null,Y,NAKUL ASHOK RAHEJA,10/10/2022 00:00:00,null,null,null
AMNS,2022-2023,119,L00119/22-23,LP,O,INVOICE-10102022-AMNS-AMNS-M-119,130,10/10/2022 00:00:00,null,null,Y,NAKUL ASHOK RAHEJA,10/10/2022 00:00:00,null,null,null
AMNS,2022-2023,119,L00119/22-23,LP,D,INVOICE-10102022-AMNS-AMNS-M-119,130,10/10/2022 00:00:00,null,null,Y,NAKUL ASHOK RAHEJA,10/10/2022 00:00:00,null,null,null
AMNS,2022-2023,119,L00119/22-23,LP,T,INVOICE-10102022-AMNS-AMNS-M-119,130,10/10/2022 00:00:00,null,null,Y,NAKUL ASHOK RAHEJA,10/10/2022 00:00:00,null,null,null
AMNS,2022-2023,124,L00124/22-23,LP,O,INVOICE-10102022-AMNS-AMNS-M-124,130,10/10/2022 00:00:00,null,null,Y,NAKUL ASHOK RAHEJA,10/10/2022 00:00:00,null,null,null
AMNS,2022-2023,124,L00124/22-23,LP,D,INVOICE-10102022-AMNS-AMNS-M-124,130,10/10/2022 00:00:00,null,null,Y,NAKUL ASHOK RAHEJA,10/10/2022 00:00:00,null,null,null
AMNS,2022-2023,124,L00124/22-23,LP,T,INVOICE-10102022-AMNS-AMNS-M-124,130,10/10/2022 00:00:00,null,null,Y,NAKUL ASHOK RAHEJA,10/10/2022 00:00:00,null,null,null
AMNS,2022-2023,135,L00135/22-23,LP,T,INVOICE-18102022-AMNS-AMNS-M-135,153,18/10/2022 00:00:00,null,null,Y,NAKUL ASHOK RAHEJA,18/10/2022 00:00:00,null,null,null
AMNS,2022-2023,135,L00135/22-23,LP,O,INVOICE-18102022-AMNS-AMNS-M-135,153,18/10/2022 00:00:00,null,null,Y,NAKUL ASHOK RAHEJA,18/10/2022 00:00:00,null,null,null
AMNS,2022-2023,135,L00135/22-23,LP,D,INVOICE-18102022-AMNS-AMNS-M-135,153,18/10/2022 00:00:00,null,null,Y,NAKUL ASHOK RAHEJA,18/10/2022 00:00:00,null,null,null
AMNS,2022-2023,136,L00136/22-23,LP,O,INVOICE-18102022-AMNS-AMNS-M-136,153,18/10/2022 00:00:00,null,null,Y,NAKUL ASHOK RAHEJA,18/10/2022 00:00:00,null,null,null
AMNS,2022-2023,136,L00136/22-23,LP,T,INVOICE-18102022-AMNS-AMNS-M-136,153,18/10/2022 00:00:00,null,null,Y,NAKUL ASHOK RAHEJA,18/10/2022 00:00:00,null,null,null
AMNS,2022-2023,136,L00136/22-23,LP,D,INVOICE-18102022-AMNS-AMNS-M-136,153,18/10/2022 00:00:00,null,null,Y,NAKUL ASHOK RAHEJA,18/10/2022 00:00:00,null,null,null
AMNS,2022-2023,137,L00137/22-23,LP,O,INVOICE-18102022-AMNS-AMNS-M-137,153,18/10/2022 00:00:00,null,null,Y,NAKUL ASHOK RAHEJA,18/10/2022 00:00:00,null,null,null
AMNS,2022-2023,137,L00137/22-23,LP,D,INVOICE-18102022-AMNS-AMNS-M-137,153,18/10/2022 00:00:00,null,null,Y,NAKUL ASHOK RAHEJA,18/10/2022 00:00:00,null,null,null
AMNS,2022-2023,137,L00137/22-23,LP,T,INVOICE-18102022-AMNS-AMNS-M-137,153,18/10/2022 00:00:00,null,null,Y,NAKUL ASHOK RAHEJA,18/10/2022 00:00:00,null,null,null
AMNS,2022-2023,147,L00147/22-23,LP,O,INVOICE-21112022-AMNS-AMNS-M-147,49,21/11/2022 00:00:00,null,null,Y,NAKUL ASHOK RAHEJA,21/11/2022 00:00:00,null,null,null
AMNS,2022-2023,147,L00147/22-23,LP,D,INVOICE-21112022-AMNS-AMNS-M-147,49,21/11/2022 00:00:00,null,null,Y,NAKUL ASHOK RAHEJA,21/11/2022 00:00:00,null,null,null
AMNS,2022-2023,147,L00147/22-23,LP,T,INVOICE-21112022-AMNS-AMNS-M-147,49,21/11/2022 00:00:00,null,null,Y,NAKUL ASHOK RAHEJA,21/11/2022 00:00:00,null,null,null
AMNS,2022-2023,155,L00155/22-23,LP,O,INVOICE-30112022-AMNS-AMNS-M-155,49,01/12/2022 00:00:00,null,null,Y,NAKUL ASHOK RAHEJA,01/12/2022 00:00:00,null,null,null
AMNS,2022-2023,155,L00155/22-23,LP,D,INVOICE-30112022-AMNS-AMNS-M-155,49,01/12/2022 00:00:00,null,null,Y,NAKUL ASHOK RAHEJA,01/12/2022 00:00:00,null,null,null
AMNS,2022-2023,155,L00155/22-23,LP,T,INVOICE-30112022-AMNS-AMNS-M-155,49,01/12/2022 00:00:00,null,null,Y,NAKUL ASHOK RAHEJA,01/12/2022 00:00:00,null,null,null
AMNS,2022-2023,156,L00156/22-23,LP,O,INVOICE-06122022-AMNS-AMNS-M-156,130,06/12/2022 00:00:00,null,null,Y,NAKUL ASHOK RAHEJA,07/12/2022 00:00:00,null,null,null
AMNS,2022-2023,156,L00156/22-23,LP,T,INVOICE-06122022-AMNS-AMNS-M-156,130,06/12/2022 00:00:00,null,null,Y,NAKUL ASHOK RAHEJA,07/12/2022 00:00:00,null,null,null
AMNS,2022-2023,156,L00156/22-23,LP,D,INVOICE-06122022-AMNS-AMNS-M-156,130,06/12/2022 00:00:00,null,null,Y,NAKUL ASHOK RAHEJA,07/12/2022 00:00:00,null,null,null
AMNS,2022-2023,160,L00160/22-23,LP,O,INVOICE-22122022-AMNS-AMNS-M-160,153,22/12/2022 00:00:00,null,null,Y,NAKUL ASHOK RAHEJA,22/12/2022 00:00:00,null,null,null
AMNS,2022-2023,160,L00160/22-23,LP,D,INVOICE-22122022-AMNS-AMNS-M-160,153,22/12/2022 00:00:00,null,null,Y,NAKUL ASHOK RAHEJA,22/12/2022 00:00:00,null,null,null
AMNS,2022-2023,160,L00160/22-23,LP,T,INVOICE-22122022-AMNS-AMNS-M-160,153,22/12/2022 00:00:00,null,null,Y,NAKUL ASHOK RAHEJA,22/12/2022 00:00:00,null,null,null
AMNS,2022-2023,157,L00157/22-23,LP,O,INVOICE-06122022-AMNS-AMNS-M-157,130,06/12/2022 00:00:00,null,null,Y,NAKUL ASHOK RAHEJA,07/12/2022 00:00:00,null,null,null
AMNS,2022-2023,157,L00157/22-23,LP,T,INVOICE-06122022-AMNS-AMNS-M-157,130,06/12/2022 00:00:00,null,null,Y,NAKUL ASHOK RAHEJA,07/12/2022 00:00:00,null,null,null
AMNS,2022-2023,157,L00157/22-23,LP,D,INVOICE-06122022-AMNS-AMNS-M-157,130,06/12/2022 00:00:00,null,null,Y,NAKUL ASHOK RAHEJA,07/12/2022 00:00:00,null,null,null
AMNS,2022-2023,173,L00173/22-23,LP,O,INVOICE-22022023-AMNS-AMNS-M-173,130,22/02/2023 00:00:00,null,null,Y,NAKUL ASHOK RAHEJA,22/02/2023 00:00:00,null,null,null
AMNS,2022-2023,173,L00173/22-23,LP,T,INVOICE-22022023-AMNS-AMNS-M-173,130,22/02/2023 00:00:00,null,null,Y,NAKUL ASHOK RAHEJA,22/02/2023 00:00:00,null,null,null
AMNS,2022-2023,173,L00173/22-23,LP,D,INVOICE-22022023-AMNS-AMNS-M-173,130,22/02/2023 00:00:00,null,null,Y,NAKUL ASHOK RAHEJA,22/02/2023 00:00:00,null,null,null
AMNS,2023-2024,43,L00043/23-24,LP,O,INVOICE-11082023-AMNS-AMNS-M-43,23,11/08/2023 00:00:00,null,null,Y,NAKUL ASHOK RAHEJA,11/08/2023 00:00:00,null,null,null
AMNS,2023-2024,43,L00043/23-24,LP,D,INVOICE-11082023-AMNS-AMNS-M-43,23,11/08/2023 00:00:00,null,null,Y,NAKUL ASHOK RAHEJA,11/08/2023 00:00:00,null,null,null
AMNS,2023-2024,43,L00043/23-24,LP,T,INVOICE-11082023-AMNS-AMNS-M-43,23,11/08/2023 00:00:00,null,null,Y,NAKUL ASHOK RAHEJA,11/08/2023 00:00:00,null,null,null
AMNS,2023-2024,74,L00074/23-24,LP,O,INVOICE-13112023-AMNS-AMNS-M-74,113,13/11/2023 00:00:00,null,null,Y,NAKUL ASHOK RAHEJA,13/11/2023 00:00:00,null,null,null
AMNS,2023-2024,74,L00074/23-24,LP,D,INVOICE-13112023-AMNS-AMNS-M-74,201,13/11/2023 00:00:00,null,null,Y,NAKUL ASHOK RAHEJA,13/11/2023 00:00:00,null,null,null
AMNS,2023-2024,74,L00074/23-24,LP,T,INVOICE-13112023-AMNS-AMNS-M-74,201,13/11/2023 00:00:00,null,null,Y,NAKUL ASHOK RAHEJA,13/11/2023 00:00:00,null,null,null
SGIPL,2021-2022,2,I0002/21-22,LP,O,INVOICE-02062021-SGIPL-Not_Applicable-I-2,null,null,null,null,Y,NAKUL ASHOK RAHEJA,03/06/2021 00:00:00,null,null,null
SGIPL,2021-2022,2,I0002/21-22,LP,D,INVOICE-02062021-SGIPL-Not_Applicable-I-2,null,null,null,null,Y,NAKUL ASHOK RAHEJA,03/06/2021 00:00:00,null,null,null
SGIPL,2021-2022,2,I0002/21-22,LP,T,INVOICE-02062021-SGIPL-Not_Applicable-I-2,null,null,null,null,Y,NAKUL ASHOK RAHEJA,03/06/2021 00:00:00,null,null,null
SGIPL,2021-2022,3,I0003/21-22,LP,O,INVOICE-02062021-SGIPL-Not_Applicable-I-3,null,null,null,null,Y,NAKUL ASHOK RAHEJA,03/06/2021 00:00:00,null,null,null
SGIPL,2021-2022,3,I0003/21-22,LP,D,INVOICE-02062021-SGIPL-Not_Applicable-I-3,null,null,null,null,Y,NAKUL ASHOK RAHEJA,03/06/2021 00:00:00,null,null,null
SGIPL,2021-2022,3,I0003/21-22,LP,T,INVOICE-02062021-SGIPL-Not_Applicable-I-3,null,null,null,null,Y,NAKUL ASHOK RAHEJA,03/06/2021 00:00:00,null,null,null
SGIPL,2021-2022,1,I0001/21-22,LP,O,INVOICE-02062021-SGIPL-Not_Applicable-I-1,null,null,null,null,Y,NAKUL ASHOK RAHEJA,03/06/2021 00:00:00,null,null,null
SGIPL,2021-2022,1,I0001/21-22,LP,D,INVOICE-02062021-SGIPL-Not_Applicable-I-1,null,null,null,null,Y,NAKUL ASHOK RAHEJA,03/06/2021 00:00:00,null,null,null
SGIPL,2021-2022,1,I0001/21-22,LP,T,INVOICE-02062021-SGIPL-Not_Applicable-I-1,null,null,null,null,Y,NAKUL ASHOK RAHEJA,03/06/2021 00:00:00,null,null,null
HCG,2020-2021,2,I0002/20-21,LP,O,INVOICE-27082020-HCG-HCG-I-2,23,27/08/2020 00:00:00,null,null,Y,ROHIT MALHOTRA,27/08/2020 00:00:00,null,null,null
HCG,2020-2021,2,I0002/20-21,LP,D,INVOICE-27082020-HCG-HCG-I-2,23,27/08/2020 00:00:00,null,null,Y,ROHIT MALHOTRA,27/08/2020 00:00:00,null,null,null
HCG,2020-2021,3,I0003/20-21,LP,O,INVOICE-08102020-HCG-HCG-I-3,23,09/10/2020 00:00:00,null,null,Y,NAKUL ASHOK RAHEJA,09/10/2020 00:00:00,null,null,null
HCG,2020-2021,3,I0003/20-21,LP,D,INVOICE-08102020-HCG-HCG-I-3,23,09/10/2020 00:00:00,null,null,Y,NAKUL ASHOK RAHEJA,09/10/2020 00:00:00,null,null,null
HCG,2020-2021,3,I0003/20-21,LP,T,INVOICE-08102020-HCG-HCG-I-3,23,09/10/2020 00:00:00,null,null,Y,NAKUL ASHOK RAHEJA,09/10/2020 00:00:00,null,null,null
HCG,2020-2021,4,I0004/20-21,LP,O,INVOICE-08102020-HCG-HCG-I-4,23,09/10/2020 00:00:00,null,null,Y,NAKUL ASHOK RAHEJA,09/10/2020 00:00:00,null,null,null
HCG,2020-2021,4,I0004/20-21,LP,D,INVOICE-08102020-HCG-HCG-I-4,23,09/10/2020 00:00:00,null,null,Y,NAKUL ASHOK RAHEJA,09/10/2020 00:00:00,null,null,null
HCG,2020-2021,4,I0004/20-21,LP,T,INVOICE-08102020-HCG-HCG-I-4,23,09/10/2020 00:00:00,null,null,Y,NAKUL ASHOK RAHEJA,09/10/2020 00:00:00,null,null,null
HCG,2020-2021,5,I0005/20-21,LP,O,INVOICE-08102020-HCG-HCG-I-5,23,09/10/2020 00:00:00,null,null,Y,NAKUL ASHOK RAHEJA,09/10/2020 00:00:00,null,null,null
HCG,2020-2021,5,I0005/20-21,LP,D,INVOICE-08102020-HCG-HCG-I-5,23,09/10/2020 00:00:00,null,null,Y,NAKUL ASHOK RAHEJA,09/10/2020 00:00:00,null,null,null
HCG,2020-2021,5,I0005/20-21,LP,T,INVOICE-08102020-HCG-HCG-I-5,23,09/10/2020 00:00:00,null,null,Y,NAKUL ASHOK RAHEJA,09/10/2020 00:00:00,null,null,null
HCG,2020-2021,6,I0006/20-21,LP,O,INVOICE-31032021-HCG-HCG-I-6,48,31/03/2021 00:00:00,null,null,Y,NAKUL ASHOK RAHEJA,31/03/2021 00:00:00,null,null,null
HCG,2020-2021,6,I0006/20-21,LP,D,INVOICE-31032021-HCG-HCG-I-6,48,31/03/2021 00:00:00,null,null,Y,NAKUL ASHOK RAHEJA,31/03/2021 00:00:00,null,null,null
HCG,2020-2021,6,I0006/20-21,LP,T,INVOICE-31032021-HCG-HCG-I-6,48,31/03/2021 00:00:00,null,null,Y,NAKUL ASHOK RAHEJA,31/03/2021 00:00:00,null,null,null
HCG,2021-2022,6,I0006/21-22,LP,O,INVOICE-02062021-HCG-HCG-I-6,23,03/06/2021 00:00:00,null,null,Y,NAKUL ASHOK RAHEJA,03/06/2021 00:00:00,null,null,null
HCG,2021-2022,6,I0006/21-22,LP,D,INVOICE-02062021-HCG-HCG-I-6,23,03/06/2021 00:00:00,null,null,Y,NAKUL ASHOK RAHEJA,03/06/2021 00:00:00,null,null,null
HCG,2021-2022,6,I0006/21-22,LP,T,INVOICE-02062021-HCG-HCG-I-6,23,03/06/2021 00:00:00,null,null,Y,NAKUL ASHOK RAHEJA,03/06/2021 00:00:00,null,null,null
HCG,2020-2021,7,I0007/20-21,LP,O,INVOICE-31032021-HCG-HCG-I-7,48,31/03/2021 00:00:00,null,null,Y,NAKUL ASHOK RAHEJA,31/03/2021 00:00:00,null,null,null
HCG,2020-2021,7,I0007/20-21,LP,D,INVOICE-31032021-HCG-HCG-I-7,48,31/03/2021 00:00:00,null,null,Y,NAKUL ASHOK RAHEJA,31/03/2021 00:00:00,null,null,null
HCG,2020-2021,7,I0007/20-21,LP,T,INVOICE-31032021-HCG-HCG-I-7,48,31/03/2021 00:00:00,null,null,Y,NAKUL ASHOK RAHEJA,31/03/2021 00:00:00,null,null,null
HCG,2020-2021,8,I0008/20-21,LP,O,INVOICE-31032021-HCG-HCG-I-8,48,31/03/2021 00:00:00,null,null,Y,NAKUL ASHOK RAHEJA,31/03/2021 00:00:00,null,null,null
HCG,2020-2021,8,I0008/20-21,LP,D,INVOICE-31032021-HCG-HCG-I-8,48,31/03/2021 00:00:00,null,null,Y,NAKUL ASHOK RAHEJA,31/03/2021 00:00:00,null,null,null
HCG,2020-2021,8,I0008/20-21,LP,T,INVOICE-31032021-HCG-HCG-I-8,48,31/03/2021 00:00:00,null,null,Y,NAKUL ASHOK RAHEJA,31/03/2021 00:00:00,null,null,null
HCG,2020-2021,9,I0009/20-21,LP,T,INVOICE-31032021-HCG-HCG-I-9,48,31/03/2021 00:00:00,null,null,Y,NAKUL ASHOK RAHEJA,31/03/2021 00:00:00,null,null,null
HCG,2020-2021,9,I0009/20-21,LP,O,INVOICE-31032021-HCG-HCG-I-9,48,31/03/2021 00:00:00,null,null,Y,NAKUL ASHOK RAHEJA,31/03/2021 00:00:00,null,null,null
HCG,2020-2021,9,I0009/20-21,LP,D,INVOICE-31032021-HCG-HCG-I-9,48,31/03/2021 00:00:00,null,null,Y,NAKUL ASHOK RAHEJA,31/03/2021 00:00:00,null,null,null
HCG,2020-2021,10,I0010/20-21,LP,T,INVOICE-31032021-HCG-HCG-I-10,48,31/03/2021 00:00:00,null,null,Y,NAKUL ASHOK RAHEJA,31/03/2021 00:00:00,null,null,null
HCG,2020-2021,10,I0010/20-21,LP,O,INVOICE-31032021-HCG-HCG-I-10,48,31/03/2021 00:00:00,null,null,Y,NAKUL ASHOK RAHEJA,31/03/2021 00:00:00,null,null,null
HCG,2020-2021,10,I0010/20-21,LP,D,INVOICE-31032021-HCG-HCG-I-10,48,31/03/2021 00:00:00,null,null,Y,NAKUL ASHOK RAHEJA,31/03/2021 00:00:00,null,null,null
HCG,2020-2021,13,I0013/20-21,LP,T,INVOICE-31032021-HCG-HCG-I-13,48,31/03/2021 00:00:00,null,null,Y,NAKUL ASHOK RAHEJA,31/03/2021 00:00:00,null,null,null
HCG,2020-2021,13,I0013/20-21,LP,O,INVOICE-31032021-HCG-HCG-I-13,48,31/03/2021 00:00:00,null,null,Y,NAKUL ASHOK RAHEJA,31/03/2021 00:00:00,null,null,null
HCG,2020-2021,13,I0013/20-21,LP,D,INVOICE-31032021-HCG-HCG-I-13,48,31/03/2021 00:00:00,null,null,Y,NAKUL ASHOK RAHEJA,31/03/2021 00:00:00,null,null,null
HCG,2020-2021,14,I0014/20-21,LP,O,INVOICE-31032021-HCG-HCG-I-14,48,31/03/2021 00:00:00,null,null,Y,NAKUL ASHOK RAHEJA,31/03/2021 00:00:00,null,null,null
HCG,2020-2021,14,I0014/20-21,LP,D,INVOICE-31032021-HCG-HCG-I-14,48,31/03/2021 00:00:00,null,null,Y,NAKUL ASHOK RAHEJA,31/03/2021 00:00:00,null,null,null
HCG,2020-2021,14,I0014/20-21,LP,T,INVOICE-31032021-HCG-HCG-I-14,48,31/03/2021 00:00:00,null,null,Y,NAKUL ASHOK RAHEJA,31/03/2021 00:00:00,null,null,null
HCG,2020-2021,16,I0016/20-21,LP,O,INVOICE-31032021-HCG-HCG-I-16,48,31/03/2021 00:00:00,null,null,Y,NAKUL ASHOK RAHEJA,31/03/2021 00:00:00,null,null,null
HCG,2020-2021,16,I0016/20-21,LP,D,INVOICE-31032021-HCG-HCG-I-16,48,31/03/2021 00:00:00,null,null,Y,NAKUL ASHOK RAHEJA,31/03/2021 00:00:00,null,null,null
HCG,2020-2021,16,I0016/20-21,LP,T,INVOICE-31032021-HCG-HCG-I-16,48,31/03/2021 00:00:00,null,null,Y,NAKUL ASHOK RAHEJA,31/03/2021 00:00:00,null,null,null
HCG,2021-2022,7,I0007/21-22,LP,O,INVOICE-02062021-HCG-HCG-I-7,23,03/06/2021 00:00:00,null,null,Y,NAKUL ASHOK RAHEJA,03/06/2021 00:00:00,null,null,null
HCG,2021-2022,7,I0007/21-22,LP,D,INVOICE-02062021-HCG-HCG-I-7,23,03/06/2021 00:00:00,null,null,Y,NAKUL ASHOK RAHEJA,03/06/2021 00:00:00,null,null,null
HCG,2021-2022,7,I0007/21-22,LP,T,INVOICE-02062021-HCG-HCG-I-7,23,03/06/2021 00:00:00,null,null,Y,NAKUL ASHOK RAHEJA,03/06/2021 00:00:00,null,null,null
HCG,2021-2022,9,I0009/21-22,LP,O,INVOICE-17062021-HCG-HCG-I-9,49,17/06/2021 00:00:00,null,null,Y,NAKUL ASHOK RAHEJA,17/06/2021 00:00:00,null,null,null
HCG,2021-2022,9,I0009/21-22,LP,D,INVOICE-17062021-HCG-HCG-I-9,49,17/06/2021 00:00:00,null,null,Y,NAKUL ASHOK RAHEJA,17/06/2021 00:00:00,null,null,null
HCG,2021-2022,9,I0009/21-22,LP,T,INVOICE-17062021-HCG-HCG-I-9,49,17/06/2021 00:00:00,null,null,Y,NAKUL ASHOK RAHEJA,17/06/2021 00:00:00,null,null,null
HCG,2021-2022,12,I0012/21-22,LP,O,INVOICE-07072021-HCG-HCG-I-12,4,07/07/2021 00:00:00,null,null,null,null,null,null,null,null
HCG,2021-2022,15,I0015/21-22,LP,O,INVOICE-30072021-HCG-HCG-I-15,23,30/07/2021 00:00:00,null,null,Y,NAKUL ASHOK RAHEJA,30/07/2021 00:00:00,null,null,null
HCG,2021-2022,15,I0015/21-22,LP,D,INVOICE-30072021-HCG-HCG-I-15,23,30/07/2021 00:00:00,null,null,Y,NAKUL ASHOK RAHEJA,30/07/2021 00:00:00,null,null,null
HCG,2021-2022,15,I0015/21-22,LP,T,INVOICE-30072021-HCG-HCG-I-15,23,30/07/2021 00:00:00,null,null,Y,NAKUL ASHOK RAHEJA,30/07/2021 00:00:00,null,null,null
HCG,2021-2022,5,I0005/21-22,LP,O,INVOICE-02062021-HCG-HCG-I-5,23,03/06/2021 00:00:00,null,null,Y,NAKUL ASHOK RAHEJA,03/06/2021 00:00:00,null,null,null
HCG,2021-2022,5,I0005/21-22,LP,D,INVOICE-02062021-HCG-HCG-I-5,23,03/06/2021 00:00:00,null,null,Y,NAKUL ASHOK RAHEJA,03/06/2021 00:00:00,null,null,null
HCG,2021-2022,5,I0005/21-22,LP,T,INVOICE-02062021-HCG-HCG-I-5,23,03/06/2021 00:00:00,null,null,Y,NAKUL ASHOK RAHEJA,03/06/2021 00:00:00,null,null,null
HCG,2021-2022,8,I0008/21-22,LP,O,INVOICE-02062021-HCG-HCG-I-8,23,03/06/2021 00:00:00,null,null,Y,NAKUL ASHOK RAHEJA,03/06/2021 00:00:00,null,null,null
HCG,2021-2022,8,I0008/21-22,LP,D,INVOICE-02062021-HCG-HCG-I-8,23,03/06/2021 00:00:00,null,null,Y,NAKUL ASHOK RAHEJA,03/06/2021 00:00:00,null,null,null
HCG,2021-2022,8,I0008/21-22,LP,T,INVOICE-02062021-HCG-HCG-I-8,23,03/06/2021 00:00:00,null,null,Y,NAKUL ASHOK RAHEJA,03/06/2021 00:00:00,null,null,null
HCG,2021-2022,10,I0010/21-22,LP,O,INVOICE-17062021-HCG-HCG-I-10,49,17/06/2021 00:00:00,null,null,Y,NAKUL ASHOK RAHEJA,17/06/2021 00:00:00,null,null,null
HCG,2021-2022,10,I0010/21-22,LP,D,INVOICE-17062021-HCG-HCG-I-10,49,17/06/2021 00:00:00,null,null,Y,NAKUL ASHOK RAHEJA,17/06/2021 00:00:00,null,null,null
HCG,2021-2022,10,I0010/21-22,LP,T,INVOICE-17062021-HCG-HCG-I-10,49,17/06/2021 00:00:00,null,null,Y,NAKUL ASHOK RAHEJA,17/06/2021 00:00:00,null,null,null
HCG,2020-2021,11,I0011/20-21,LP,T,INVOICE-31032021-HCG-HCG-I-11,48,31/03/2021 00:00:00,null,null,Y,NAKUL ASHOK RAHEJA,31/03/2021 00:00:00,null,null,null
HCG,2020-2021,11,I0011/20-21,LP,O,INVOICE-31032021-HCG-HCG-I-11,48,31/03/2021 00:00:00,null,null,Y,NAKUL ASHOK RAHEJA,31/03/2021 00:00:00,null,null,null
HCG,2020-2021,11,I0011/20-21,LP,D,INVOICE-31032021-HCG-HCG-I-11,48,31/03/2021 00:00:00,null,null,Y,NAKUL ASHOK RAHEJA,31/03/2021 00:00:00,null,null,null
HCG,2020-2021,12,I0012/20-21,LP,T,INVOICE-31032021-HCG-HCG-I-12,48,31/03/2021 00:00:00,null,null,Y,NAKUL ASHOK RAHEJA,31/03/2021 00:00:00,null,null,null
HCG,2020-2021,12,I0012/20-21,LP,O,INVOICE-31032021-HCG-HCG-I-12,48,31/03/2021 00:00:00,null,null,Y,NAKUL ASHOK RAHEJA,31/03/2021 00:00:00,null,null,null
HCG,2020-2021,12,I0012/20-21,LP,D,INVOICE-31032021-HCG-HCG-I-12,48,31/03/2021 00:00:00,null,null,Y,NAKUL ASHOK RAHEJA,31/03/2021 00:00:00,null,null,null
HCG,2021-2022,13,I0013/21-22,LP,O,INVOICE-07072021-HCG-HCG-I-13,37,02/06/2025 00:00:00,null,null,null,null,null,null,null,null
HCG,2021-2022,14,I0014/21-22,LP,T,INVOICE-30072021-HCG-HCG-I-14,23,30/07/2021 00:00:00,null,null,Y,NAKUL ASHOK RAHEJA,30/07/2021 00:00:00,null,null,null
HCG,2021-2022,14,I0014/21-22,LP,O,INVOICE-30072021-HCG-HCG-I-14,23,30/07/2021 00:00:00,null,null,Y,NAKUL ASHOK RAHEJA,30/07/2021 00:00:00,null,null,null
HCG,2021-2022,14,I0014/21-22,LP,D,INVOICE-30072021-HCG-HCG-I-14,23,30/07/2021 00:00:00,null,null,Y,NAKUL ASHOK RAHEJA,30/07/2021 00:00:00,null,null,null
HCG,2020-2021,15,I0015/20-21,LP,O,INVOICE-31032021-HCG-HCG-I-15,48,31/03/2021 00:00:00,null,null,Y,NAKUL ASHOK RAHEJA,31/03/2021 00:00:00,null,null,null
HCG,2020-2021,15,I0015/20-21,LP,T,INVOICE-31032021-HCG-HCG-I-15,48,31/03/2021 00:00:00,null,null,Y,NAKUL ASHOK RAHEJA,31/03/2021 00:00:00,null,null,null
HCG,2020-2021,15,I0015/20-21,LP,D,INVOICE-31032021-HCG-HCG-I-15,48,31/03/2021 00:00:00,null,null,Y,NAKUL ASHOK RAHEJA,31/03/2021 00:00:00,null,null,null
HCG,2021-2022,16,I0016/21-22,LP,O,INVOICE-30072021-HCG-HCG-I-16,23,30/07/2021 00:00:00,null,null,Y,NAKUL ASHOK RAHEJA,30/07/2021 00:00:00,null,null,null
HCG,2021-2022,16,I0016/21-22,LP,D,INVOICE-30072021-HCG-HCG-I-16,23,30/07/2021 00:00:00,null,null,Y,NAKUL ASHOK RAHEJA,30/07/2021 00:00:00,null,null,null
HCG,2021-2022,16,I0016/21-22,LP,T,INVOICE-30072021-HCG-HCG-I-16,23,30/07/2021 00:00:00,null,null,Y,NAKUL ASHOK RAHEJA,30/07/2021 00:00:00,null,null,null
HCG,2021-2022,17,I0017/21-22,LP,O,INVOICE-27082021-HCG-HCG-I-17,23,27/08/2021 00:00:00,null,null,Y,NAKUL ASHOK RAHEJA,27/08/2021 00:00:00,null,null,null
HCG,2021-2022,17,I0017/21-22,LP,D,INVOICE-27082021-HCG-HCG-I-17,23,27/08/2021 00:00:00,null,null,Y,NAKUL ASHOK RAHEJA,27/08/2021 00:00:00,null,null,null
HCG,2021-2022,17,I0017/21-22,LP,T,INVOICE-27082021-HCG-HCG-I-17,23,27/08/2021 00:00:00,null,null,Y,NAKUL ASHOK RAHEJA,27/08/2021 00:00:00,null,null,null
HCG,2021-2022,18,I0018/21-22,LP,O,INVOICE-27082021-HCG-HCG-I-18,23,27/08/2021 00:00:00,null,null,Y,NAKUL ASHOK RAHEJA,27/08/2021 00:00:00,null,null,null
HCG,2021-2022,18,I0018/21-22,LP,D,INVOICE-27082021-HCG-HCG-I-18,23,27/08/2021 00:00:00,null,null,Y,NAKUL ASHOK RAHEJA,27/08/2021 00:00:00,null,null,null
HCG,2021-2022,18,I0018/21-22,LP,T,INVOICE-27082021-HCG-HCG-I-18,23,27/08/2021 00:00:00,null,null,Y,NAKUL ASHOK RAHEJA,27/08/2021 00:00:00,null,null,null
HCG,2021-2022,19,I0019/21-22,LP,O,INVOICE-13092021-HCG-HCG-I-19,23,13/09/2021 00:00:00,null,null,Y,NAKUL ASHOK RAHEJA,13/09/2021 00:00:00,null,null,null
HCG,2021-2022,19,I0019/21-22,LP,D,INVOICE-13092021-HCG-HCG-I-19,23,13/09/2021 00:00:00,null,null,Y,NAKUL ASHOK RAHEJA,13/09/2021 00:00:00,null,null,null
HCG,2021-2022,19,I0019/21-22,LP,T,INVOICE-13092021-HCG-HCG-I-19,23,13/09/2021 00:00:00,null,null,Y,NAKUL ASHOK RAHEJA,13/09/2021 00:00:00,null,null,null
HCG,2021-2022,20,I0020/21-22,LP,O,INVOICE-15112021-HCG-HCG-I-20,23,16/11/2021 00:00:00,null,null,null,null,null,null,null,null
HCG,2021-2022,20,I0020/21-22,LP,D,INVOICE-15112021-HCG-HCG-I-20,23,16/11/2021 00:00:00,null,null,null,null,null,null,null,null
HCG,2021-2022,20,I0020/21-22,LP,T,INVOICE-15112021-HCG-HCG-I-20,23,16/11/2021 00:00:00,null,null,null,null,null,null,null,null
HCG,2021-2022,21,I0021/21-22,LP,O,INVOICE-15112021-HCG-HCG-I-21,23,16/11/2021 00:00:00,null,null,null,null,null,null,null,null
HCG,2021-2022,21,I0021/21-22,LP,D,INVOICE-15112021-HCG-HCG-I-21,23,16/11/2021 00:00:00,null,null,null,null,null,null,null,null
HCG,2021-2022,21,I0021/21-22,LP,T,INVOICE-15112021-HCG-HCG-I-21,23,16/11/2021 00:00:00,null,null,null,null,null,null,null,null
HCG,2021-2022,22,I0022/21-22,LP,O,INVOICE-29122021-HCG-HCG-I-22,23,29/12/2021 00:00:00,null,null,Y,NAKUL ASHOK RAHEJA,29/12/2021 00:00:00,null,null,null
HCG,2021-2022,22,I0022/21-22,LP,D,INVOICE-29122021-HCG-HCG-I-22,23,29/12/2021 00:00:00,null,null,Y,NAKUL ASHOK RAHEJA,29/12/2021 00:00:00,null,null,null
HCG,2021-2022,22,I0022/21-22,LP,T,INVOICE-29122021-HCG-HCG-I-22,23,29/12/2021 00:00:00,null,null,Y,NAKUL ASHOK RAHEJA,29/12/2021 00:00:00,null,null,null
HCG,2021-2022,24,I0024/21-22,LP,O,INVOICE-29122021-HCG-HCG-I-24,23,29/12/2021 00:00:00,null,null,Y,NAKUL ASHOK RAHEJA,29/12/2021 00:00:00,null,null,null
HCG,2021-2022,24,I0024/21-22,LP,D,INVOICE-29122021-HCG-HCG-I-24,23,29/12/2021 00:00:00,null,null,Y,NAKUL ASHOK RAHEJA,29/12/2021 00:00:00,null,null,null
HCG,2021-2022,24,I0024/21-22,LP,T,INVOICE-29122021-HCG-HCG-I-24,23,29/12/2021 00:00:00,null,null,Y,NAKUL ASHOK RAHEJA,29/12/2021 00:00:00,null,null,null
HCG,2021-2022,25,I0025/21-22,LP,O,INVOICE-29122021-HCG-HCG-I-25,23,29/12/2021 00:00:00,null,null,Y,NAKUL ASHOK RAHEJA,29/12/2021 00:00:00,null,null,null
HCG,2021-2022,25,I0025/21-22,LP,D,INVOICE-29122021-HCG-HCG-I-25,23,29/12/2021 00:00:00,null,null,Y,NAKUL ASHOK RAHEJA,29/12/2021 00:00:00,null,null,null
HCG,2021-2022,25,I0025/21-22,LP,T,INVOICE-29122021-HCG-HCG-I-25,23,29/12/2021 00:00:00,null,null,Y,NAKUL ASHOK RAHEJA,29/12/2021 00:00:00,null,null,null
HCG,2021-2022,4,I0004/21-22,LP,O,INVOICE-02062021-HCG-HCG-I-4,23,03/06/2021 00:00:00,null,null,Y,NAKUL ASHOK RAHEJA,03/06/2021 00:00:00,null,null,null
HCG,2021-2022,4,I0004/21-22,LP,D,INVOICE-02062021-HCG-HCG-I-4,23,03/06/2021 00:00:00,null,null,Y,NAKUL ASHOK RAHEJA,03/06/2021 00:00:00,null,null,null
HCG,2021-2022,4,I0004/21-22,LP,T,INVOICE-02062021-HCG-HCG-I-4,23,03/06/2021 00:00:00,null,null,Y,NAKUL ASHOK RAHEJA,03/06/2021 00:00:00,null,null,null
GGL,2023-2024,11,I0011/23-24,LP,O,INVOICE-12032024-GGL-Gujarat_Guardian_Limited-I-11,201,12/03/2024 00:00:00,null,null,Y,NAKUL ASHOK RAHEJA,12/03/2024 00:00:00,null,null,null
GGL,2023-2024,11,I0011/23-24,LP,D,INVOICE-12032024-GGL-Gujarat_Guardian_Limited-I-11,201,12/03/2024 00:00:00,null,null,Y,NAKUL ASHOK RAHEJA,12/03/2024 00:00:00,null,null,null
GGL,2023-2024,11,I0011/23-24,LP,T,INVOICE-12032024-GGL-Gujarat_Guardian_Limited-I-11,201,12/03/2024 00:00:00,null,null,Y,NAKUL ASHOK RAHEJA,12/03/2024 00:00:00,null,null,null
HGL-RLNG,2021-2022,23,I0023/21-22,LP,O,INVOICE-29122021-HGL-RLNG-Haldyn_Glass-Gavasad-I-23,23,29/12/2021 00:00:00,null,null,Y,NAKUL ASHOK RAHEJA,29/12/2021 00:00:00,null,null,null
HGL-RLNG,2021-2022,23,I0023/21-22,LP,D,INVOICE-29122021-HGL-RLNG-Haldyn_Glass-Gavasad-I-23,23,29/12/2021 00:00:00,null,null,Y,NAKUL ASHOK RAHEJA,29/12/2021 00:00:00,null,null,null
HGL-RLNG,2021-2022,23,I0023/21-22,LP,T,INVOICE-29122021-HGL-RLNG-Haldyn_Glass-Gavasad-I-23,23,29/12/2021 00:00:00,null,null,Y,NAKUL ASHOK RAHEJA,29/12/2021 00:00:00,null,null,null
HCGD-B,2024-2025,4,I0004/24-25,LP,O,INVOICE-29042024-HCGD-B-HCGDB_Bhiwadi-I-4,46,29/04/2024 00:00:00,null,null,Y,NAKUL ASHOK RAHEJA,29/04/2024 00:00:00,null,null,null
HCGD-B,2024-2025,4,I0004/24-25,LP,D,INVOICE-29042024-HCGD-B-HCGDB_Bhiwadi-I-4,46,29/04/2024 00:00:00,null,null,Y,NAKUL ASHOK RAHEJA,29/04/2024 00:00:00,null,null,null
HCGD-B,2024-2025,4,I0004/24-25,LP,T,INVOICE-29042024-HCGD-B-HCGDB_Bhiwadi-I-4,46,29/04/2024 00:00:00,null,null,Y,NAKUL ASHOK RAHEJA,29/04/2024 00:00:00,null,null,null
HCGD-B,2024-2025,6,I0006/24-25,LP,O,INVOICE-13052024-HCGD-B-HCGDB_Bhiwadi-I-6,201,13/05/2024 00:00:00,null,null,Y,NAKUL ASHOK RAHEJA,13/05/2024 00:00:00,null,null,null
HCGD-B,2024-2025,6,I0006/24-25,LP,D,INVOICE-13052024-HCGD-B-HCGDB_Bhiwadi-I-6,201,13/05/2024 00:00:00,null,null,Y,NAKUL ASHOK RAHEJA,13/05/2024 00:00:00,null,null,null
HCGD-B,2024-2025,6,I0006/24-25,LP,T,INVOICE-13052024-HCGD-B-HCGDB_Bhiwadi-I-6,201,13/05/2024 00:00:00,null,null,Y,NAKUL ASHOK RAHEJA,13/05/2024 00:00:00,null,null,null
HCGD-B,2024-2025,8,I0008/24-25,LP,O,INVOICE-26112024-HCGD-B-HCGDB_Bhiwadi-I-8,219,26/11/2024 00:00:00,null,null,Y,NAKUL ASHOK RAHEJA,26/11/2024 00:00:00,null,null,null
HCGD-B,2024-2025,8,I0008/24-25,LP,D,INVOICE-26112024-HCGD-B-HCGDB_Bhiwadi-I-8,46,26/11/2024 00:00:00,null,null,Y,NAKUL ASHOK RAHEJA,26/11/2024 00:00:00,null,null,null
HCGD-B,2024-2025,8,I0008/24-25,LP,T,INVOICE-26112024-HCGD-B-HCGDB_Bhiwadi-I-8,46,26/11/2024 00:00:00,null,null,Y,NAKUL ASHOK RAHEJA,26/11/2024 00:00:00,null,null,null
TGLPL,2022-2023,2,I0002/22-23,LP,O,INVOICE-30082022-TGLPL-TGLPL-Ludhiana-I-2,23,30/08/2022 00:00:00,null,null,Y,NAKUL ASHOK RAHEJA,30/08/2022 00:00:00,null,null,null
TGLPL,2022-2023,2,I0002/22-23,LP,D,INVOICE-30082022-TGLPL-TGLPL-Ludhiana-I-2,23,30/08/2022 00:00:00,null,null,Y,NAKUL ASHOK RAHEJA,30/08/2022 00:00:00,null,null,null
TGLPL,2022-2023,2,I0002/22-23,LP,T,INVOICE-30082022-TGLPL-TGLPL-Ludhiana-I-2,23,30/08/2022 00:00:00,null,null,Y,NAKUL ASHOK RAHEJA,30/08/2022 00:00:00,null,null,null
TGLPL,2022-2023,3,I0003/22-23,LP,O,INVOICE-30082022-TGLPL-TGLPL-Jalandhar-I-3,23,05/09/2022 00:00:00,null,null,Y,NAKUL ASHOK RAHEJA,05/09/2022 00:00:00,null,null,null
TGLPL,2022-2023,3,I0003/22-23,LP,D,INVOICE-30082022-TGLPL-TGLPL-Jalandhar-I-3,23,05/09/2022 00:00:00,null,null,Y,NAKUL ASHOK RAHEJA,05/09/2022 00:00:00,null,null,null
TGLPL,2022-2023,3,I0003/22-23,LP,T,INVOICE-30082022-TGLPL-TGLPL-Jalandhar-I-3,23,05/09/2022 00:00:00,null,null,Y,NAKUL ASHOK RAHEJA,05/09/2022 00:00:00,null,null,null
TGLPL,2022-2023,4,I0004/22-23,LP,O,INVOICE-27122022-TGLPL-TGLPL-Jalandhar-I-4,153,27/12/2022 00:00:00,null,null,Y,NAKUL ASHOK RAHEJA,27/12/2022 00:00:00,null,null,null
TGLPL,2022-2023,4,I0004/22-23,LP,D,INVOICE-27122022-TGLPL-TGLPL-Jalandhar-I-4,153,27/12/2022 00:00:00,null,null,Y,NAKUL ASHOK RAHEJA,27/12/2022 00:00:00,null,null,null
TGLPL,2022-2023,4,I0004/22-23,LP,T,INVOICE-27122022-TGLPL-TGLPL-Jalandhar-I-4,153,27/12/2022 00:00:00,null,null,Y,NAKUL ASHOK RAHEJA,27/12/2022 00:00:00,null,null,null
GFCL,2023-2024,6,I0006/23-24,LP,O,INVOICE-10082023-GFCL-GFCL-Dahej-I-6,113,10/08/2023 00:00:00,null,null,Y,NAKUL ASHOK RAHEJA,10/08/2023 00:00:00,null,null,null
GFCL,2023-2024,6,I0006/23-24,LP,D,INVOICE-10082023-GFCL-GFCL-Dahej-I-6,113,10/08/2023 00:00:00,null,null,Y,NAKUL ASHOK RAHEJA,10/08/2023 00:00:00,null,null,null
GFCL,2023-2024,6,I0006/23-24,LP,T,INVOICE-10082023-GFCL-GFCL-Dahej-I-6,113,10/08/2023 00:00:00,null,null,Y,NAKUL ASHOK RAHEJA,10/08/2023 00:00:00,null,null,null
GFCL,2023-2024,5,I0005/23-24,LP,O,INVOICE-19062023-GFCL-GFCL-15GVAT-I-5,113,04/07/2023 00:00:00,null,null,null,null,null,null,null,null
INPEROX,2024-2025,1,I0001/24-25,LP,O,INVOICE-15042024-INPEROX-IPL-Dahej-I-1,null,null,null,null,Y,NAKUL ASHOK RAHEJA,16/04/2024 00:00:00,null,null,null
INPEROX,2024-2025,1,I0001/24-25,LP,D,INVOICE-15042024-INPEROX-IPL-Dahej-I-1,null,null,null,null,Y,NAKUL ASHOK RAHEJA,16/04/2024 00:00:00,null,null,null
INPEROX,2024-2025,1,I0001/24-25,LP,T,INVOICE-15042024-INPEROX-IPL-Dahej-I-1,null,null,null,null,Y,NAKUL ASHOK RAHEJA,16/04/2024 00:00:00,null,null,null
INPEROX,2023-2024,7,I0007/23-24,LP,O,INVOICE-28092023-INPEROX-IPL-Dahej-I-7,46,28/09/2023 00:00:00,null,null,Y,NAKUL ASHOK RAHEJA,28/09/2023 00:00:00,null,null,null
INPEROX,2023-2024,7,I0007/23-24,LP,D,INVOICE-28092023-INPEROX-IPL-Dahej-I-7,46,28/09/2023 00:00:00,null,null,Y,NAKUL ASHOK RAHEJA,28/09/2023 00:00:00,null,null,null
INPEROX,2023-2024,7,I0007/23-24,LP,T,INVOICE-28092023-INPEROX-IPL-Dahej-I-7,46,28/09/2023 00:00:00,null,null,Y,NAKUL ASHOK RAHEJA,28/09/2023 00:00:00,null,null,null
INPEROX,2023-2024,8,I0008/23-24,LP,O,INVOICE-10102023-INPEROX-IPL-Dahej-I-8,46,10/10/2023 00:00:00,null,null,Y,NAKUL ASHOK RAHEJA,10/10/2023 00:00:00,null,null,null
INPEROX,2023-2024,8,I0008/23-24,LP,D,INVOICE-10102023-INPEROX-IPL-Dahej-I-8,46,10/10/2023 00:00:00,null,null,Y,NAKUL ASHOK RAHEJA,10/10/2023 00:00:00,null,null,null
INPEROX,2023-2024,8,I0008/23-24,LP,T,INVOICE-10102023-INPEROX-IPL-Dahej-I-8,46,10/10/2023 00:00:00,null,null,Y,NAKUL ASHOK RAHEJA,10/10/2023 00:00:00,null,null,null
INPEROX,2023-2024,9,I0009/23-24,LP,O,INVOICE-13112023-INPEROX-IPL-Dahej-I-9,201,13/11/2023 00:00:00,null,null,Y,NAKUL ASHOK RAHEJA,13/11/2023 00:00:00,null,null,null
INPEROX,2023-2024,9,I0009/23-24,LP,D,INVOICE-13112023-INPEROX-IPL-Dahej-I-9,201,13/11/2023 00:00:00,null,null,Y,NAKUL ASHOK RAHEJA,13/11/2023 00:00:00,null,null,null
INPEROX,2023-2024,9,I0009/23-24,LP,T,INVOICE-13112023-INPEROX-IPL-Dahej-I-9,201,13/11/2023 00:00:00,null,null,Y,NAKUL ASHOK RAHEJA,13/11/2023 00:00:00,null,null,null
INPEROX,2023-2024,10,I0010/23-24,LP,O,INVOICE-24112023-INPEROX-IPL-Dahej-I-10,201,24/11/2023 00:00:00,null,null,Y,NAKUL ASHOK RAHEJA,24/11/2023 00:00:00,null,null,null
INPEROX,2023-2024,10,I0010/23-24,LP,D,INVOICE-24112023-INPEROX-IPL-Dahej-I-10,201,24/11/2023 00:00:00,null,null,Y,NAKUL ASHOK RAHEJA,24/11/2023 00:00:00,null,null,null
INPEROX,2023-2024,10,I0010/23-24,LP,T,INVOICE-24112023-INPEROX-IPL-Dahej-I-10,201,24/11/2023 00:00:00,null,null,Y,NAKUL ASHOK RAHEJA,24/11/2023 00:00:00,null,null,null
GOAGLSF,2022-2023,5,I0005/22-23,LP,O,INVOICE-21032023-GOAGLSF-GGF_CST3-I-5,153,21/03/2023 00:00:00,null,null,Y,ROHIT MALHOTRA,21/03/2023 00:00:00,null,null,null
GOAGLSF,2022-2023,5,I0005/22-23,LP,T,INVOICE-21032023-GOAGLSF-GGF_CST3-I-5,153,21/03/2023 00:00:00,null,null,Y,ROHIT MALHOTRA,21/03/2023 00:00:00,null,null,null
GOAGLSF,2022-2023,5,I0005/22-23,LP,D,INVOICE-21032023-GOAGLSF-GGF_CST3-I-5,153,21/03/2023 00:00:00,null,null,Y,ROHIT MALHOTRA,21/03/2023 00:00:00,null,null,null
SVTPLIN,2024-2025,2,I0002/24-25,LP,O,INVOICE-15042024-SVTPLIN-SVT-6VAT-I-2,null,null,null,null,Y,NAKUL ASHOK RAHEJA,16/04/2024 00:00:00,null,null,null
SVTPLIN,2024-2025,2,I0002/24-25,LP,D,INVOICE-15042024-SVTPLIN-SVT-6VAT-I-2,null,null,null,null,Y,NAKUL ASHOK RAHEJA,16/04/2024 00:00:00,null,null,null
SVTPLIN,2024-2025,2,I0002/24-25,LP,T,INVOICE-15042024-SVTPLIN-SVT-6VAT-I-2,null,null,null,null,Y,NAKUL ASHOK RAHEJA,16/04/2024 00:00:00,null,null,null
SVTPLIN,2024-2025,3,I0003/24-25,LP,O,INVOICE-29042024-SVTPLIN-SVT-6VAT-I-3,46,29/04/2024 00:00:00,null,null,Y,NAKUL ASHOK RAHEJA,29/04/2024 00:00:00,null,null,null
SVTPLIN,2024-2025,3,I0003/24-25,LP,D,INVOICE-29042024-SVTPLIN-SVT-6VAT-I-3,46,29/04/2024 00:00:00,null,null,Y,NAKUL ASHOK RAHEJA,29/04/2024 00:00:00,null,null,null
SVTPLIN,2024-2025,3,I0003/24-25,LP,T,INVOICE-29042024-SVTPLIN-SVT-6VAT-I-3,46,29/04/2024 00:00:00,null,null,Y,NAKUL ASHOK RAHEJA,29/04/2024 00:00:00,null,null,null
SVTPLIN,2024-2025,5,I0005/24-25,LP,O,INVOICE-13052024-SVTPLIN-SVT-6VAT-I-5,201,13/05/2024 00:00:00,null,null,Y,NAKUL ASHOK RAHEJA,13/05/2024 00:00:00,null,null,null
SVTPLIN,2024-2025,5,I0005/24-25,LP,D,INVOICE-13052024-SVTPLIN-SVT-6VAT-I-5,201,13/05/2024 00:00:00,null,null,Y,NAKUL ASHOK RAHEJA,13/05/2024 00:00:00,null,null,null
SVTPLIN,2024-2025,5,I0005/24-25,LP,T,INVOICE-13052024-SVTPLIN-SVT-6VAT-I-5,201,13/05/2024 00:00:00,null,null,Y,NAKUL ASHOK RAHEJA,13/05/2024 00:00:00,null,null,null
SVTPLIN,2024-2025,7,I0007/24-25,LP,O,INVOICE-26062024-SVTPLIN-SVT-6VAT-I-7,201,26/06/2024 00:00:00,null,null,Y,NAKUL ASHOK RAHEJA,26/06/2024 00:00:00,null,null,null
SVTPLIN,2024-2025,7,I0007/24-25,LP,D,INVOICE-26062024-SVTPLIN-SVT-6VAT-I-7,201,26/06/2024 00:00:00,null,null,Y,NAKUL ASHOK RAHEJA,26/06/2024 00:00:00,null,null,null
SVTPLIN,2024-2025,7,I0007/24-25,LP,T,INVOICE-26062024-SVTPLIN-SVT-6VAT-I-7,201,26/06/2024 00:00:00,null,null,Y,NAKUL ASHOK RAHEJA,26/06/2024 00:00:00,null,null,null
