COMPANY_CD,FINANCIAL_YEAR,COUNTERPARTY_CD,AGMT_NO,AGMT_REV,CONT_NO,CONT_REV,CONTRACT_TYPE,BU_UNIT,BU_STATE_TIN,BU_CONTACT_PERSON_CD,ADDR_FLAG,CONTACT_PERSON_CD,INVOICE_TYPE,INVOICE_SEQ,INVOICE_NO,LINE_NO,LINE_DESC,UNIT,QTY,RATE,AMOUNT,ENT_BY,ENT_DT,CARGO_NO
RIL,2016-2017,C-1-1-3-0,3,0,24,0,O,1,0,0001/16-17,cr,null,CR,228,0001/16-17,1,REV_INV,USD,437363.66,.8,349890.928,23,03/08/2016 12:22:12,null
RIL,2016-2017,C-1-1-3-0,3,0,24,0,O,1,0,0002/16-17,cr,null,CR,229,0002/16-17,1,REV_INV,USD,235062.67,.8,188050.136,23,03/08/2016 12:26:14,null
RIL,2016-2017,C-1-1-3-0,3,0,24,0,O,1,0,0003/16-17,cr,null,CR,230,0003/16-17,1,REV_INV,USD,136353,.8,109082.4,23,03/08/2016 12:29:15,null
RIL,2016-2017,C-1-1-3-0,3,0,24,0,O,1,0,0004/16-17,cr,null,CR,239,0004/16-17,1,REV_INV,USD,1298493,.8,1038794.4,23,03/08/2016 12:30:23,null
RIL,2017-2018,C-1-1-4-0,4,0,15,0,O,1,0,0003/17-18,cr,null,CR,137,0003/17-18,1,REV_INV,USD,472513.19,.8,378010.552,23,19/06/2017 16:11:18,null
RIL,2017-2018,C-1-1-4-0,4,0,16,0,O,1,0,0004/17-18,cr,null,CR,145,0004/17-18,1,REV_INV,USD,40568.57,.8,32454.856,23,19/06/2017 16:12:17,null
RIL,2019-2020,L-1-1-0,1,0,1,0,L,1,0,D018/19-20,dr,null,DR,115,D018/19-20,1,DIFF-EXG,USD,97644.68,5.07,495058.5276,23,25/02/2020 14:07:05,null
GSPCL,2018-2019,A-3-4-12018-0,12018,0,12,0,Q,1,0,C006/18-19,cr,null,CR,472,C006/18-19,1,DIFF-EXG,USD,1199549.8,.78,935648.844,23,03/01/2019 09:17:09,null
GSPCL,2019-2020,117,1,0,105,3,S,1,0,D006/19-20,dr,null,DR,95,D006/19-20,1,DIFF-EXG,USD,784414.95,6.15,4824151.9425,6,04/02/2020 14:53:56,null
Gail,2025-2026,A-4-7-10722-0,7,0,10722,0,Q,1,24,2LGJ0025/25-26,null,null,OR,25,2LGJ0025/25-26,1,TLU Charges (Cubal LNG dtd 09-June-25 ),INR,1768.9,90.57,160209.27,null,null,null
Gail,2025-2026,A-4-7-10722-0,7,0,10722,0,Q,1,24,2LGJ0026/25-26,null,null,OR,26,2LGJ0026/25-26,1,TLU Charges (Lobito LNG dtd 21-June-25),INR,6209.89,90.57,562429.74,null,null,null
Gail,2020-2021,A-4-5-10519-0,5,0,10519,0,Q,1,0,L00139/20-21 ,null,null,SI,139,L00139/20-21 ,1,null,USD,1187579.68,.76,902560.5568,23,16/06/2020 00:00:00,null
Gail,2019-2020,22,2,0,1,1,S,1,0,C002/19-20,cr,null,CR,24,C002/19-20,1,REV_INV,USD,352854,5.94,2095952.76,23,01/07/2019 13:06:15,null
Gail,2019-2020,24,2,1,3,1,S,1,0,D007/19-20,dr,null,DR,96,D007/19-20,1,DIFF-EXG,USD,778000,5.4,4201200,6,04/02/2020 15:39:55,null
Gail,2020-2021,A-4-5-10519-0,10519,0,1,0,Q,1,0,D0001/20-21,dr,null,DR,113,D0001/20-21,1,DIFF-EXG,USD,1187579.68,.76,902560.5568,23,16/06/2020 17:59:34,null
KRIBHCO,2019-2020,L-19-1-0,19,0,1,0,L,1,0,C003/19-20,cr,null,CR,121,C003/19-20,1,DIFF-PRICE,USD,179445,5.97,1071286.65,23,26/02/2020 14:09:11,null
DFPCL,2023-2024,06,2,0,6,0,S,1,27,SMH0018/23-24,null,null,OR,18,SMH0018/23-24,1,null,USD,79400.09,16.82,1335509.5138,153,02/05/2023 00:00:00,null
HPCL,2021-2022,9-0,2,0,9,0,S,1,0,I0011/21-22,null,null,LP,11,I0011/21-22,1,Delayed Payment Invoice Generated Against Invoice No. S0052/21-22 dated 03-JUN-21,INR,56750,6.78,384765,49,17/06/2021 00:00:00,0
HPCL,2019-2020,19,2,0,5,0,S,1,0,C001/19-20,cr,null,CR,5,C001/19-20,1,REV_INV,USD,83067.74,6.12,508374.5688,23,17/04/2019 17:12:06,null
GSFC,2019-2020,3,1,0,3,0,S,1,0,D008/19-20,dr,null,DR,97,D008/19-20,1,DIFF-EXG,USD,94096,5.63,529760.48,6,04/02/2020 15:44:03,null
AMNS,2023-2024,A-33-19-11921-0,19,0,11921,0,Q,1,24,L00003/23-24,null,null,DI,3,L00003/23-24,1,Deficiency Payment for Berthing Slot No. 04 dated 14-15 April 2023,USD,3200000,.76,2432000,null,null,null
AMNS,2023-2024,A-33-19-11921-0,19,0,11921,0,Q,1,24,L00009/23-24,null,null,DI,9,L00009/23-24,1,Deficiency Payment for Berthing Slot No. 05 dated 04-05 May 2023,USD,156900,.76,119244,null,null,null
AMNS,2023-2024,A-33-19-11921-0,19,0,11921,0,Q,1,24,L00022/23-24,null,null,DI,22,L00022/23-24,1,Deficiency Payment for Berthing Slot No. 07 dated 20-21 June 2023,USD,3200000,.76,2432000,null,null,null
AMNS,2023-2024,A-33-19-11921-0,19,0,11921,0,Q,1,24,L00041/23-24,null,null,DI,41,L00041/23-24,1,Deficiency Payment for Berthing Slot no.09 dated 27-28 July 2023,USD,3200000,.76,2432000,null,null,null
AMNS,2023-2024,A-33-19-11921-0,19,0,11921,0,Q,1,24,L00061/23-24,null,null,DI,61,L00061/23-24,1,Deficiency Payment for Berthing Slot No. 11 dated 26-Sep-23,USD,1640000,.76,1246400,null,null,null
AMNS,2023-2024,A-33-19-11921-0,19,0,11921,0,Q,1,24,L00066/23-24,null,null,SI,66,L00066/23-24,1,Service Charges,USD,300000,.76,228000,null,null,null
AMNS,2023-2024,A-33-19-11921-0,19,0,11921,0,Q,1,24,L00075/23-24,null,null,DI,75,L00075/23-24,1,Deficiency Payment for Berthing Slot no.13 dated 01-02 November 2023,USD,3200000,.76,2432000,null,null,null
AMNS,2022-2023,A-33-19-11921-0,19,0,11921,0,Q,1,24,L00075/22-23,null,null,DI,75,L00075/22-23,2,Deficiency Payment for Berthing Slot no.15 dated 20-21 July 2022,USD,3200000,.76,2432000,null,null,null
AMNS,2024-2025,A-33-19-11921-0,19,0,11921,0,Q,1,24,L00079/24-25,null,null,SI,79,L00079/24-25,1,Service Charges,USD,36200,.76,27512,null,null,null
AMNS,2023-2024,A-33-19-11921-0,19,0,11921,0,Q,1,24,L00083/23-24,null,null,DI,83,L00083/23-24,1,Service charges,USD,150000,.76,114000,null,null,null
AMNS,2024-2025,A-33-19-11921-0,19,0,11921,0,Q,1,24,L00084/24-25,null,null,SI,84,L00084/24-25,1,Service Charges ,USD,347800,.76,264328,null,null,null
AMNS,2023-2024,A-33-19-11921-0,19,0,11921,0,Q,1,24,L00085/23-24,null,null,DI,85,L00085/23-24,1,Deficiency invoice for Berthing slot no-15 cargo dated 05-06 December 2023,USD,3200000,.76,2432000,null,null,null
AMNS,2024-2025,A-33-19-11921-0,19,0,11921,0,Q,1,24,L00085/24-25,null,null,ST,85,L00085/24-25,2,Storage Charges For The Extended Storage Duration (30-31 Jan 2025) For Cargo Arrived on 14-01-2025,INR,4467029.58,2,8934059.16,null,null,null
AMNS,2024-2025,A-33-19-11921-0,19,0,11921,0,Q,1,24,L00088/24-25,null,null,ST,88,L00088/24-25,1,Storage Charges For The Extended Storage Duration (01-15 Feb-25) For Cargo Arrived on 14-01-2025,INR,27677055.92,2,55354111.84,null,null,null
AMNS,2024-2025,A-33-19-11921-0,19,0,11921,0,Q,1,24,L00089/24-25,null,null,SI,89,L00089/24-25,1,Service Charges,USD,51300,.76,38988,null,null,null
AMNS,2023-2024,A-33-19-11921-0,19,0,11921,0,Q,1,24,L00094/23-24,null,null,SI,94,L00094/23-24,1,Service Charges,USD,300000,.76,228000,null,null,null
AMNS,2022-2023,A-33-19-11921-0,19,0,11921,0,Q,1,24,L00094/22-23,null,null,DI,94,L00094/22-23,2,Deficiency Payment for Berthing Slot no.08 dated 20-21 Aug 2022,USD,3200000,.76,2432000,null,null,null
AMNS,2024-2025,A-33-19-11921-0,19,0,11921,0,Q,1,24,L00095/24-25,null,null,SI,95,L00095/24-25,1,Service Charges,USD,15445,.76,11738.2,null,null,null
AMNS,2023-2024,A-33-19-11921-0,19,0,11921,0,Q,1,24,L00096/23-24,null,null,ST,96,L00096/23-24,1,Storage Charges For The Extended Storage Duration For Cargo Arrived on 23-12-2023,INR,300000,2,600000,null,null,null
AMNS,2024-2025,A-33-19-11921-0,19,0,11921,0,Q,1,24,L00096/24-25,null,null,SI,96,L00096/24-25,2,Service Charges,USD,149255,.0076,1134.34,null,null,null
AMNS,2024-2025,A-33-19-11921-0,19,0,11921,0,Q,1,24,L00097/24-25,null,null,ST,97,L00097/24-25,1,Storage Charges For The Extended Storage Duration (16-28 Feb-25) For Cargo Arrived on 14-01-2025,INR,13138104.05,2,26276208.1,null,null,null
AMNS,2024-2025,A-33-19-11921-0,19,0,11921,0,Q,1,24,L00098/24-25,null,null,SI,98,L00098/24-25,1,Service Charges,USD,149255,.0684,10209.04,null,null,null
AMNS,2024-2025,A-33-19-11921-0,19,0,11921,0,Q,1,24,L00102/24-25,null,null,ST,102,L00102/24-25,1,Storage Charges For The Extended Storage Duration (01-15 Mar-25) For Cargo Arrived on 14-01-2025,INR,3575968.29,2,7151936.58,null,null,null
AMNS,2022-2023,A-33-19-11921-0,19,0,11921,0,Q,1,24,L00108/22-23,null,null,SI,108,L00108/22-23,1,Service Charges,USD,2200000,.76,1672000,null,null,null
AMNS,2022-2023,A-33-19-11921-0,19,0,11921,0,Q,1,24,L00139/22-23,null,null,DI,139,L00139/22-23,1,Deficiency Payment for Berthing Slot no.16 dated 27- 28 Oct 2022,USD,3200000,.76,2432000,null,null,null
AMNS,2022-2023,A-33-19-11921-0,19,0,11921,0,Q,1,24,L00159/22-23,null,null,DI,159,L00159/22-23,1,Deficiency Payment for Berthing Slot no.13 dated 16- 17 Dec 2022,USD,3200000,.76,2432000,null,null,null
AMNS,2022-2023,A-33-19-11921-0,19,0,11921,0,Q,1,24,L00165/22-23,null,null,SI,165,L00165/22-23,1,Service Charges,USD,305000,.76,231800,null,null,null
AMNS,2022-2023,A-33-19-11921-0,19,0,11921,0,Q,1,24,L00169/22-23,null,null,SI,169,L00169/22-23,1,Service Charges,USD,128500,.76,97660,null,null,null
AMNS,2022-2023,A-33-19-11921-0,19,0,11921,0,Q,1,24,L00175/22-23,null,null,DI,175,L00175/22-23,1,Service Invoice against LNG Purchase under SP23,USD,150485.48,.76,114368.96,null,null,null
AMNS,2022-2023,A-33-19-11921-0,19,0,11921,0,Q,1,24,L00176/22-23,null,null,DI,176,L00176/22-23,1,Deficiency Payment for Berthing Slot no.02 dated 28 Feb-01 Mar 2023,USD,3200000,.76,2432000,null,null,null
AMNS,2022-2023,A-33-19-11921-0,19,0,11921,0,Q,1,24,L00183/22-23,null,null,SI,183,L00183/22-23,1,Service Charges,USD,181632.97,.76,138041.06,null,null,null
AMNS,2021-2022,A-33-19-11921-0,19,0,11921,0,Q,1,24,L00207/21-22,null,null,DI,207,L00207/21-22,1,Deficiency Payment for Berthing Slot 2 dated 22-23 Nov-2021,USD,3040000,.76,2310400,null,null,null
AMNS,2021-2022,A-33-19-11921-0,19,0,11921,0,Q,1,24,L00208/21-22,null,null,DI,208,L00208/21-22,1,Deficiency Payment for Berthing Slot 7 dated 29-Jun-2021,USD,165810,.76,126015.6,null,null,null
AMNS,2021-2022,A-33-19-11921-0,19,0,11921,0,Q,1,24,L00209/21-22,null,null,DI,209,L00209/21-22,1,Deficiency Payment for Berthing Slot 8 dated 27-Jul-2021,USD,130000,.76,98800,null,null,null
AMNS,2021-2022,A-33-19-11921-0,19,0,11921,0,Q,1,24,L00210/21-22,null,null,DI,210,L00210/21-22,1,Deficiency Payment for Berthing Slot 9 dated 19-20 Dec-2021,USD,3040000,.76,2310400,null,null,null
AMNS,2020-2021,A-33-17-11719-0,11719,0,9,0,Q,1,0,L00331/20-21,null,null,LP,331,L00331/20-21,1,Delayed Payment Invoice Generated Against Invoice No. L00226/20-21 dated 05-AUG-20,INR,2945040,450.76,1327506230.4,23,08/10/2020 00:00:00,0
AMNS,2020-2021,A-33-17-11719-0,11719,0,10,0,Q,1,0,L00332/20-21,null,null,LP,332,L00332/20-21,1,Delayed Payment Invoice Generated Against Invoice No. L00249/20-21 dated 26-AUG-20,INR,1673350,457.67,765842094.5,23,08/10/2020 00:00:00,0
AMNS,2020-2021,A-33-17-11719-0,11719,0,11,0,Q,1,0,L00333/20-21,null,null,LP,333,L00333/20-21,1,Delayed Payment Invoice Generated Against Invoice No. L00276/20-21 dated 07-SEP-20,INR,3105560,442.93,1375545690.8,23,08/10/2020 00:00:00,0
AMNS,2020-2021,A-33-17-11719-0,11719,0,12,0,Q,1,0,L00334/20-21,null,null,LP,334,L00334/20-21,1,Delayed Payment Invoice Generated Against Invoice No. L00296/20-21 dated 23-SEP-20,INR,2900740,442.75,1284302635,23,08/10/2020 00:00:00,0
AMNS,2021-2022,A-33-19-11921-0,11921,0,7,0,Q,1,0,L00144/21-22,null,null,LP,144,L00144/21-22,1,Delayed Payment Invoice Generated Against Invoice No. L00115/21-22 dated 21-JUL-21,INR,0,0,0,49,16/08/2021 00:00:00,0
AMNS,2022-2023,A-33-19-11921-0,11921,0,25,0,Q,1,0,L00156/22-23,null,null,LP,156,L00156/22-23,1,Delayed Payment Invoice Generated Against Invoice No. L00152/22-23 dated 26-NOV-22,INR,1160979.39,.76,882344.3364,153,06/12/2022 00:00:00,0
AMNS,2022-2023,A-33-19-11921-0,11921,0,26,0,Q,1,0,L00157/22-23,null,null,LP,157,L00157/22-23,1,Delayed Payment Invoice Generated Against Invoice No. L00153/22-23 dated 28-NOV-22,INR,3043340,2817.82,8575584318.8,153,06/12/2022 00:00:00,0
AMNS,2022-2023,A-33-19-11921-0,11921,0,19,0,Q,1,0,L00019/22-23,null,null,LP,19,L00019/22-23,1,Delayed Payment Invoice Generated Against Invoice No. L00015/22-23 dated 30-APR-22,INR,0,0,0,49,10/05/2022 00:00:00,0
AMNS,2021-2022,20,1,0,21,0,S,1,0,I0026/21-22,null,null,LP,26,I0026/21-22,1,Delayed Payment Invoice Generated Against Invoice No. S0157/21-22 dated 15-NOV-21,INR,144651.47,4.78,691434.0266,23,07/01/2022 00:00:00,0
AMNS,2021-2022,A-33-19-11921-0,11921,0,12,0,Q,1,0,L00205/21-22,null,null,LP,205,L00205/21-22,1,Delayed Payment Invoice Generated Against Invoice No. L00182/21-22 dated 13-OCT-21,INR,0,0,0,23,07/01/2022 00:00:00,0
AMNS,2021-2022,A-33-19-11921-0,11921,0,11,0,Q,1,0,L00206/21-22,null,null,LP,206,L00206/21-22,1,Delayed Payment Invoice Generated Against Invoice No. L00176/21-22 dated 29-SEP-21,INR,0,0,0,23,07/01/2022 00:00:00,0
AMNS,2021-2022,A-33-19-11921-0,11921,0,15,0,Q,1,0,L00217/21-22,null,null,LP,217,L00217/21-22,1,Delayed Payment Invoice Generated Against Invoice No. L00212/21-22 dated 15-JAN-22,INR,1038087.64,.76,788946.6064,49,27/01/2022 00:00:00,0
AMNS,2022-2023,A-33-19-11921-0,11921,0,22,0,Q,1,0,L00085/22-23,null,null,LP,85,L00085/22-23,1,Delayed Payment Invoice Generated Against Invoice No. L00071/22-23 dated 02-AUG-22,INR,215552.83,.76,163820.1508,130,22/08/2022 00:00:00,0
AMNS,2022-2023,A-33-19-11921-0,11921,0,24,0,Q,1,0,L00135/22-23,null,null,LP,135,L00135/22-23,1,Delayed Payment Invoice Generated Against Invoice No. L00117/22-23 dated 07-OCT-22,INR,0,0,0,153,18/10/2022 00:00:00,0
AMNS,2022-2023,A-33-19-11921-0,11921,0,24,0,Q,1,0,L00136/22-23,null,null,LP,136,L00136/22-23,1,Delayed Payment Invoice Generated Against Invoice No. L00125/22-23 dated 10-OCT-22,INR,0,0,0,153,18/10/2022 00:00:00,0
AMNS,2022-2023,A-33-19-11921-0,11921,0,24,0,Q,1,0,L00137/22-23,null,null,LP,137,L00137/22-23,1,Delayed Payment Invoice Generated Against Invoice No. L00115/22-23 dated 30-SEP-22,INR,17413.67,.76,13234.3892,153,18/10/2022 00:00:00,0
AMNS,2022-2023,A-33-19-11921-0,11921,0,23,0,Q,1,0,L00121/22-23,null,null,LP,121,L00121/22-23,1,Delayed Payment Invoice Generated Against Invoice No. L00105/22-23 dated 19-SEP-22,INR,0,0,0,130,10/10/2022 00:00:00,0
AMNS,2022-2023,A-33-19-11921-0,11921,0,22,0,Q,1,0,L00069/22-23,null,null,LP,69,L00069/22-23,1,Delayed Payment Invoice Generated Against Invoice No. L00060/22-23 dated 25-JUL-22,INR,0,0,0,130,01/08/2022 00:00:00,0
AMNS,2022-2023,A-33-19-11921-0,11921,0,23,0,Q,1,0,L00122/22-23,null,null,LP,122,L00122/22-23,1,Delayed Payment Invoice Generated Against Invoice No. L00107/22-23 dated 23-SEP-22,INR,0,0,0,130,10/10/2022 00:00:00,0
AMNS,2022-2023,A-33-19-11921-0,11921,0,23,0,Q,1,0,L00123/22-23,null,null,LP,123,L00123/22-23,1,Delayed Payment Invoice Generated Against Invoice No. L00110/22-23 dated 30-SEP-22,INR,0,0,0,130,10/10/2022 00:00:00,0
AMNS,2022-2023,A-33-19-11921-0,11921,0,24,0,Q,1,0,L00124/22-23,null,null,LP,124,L00124/22-23,1,Delayed Payment Invoice Generated Against Invoice No. L00112/22-23 dated 30-SEP-22,INR,0,0,0,130,10/10/2022 00:00:00,0
AMNS,2022-2023,A-33-19-11921-0,11921,0,23,0,Q,1,0,L00118/22-23,null,null,LP,118,L00118/22-23,1,Delayed Payment Invoice Generated Against Invoice No. L00095/22-23 dated 05-SEP-22,INR,0,0,0,153,10/10/2022 00:00:00,0
AMNS,2022-2023,A-33-19-11921-0,11921,0,24,0,Q,1,0,L00119/22-23,null,null,LP,119,L00119/22-23,1,Delayed Payment Invoice Generated Against Invoice No. L00097/22-23 dated 12-SEP-22,INR,3149420,3592.41,11314007902.2,153,10/10/2022 00:00:00,0
AMNS,2022-2023,A-33-19-11921-0,11921,0,23,0,Q,1,0,L00120/22-23,null,null,LP,120,L00120/22-23,1,Delayed Payment Invoice Generated Against Invoice No. L00098/22-23 dated 12-SEP-22,INR,0,0,0,153,10/10/2022 00:00:00,0
AMNS,2021-2022,20,1,0,21,0,S,1,0,I0028/21-22,null,null,LP,28,I0028/21-22,1,Delayed Payment Invoice Generated Against Invoice No. S0193/21-22 dated 15-JAN-22,INR,101219.14,4.78,483827.4892,23,28/01/2022 00:00:00,0
AMNS,2021-2022,A-33-19-11921-0,11921,0,15,0,Q,1,0,L00219/21-22,null,null,LP,219,L00219/21-22,1,Delayed Payment Invoice Generated Against Invoice No. L00215/21-22 dated 25-JAN-22,INR,759226.36,.76,577012.0336,49,01/02/2022 00:00:00,0
AMNS,2021-2022,A-33-19-11921-0,11921,0,13,0,Q,1,0,L00203/21-22,null,null,LP,203,L00203/21-22,1,Delayed Payment Invoice Generated Against Invoice No. L00192/21-22 dated 07-NOV-21,INR,531962.44,.76,404291.4544,23,29/12/2021 00:00:00,0
AMNS,2022-2023,A-33-19-11921-0,11921,0,21,0,Q,1,0,L00047/22-23,null,null,LP,47,L00047/22-23,1,Delayed Payment Invoice Generated Against Invoice No. L00041/22-23 dated 20-JUN-22,INR,0,0,0,130,01/07/2022 00:00:00,0
AMNS,2022-2023,A-33-19-11921-0,11921,0,28,0,Q,1,0,L00173/22-23,null,null,LP,173,L00173/22-23,1,Delayed Payment Invoice Generated Against Invoice No. L00170/22-23 dated 09-FEB-23,INR,3181120,2192.51,6974637411.2,130,22/02/2023 00:00:00,0
AMNS,2022-2023,21,1,0,23,0,S,1,0,I0001/22-23,null,null,LP,1,I0001/22-23,1,Delayed Payment Invoice Generated Against Invoice No. S0006/22-23 dated 26-APR-22,INR,232718.72,30.1,7004833.472,23,10/05/2022 00:00:00,0
AMNS,2022-2023,A-33-19-11921-0,11921,0,22,0,Q,1,0,L00084/22-23,null,null,LP,84,L00084/22-23,1,Delayed Payment Invoice Generated Against Invoice No. L00070/22-23 dated 02-AUG-22,INR,0,0,0,130,22/08/2022 00:00:00,0
AMNS,2022-2023,A-33-19-11921-0,11921,0,23,0,Q,1,0,L00086/22-23,null,null,LP,86,L00086/22-23,1,Delayed Payment Invoice Generated Against Invoice No. L00081/22-23 dated 16-AUG-22,INR,0,0,0,130,22/08/2022 00:00:00,0
AMNS,2022-2023,A-33-19-11921-0,11921,0,25,0,Q,1,0,L00160/22-23,null,null,LP,160,L00160/22-23,1,Delayed Payment Invoice Generated Against Invoice No. L00145/22-23 dated 15-NOV-22,INR,0,0,0,153,21/12/2022 00:00:00,0
AMNS,2022-2023,A-33-19-11921-0,11921,0,19,0,Q,1,0,L00011/22-23,null,null,LP,11,L00011/22-23,1,Delayed Payment Invoice Generated Against Invoice No. L00005/22-23 dated 14-APR-22,INR,0,0,0,49,28/04/2022 00:00:00,0
AMNS,2022-2023,A-33-19-11921-0,11921,0,19,0,Q,1,0,L00012/22-23,null,null,LP,12,L00012/22-23,1,Delayed Payment Invoice Generated Against Invoice No. L00006/22-23 dated 18-APR-22,INR,0,0,0,49,28/04/2022 00:00:00,0
AMNS,2022-2023,A-33-19-11921-0,11921,0,19,0,Q,1,0,L00013/22-23,null,null,LP,13,L00013/22-23,1,Delayed Payment Invoice Generated Against Invoice No. L00007/22-23 dated 21-APR-22,INR,0,0,0,49,28/04/2022 00:00:00,0
AMNS,2022-2023,A-33-19-11921-0,11921,0,19,0,Q,1,0,L00032/22-23,null,null,LP,32,L00032/22-23,1,Delayed Payment Invoice Generated Against Invoice No. L00010/22-23 dated 28-APR-22,INR,0,0,0,49,01/06/2022 00:00:00,0
AMNS,2021-2022,A-33-19-11921-0,11921,0,15,0,Q,1,0,L00213/21-22,null,null,LP,213,L00213/21-22,1,Delayed Payment Invoice Generated Against Invoice No. L00204/21-22 dated 31-DEC-21,INR,1075592.76,.76,817450.4976,49,21/01/2022 00:00:00,0
AMNS,2022-2023,A-33-19-11921-0,11921,0,23,0,Q,1,0,L00093/22-23,null,null,LP,93,L00093/22-23,1,Delayed Payment Invoice Generated Against Invoice No. L00083/22-23 dated 22-AUG-22,INR,0,0,0,130,01/09/2022 00:00:00,0
AMNS,2023-2024,A-33-19-11921-0,11921,0,32,0,Q,1,0,L00043/23-24,null,null,LP,43,L00043/23-24,1,Delayed Payment Invoice Generated Against Invoice No. L00040/23-24 dated 04-AUG-23,INR,0,0,0,113,11/08/2023 00:00:00,0
AMNS,2021-2022,A-33-19-11921-0,11921,0,17,0,Q,1,0,L00236/21-22,null,null,LP,236,L00236/21-22,1,Delayed Payment Invoice Generated Against Invoice No. L00227/21-22 dated 24-FEB-22,INR,0,0,0,49,08/03/2022 00:00:00,0
AMNS,2021-2022,A-33-19-11921-0,11921,0,17,0,Q,1,0,L00237/21-22,null,null,LP,237,L00237/21-22,1,Delayed Payment Invoice Generated Against Invoice No. L00229/21-22 dated 28-FEB-22,INR,0,0,0,49,08/03/2022 00:00:00,0
AMNS,2022-2023,A-33-19-11921-0,11921,0,25,0,Q,1,0,L00147/22-23,null,null,LP,147,L00147/22-23,1,Delayed Payment Invoice Generated Against Invoice No. L00142/22-23 dated 31-OCT-22,INR,1169768.82,.76,889024.3032,49,21/11/2022 00:00:00,0
AMNS,2022-2023,A-33-19-11921-0,11921,0,25,0,Q,1,0,L00155/22-23,null,null,LP,155,L00155/22-23,1,Delayed Payment Invoice Generated Against Invoice No. L00146/22-23 dated 21-NOV-22,INR,0,0,0,49,01/12/2022 00:00:00,0
AMNS,2021-2022,A-33-19-11921-0,11921,0,15,0,Q,1,0,L00228/21-22,null,null,LP,228,L00228/21-22,1,Delayed Payment Invoice Generated Against Invoice No. L00216/21-22 dated 25-JAN-22,INR,0,0,0,49,25/02/2022 00:00:00,0
AMNS,2022-2023,A-33-19-11921-0,11921,0,22,0,Q,1,0,L00073/22-23,null,null,LP,73,L00073/22-23,1,Delayed Payment Invoice Generated Against Invoice No. L00062/22-23 dated 28-JUL-22,INR,0,0,0,130,08/08/2022 00:00:00,0
AMNS,2022-2023,A-33-19-11921-0,11921,0,22,0,Q,1,0,L00074/22-23,null,null,LP,74,L00074/22-23,1,Delayed Payment Invoice Generated Against Invoice No. L00063/22-23 dated 31-JUL-22,INR,0,0,0,130,08/08/2022 00:00:00,0
AMNS,2023-2024,A-33-19-11921-0,11921,0,35,0,Q,1,0,L00074/23-24,null,null,LP,74,L00074/23-24,1,Delayed Payment Invoice Generated Against Invoice No. L00072/23-24 dated 31-OCT-23,INR,773502.79,.76,587862.1204,201,13/11/2023 00:00:00,0
AMNS,2021-2022,A-33-19-11921-0,11921,0,13,0,Q,1,0,L00211/21-22,null,null,LP,211,L00211/21-22,1,Delayed Payment Invoice Generated Against Invoice No. L00195/21-22 dated 02-DEC-21,INR,0,0,0,23,13/01/2022 00:00:00,0
AMNS,2021-2022,20,1,0,21,0,S,1,0,I0027/21-22,null,null,LP,27,I0027/21-22,1,Delayed Payment Invoice Generated Against Invoice No. S0191/21-22 dated 31-DEC-21,INR,27261.57,4.78,130310.3046,23,13/01/2022 00:00:00,0
AMNS,2025-2026,SN 78,1,0,38,1,S,1,0,2LPAP0001/25-26,null,null,LP,1,2LPAP0001/25-26,1,Delayed Payment Invoice Generated Against Invoice No. SAP0029/24-25 dated 31-MAR-25,INR,61965.22,871.4286,53998264.913292,201,08/04/2025 00:00:00,0
AMNS,2025-2026,SN 78,1,0,38,1,S,1,0,2LPMH0001/25-26,null,null,LP,1,2LPMH0001/25-26,1,Delayed Payment Invoice Generated Against Invoice No. SMH0116/24-25 dated 31-MAR-25,INR,46.54,871.4286,40556.287044,201,08/04/2025 00:00:00,0
AMNS,2025-2026,A-33-19-11921-0,11921,0,23,0,Q,1,0,2LLPGJ0001/25-26,null,null,LP,1,2LLPGJ0001/25-26,1,Delayed Payment Invoice Generated Against Invoice No. L00089/22-23 dated 31-AUG-22,INR,0,0,0,4,03/09/2025 15:50:15,0
AMNS,2020-2021,A-33-17-11719-0,17,0,11719,0,Q,1,0,L00046/20-21 ,null,null,SI,46,L00046/20-21 ,1,null,USD,620967.56,.78,484354.6968,23,09/05/2020 00:00:00,null
AMNS,2020-2021,A-33-17-11719-0,17,0,11719,0,Q,1,0,L00047/20-21 ,null,null,ST,47,L00047/20-21 ,1,null,INR,0,2,0,23,09/05/2020 00:00:00,null
AMNS,2020-2021,A-33-17-11719-0,17,0,11719,0,Q,1,0,L00071/20-21 ,null,null,SI,71,L00071/20-21 ,1,null,USD,1116016.59,.78,870492.9402,23,23/05/2020 00:00:00,null
AMNS,2020-2021,A-33-17-11719-0,17,0,11719,0,Q,1,0,L00072/20-21 ,null,null,ST,72,L00072/20-21 ,1,null,INR,0,2,0,23,23/05/2020 00:00:00,null
AMNS,2020-2021,A-33-17-11719-0,17,0,11719,0,Q,1,0,L00138/20-21 ,null,null,ST,138,L00138/20-21 ,1,null,USD,2397856.26,.78,1870327.8828,23,16/06/2020 00:00:00,null
AMNS,2020-2021,A-33-17-11719-0,17,0,11719,0,Q,1,0,L00141/20-21 ,null,null,ST,141,L00141/20-21 ,1,null,INR,0,2,0,23,17/06/2020 00:00:00,null
AMNS,2020-2021,A-33-17-11719-0,17,0,11719,0,Q,1,0,L00182/20-21 ,null,null,ST,182,L00182/20-21 ,1,null,INR,0,2,0,23,15/07/2020 00:00:00,null
AMNS,2020-2021,A-33-17-11719-0,17,0,11719,0,Q,1,0,L00044/20-21 ,null,null,ST,44,L00044/20-21 ,1,null,INR,0,2,0,23,01/05/2020 00:00:00,null
AMNS,2020-2021,A-33-17-11719-0,17,0,11719,0,Q,1,0,L00043/20-21 ,null,null,SI,43,L00043/20-21 ,1,null,USD,273092.44,.78,213012.1032,23,01/05/2020 00:00:00,null
AMNS,2020-2021,A-33-17-11719-0,17,0,11719,0,Q,1,0,L00017/20-21 ,null,null,ST,17,L00017/20-21 ,1,null,INR,0,2,0,23,23/04/2020 00:00:00,null
AMNS,2020-2021,A-33-17-11719-0,17,0,11719,0,Q,1,0,L00015/20-21 ,null,null,ST,15,L00015/20-21 ,1,null,INR,0,2,0,23,16/04/2020 00:00:00,null
AMNS,2020-2021,A-33-17-11719-0,17,0,11719,0,Q,1,0,L00016/20-21 ,null,null,SI,16,L00016/20-21 ,1,null,USD,402679.09,.78,314089.6902,23,23/04/2020 00:00:00,null
AMNS,2022-2023,A-33-19-11921-0,19,0,11921,0,Q,1,0,L00149/22-23,null,null,LP,149,L00149/22-23,1,null,USD,0,0,0,49,25/11/2022 00:00:00,null
AMNS,2022-2023,A-33-19-11921-0,19,0,11921,0,Q,1,0,L00150/22-23,null,null,LP,150,L00150/22-23,1,null,USD,0,0,0,49,25/11/2022 00:00:00,null
AMNS,2016-2017,A-33-1-12017-0,12017,0,1,0,Q,1,0,0005/16-17,cr,null,CR,669,0005/16-17,1,REV_INV,USD,262836.11,.8,210268.888,23,24/03/2017 11:33:25,null
AMNS,2019-2020,A-33-17-11719-0,11719,0,2,0,Q,1,0,D001/19-20,dr,null,DR,692,D001/19-20,1,DIFF-EXG,USD,1239465.32,.78,966782.9496,6,04/02/2020 15:55:28,null
AMNS,2021-2022,A-33-19-11921-0,19,0,11921,0,Q,1,0,C0001/21-22,cr,null,CR,13,C0001/21-22,1,DIFF-PRICE,USD,140990,.76,107152.4,4,20/10/2021 00:00:00,null
SEMTPL,2019-2020,02,1,0,2,0,S,1,0,D012/19-20,dr,null,DR,101,D012/19-20,1,DIFF-EXG,USD,30400,6.3,191520,6,04/02/2020 15:50:53,null
SGIPL,2021-2022,2,1,0,2,1,S,1,0,I0003/21-22,null,null,LP,3,I0003/21-22,1,Delayed Payment Invoice Generated Against Invoice No. S0293/20-21 dated 15-DEC-20,INR,8550,7.85,67117.5,49,02/06/2021 00:00:00,0
SGIPL,2021-2022,13-0,1,0,13,0,S,1,0,I0001/21-22,null,null,LP,1,I0001/21-22,1,Delayed Payment Invoice Generated Against Invoice No. S0281/20-21 dated 30-NOV-20,INR,12000,5.8004,69604.8,49,02/06/2021 00:00:00,0
SGIPL,2021-2022,2,1,0,2,1,S,1,0,I0002/21-22,null,null,LP,2,I0002/21-22,1,Delayed Payment Invoice Generated Against Invoice No. S0280/20-21 dated 30-NOV-20,INR,8550,7.85,67117.5,49,02/06/2021 00:00:00,0
SGIPL,2019-2020,2-0,1,1,2,0,S,1,0,D009/19-20,dr,null,DR,98,D009/19-20,1,DIFF-EXG,USD,32000,7.85,251200,6,04/02/2020 15:45:36,null
SGIPL,2019-2020,11-0,1,0,11,0,S,1,0,D010/19-20,dr,null,DR,99,D010/19-20,1,DIFF-EXG,USD,7200,5.8,41760,6,04/02/2020 15:47:18,null
SGIPL,2020-2021,13,1,0,13,0,S,1,0,D007/20-21,dr,null,DR,120,D007/20-21,1,DIFF-EXG,USD,1200,.0821,98.52,4,08/03/2021 00:00:00,null
HCG,2021-2022,1-0,1,0,1,0,S,1,0,I0006/21-22,null,null,LP,6,I0006/21-22,1,Delayed Payment Invoice Generated Against Invoice No. S0015/21-22 dated 30-APR-21,INR,6500,6.35,41275,49,02/06/2021 00:00:00,0
HCG,2021-2022,4-0,1,0,4,0,S,1,0,I0004/21-22,null,null,LP,4,I0004/21-22,1,Delayed Payment Invoice Generated Against Invoice No. S0017/21-22 dated 30-APR-21,INR,28500,5.04,143640,49,02/06/2021 00:00:00,0
HCG,2021-2022,2-0,1,0,2,0,S,1,0,I0005/21-22,null,null,LP,5,I0005/21-22,1,Delayed Payment Invoice Generated Against Invoice No. S0016/21-22 dated 30-APR-21,INR,11575,8.77,101512.75,49,02/06/2021 00:00:00,0
HCG,2021-2022,1-1,1,0,1,1,S,1,0,I0007/21-22,null,null,LP,7,I0007/21-22,1,Delayed Payment Invoice Generated Against Invoice No. S0035/21-22 dated 15-MAY-21,INR,7500,6.35,47625,49,02/06/2021 00:00:00,0
HCG,2021-2022,2-0,1,0,2,0,S,1,0,I0008/21-22,null,null,LP,8,I0008/21-22,1,Delayed Payment Invoice Generated Against Invoice No. S0036/21-22 dated 15-MAY-21,INR,12000,8.77,105240,49,02/06/2021 00:00:00,0
HCG,2021-2022,1-1,1,0,1,1,S,1,0,I0009/21-22,null,null,LP,9,I0009/21-22,1,Delayed Payment Invoice Generated Against Invoice No. S0049/21-22 dated 31-MAY-21,INR,8000,6.35,50800,49,17/06/2021 00:00:00,0
HCG,2021-2022,2-0,1,0,2,0,S,1,0,I0010/21-22,null,null,LP,10,I0010/21-22,1,Delayed Payment Invoice Generated Against Invoice No. S0050/21-22 dated 31-MAY-21,INR,6400,8.77,56128,49,17/06/2021 00:00:00,0
HCG,2021-2022,2-0,1,0,2,0,S,1,0,I0022/21-22,null,null,LP,22,I0022/21-22,1,Delayed Payment Invoice Generated Against Invoice No. S0162/21-22 dated 15-NOV-21,INR,20250,8.77,177592.5,23,29/12/2021 00:00:00,0
HCG,2021-2022,2-0,1,0,2,0,S,1,0,I0024/21-22,null,null,LP,24,I0024/21-22,1,Delayed Payment Invoice Generated Against Invoice No. S0166/21-22 dated 30-NOV-21,INR,20250,8.77,177592.5,23,29/12/2021 00:00:00,0
HCG,2020-2021,1-0,1,0,1,0,S,1,0,I0001/20-21,null,null,LP,1,I0001/20-21,1,Delayed Payment Invoice Generated Against Invoice No. S0077/20-21 dated 15-JUN-20,INR,1500,6.35,9525,23,09/07/2020 00:00:00,0
HCG,2021-2022,2-0,1,0,2,0,S,1,0,I0025/21-22,null,null,LP,25,I0025/21-22,1,Delayed Payment Invoice Generated Against Invoice No. S0179/21-22 dated 15-DEC-21,INR,20250,8.77,177592.5,23,29/12/2021 00:00:00,0
HCG,2020-2021,1-0,1,0,1,0,S,1,0,I0003/20-21,null,null,LP,3,I0003/20-21,1,Delayed Payment Invoice Generated Against Invoice No. S0178/20-21 dated 31-AUG-20,INR,16000,6.35,101600,23,08/10/2020 00:00:00,0
HCG,2020-2021,1-0,1,0,1,0,S,1,0,I0004/20-21,null,null,LP,4,I0004/20-21,1,Delayed Payment Invoice Generated Against Invoice No. S0192/20-21 dated 15-SEP-20,INR,15000,6.35,95250,23,08/10/2020 00:00:00,0
HCG,2020-2021,1-0,1,0,1,0,S,1,0,I0005/20-21,null,null,LP,5,I0005/20-21,1,Delayed Payment Invoice Generated Against Invoice No. S0216/20-21 dated 30-SEP-20,INR,15000,6.35,95250,23,08/10/2020 00:00:00,0
HCG,2021-2022,1-1,1,0,1,1,S,1,0,I0012/21-22,null,null,LP,12,I0012/21-22,1,Delayed Payment Invoice Generated Against Invoice No. S0064/21-22 dated 15-JUN-21,INR,7500,6.35,47625,23,07/07/2021 00:00:00,0
HCG,2021-2022,2-0,1,0,2,0,S,1,0,I0013/21-22,null,null,LP,13,I0013/21-22,1,Delayed Payment Invoice Generated Against Invoice No. S0065/21-22 dated 15-JUN-21,INR,6000,8.77,52620,23,07/07/2021 00:00:00,0
HCG,2021-2022,2-0,1,0,2,0,S,1,0,I0021/21-22,null,null,LP,21,I0021/21-22,1,Delayed Payment Invoice Generated Against Invoice No. S0150/21-22 dated 31-OCT-21,INR,21600,8.77,189432,23,16/11/2021 00:00:00,0
HCG,2020-2021,1-0,1,0,1,0,S,1,0,I0002/20-21,null,null,LP,2,I0002/20-21,1,Delayed Payment Invoice Generated Against Invoice No. S0150/20-21 dated 15-AUG-20,INR,24000,6.35,152400,23,27/08/2020 00:00:00,0
HCG,2021-2022,2-0,1,0,2,0,S,1,0,I0017/21-22,null,null,LP,17,I0017/21-22,1,Delayed Payment Invoice Generated Against Invoice No. S0105/21-22 dated 31-JUL-21,INR,21600,8.77,189432,23,27/08/2021 00:00:00,0
HCG,2021-2022,2-0,1,0,2,0,S,1,0,I0018/21-22,null,null,LP,18,I0018/21-22,1,Delayed Payment Invoice Generated Against Invoice No. S0114/21-22 dated 15-AUG-21,INR,18575,8.77,162902.75,23,27/08/2021 00:00:00,0
HCG,2021-2022,2-0,1,0,2,0,S,1,0,I0020/21-22,null,null,LP,20,I0020/21-22,1,Delayed Payment Invoice Generated Against Invoice No. S0135/21-22 dated 30-SEP-21,INR,20250,8.77,177592.5,23,16/11/2021 00:00:00,0
HCG,2021-2022,2-0,1,0,2,0,S,1,0,I0019/21-22,null,null,LP,19,I0019/21-22,1,Delayed Payment Invoice Generated Against Invoice No. S0123/21-22 dated 31-AUG-21,INR,20250,8.77,177592.5,23,13/09/2021 00:00:00,0
HCG,2021-2022,2-0,1,0,2,0,S,1,0,I0014/21-22,null,null,LP,14,I0014/21-22,1,Delayed Payment Invoice Generated Against Invoice No. S0075/21-22 dated 30-JUN-21,INR,15000,8.77,131550,23,30/07/2021 00:00:00,0
HCG,2021-2022,1-1,1,0,1,1,S,1,0,I0015/21-22,null,null,LP,15,I0015/21-22,1,Delayed Payment Invoice Generated Against Invoice No. S0076/21-22 dated 30-JUN-21,INR,7500,6.35,47625,23,30/07/2021 00:00:00,0
HCG,2021-2022,2-0,1,0,2,0,S,1,0,I0016/21-22,null,null,LP,16,I0016/21-22,1,Delayed Payment Invoice Generated Against Invoice No. S0095/21-22 dated 15-JUL-21,INR,20250,8.77,177592.5,23,30/07/2021 00:00:00,0
HCG,2020-2021,1-0,1,0,1,0,S,1,0,I0006/20-21,null,null,LP,6,I0006/20-21,1,Delayed Payment Invoice Generated Against Invoice No. S0259/20-21 dated 31-OCT-20,INR,16000,6.35,101600,48,31/03/2021 00:00:00,0
HCG,2020-2021,1-0,1,0,1,0,S,1,0,I0007/20-21,null,null,LP,7,I0007/20-21,1,Delayed Payment Invoice Generated Against Invoice No. S0284/20-21 dated 30-NOV-20,INR,15000,6.35,95250,48,31/03/2021 00:00:00,0
HCG,2020-2021,1-0,1,0,1,0,S,1,0,I0008/20-21,null,null,LP,8,I0008/20-21,1,Delayed Payment Invoice Generated Against Invoice No. S0311/20-21 dated 31-DEC-20,INR,16000,6.35,101600,48,31/03/2021 00:00:00,0
HCG,2020-2021,1-0,1,0,1,0,S,1,0,I0009/20-21,null,null,LP,9,I0009/20-21,1,Delayed Payment Invoice Generated Against Invoice No. S0329/20-21 dated 15-JAN-21,INR,7000,6.35,44450,48,31/03/2021 00:00:00,0
HCG,2020-2021,1-0,1,0,1,0,S,1,0,I0010/20-21,null,null,LP,10,I0010/20-21,1,Delayed Payment Invoice Generated Against Invoice No. S0342/20-21 dated 31-JAN-21,INR,8000,6.35,50800,48,31/03/2021 00:00:00,0
HCG,2020-2021,2-0,1,0,2,0,S,1,0,I0011/20-21,null,null,LP,11,I0011/20-21,1,Delayed Payment Invoice Generated Against Invoice No. S0343/20-21 dated 31-JAN-21,INR,1485,8.77,13023.45,48,31/03/2021 00:00:00,0
HCG,2020-2021,2-0,1,0,2,0,S,1,0,I0012/20-21,null,null,LP,12,I0012/20-21,1,Delayed Payment Invoice Generated Against Invoice No. S0345/20-21 dated 15-FEB-21,INR,22275,8.77,195351.75,48,31/03/2021 00:00:00,0
HCG,2020-2021,1-0,1,0,1,0,S,1,0,I0013/20-21,null,null,LP,13,I0013/20-21,1,Delayed Payment Invoice Generated Against Invoice No. S0348/20-21 dated 15-FEB-21,INR,7500,6.35,47625,48,31/03/2021 00:00:00,0
HCG,2020-2021,1-0,1,0,1,0,S,1,0,I0014/20-21,null,null,LP,14,I0014/20-21,1,Delayed Payment Invoice Generated Against Invoice No. S0349/20-21 dated 28-FEB-21,INR,6500,6.35,41275,48,31/03/2021 00:00:00,0
HCG,2020-2021,2-0,1,0,2,0,S,1,0,I0015/20-21,null,null,LP,15,I0015/20-21,1,Delayed Payment Invoice Generated Against Invoice No. S0350/20-21 dated 28-FEB-21,INR,19305,8.77,169304.85,48,31/03/2021 00:00:00,0
HCG,2020-2021,1-0,1,0,1,0,S,1,0,I0016/20-21,null,null,LP,16,I0016/20-21,1,Delayed Payment Invoice Generated Against Invoice No. S0355/20-21 dated 15-MAR-21,INR,7500,6.35,47625,48,31/03/2021 00:00:00,0
HCG,2020-2021,03,1,0,3,0,S,1,0,C002/21-22,cr,null,CR,371,C002/21-22,1,REV_INV,USD,9000,0,0,23,20/10/2021 00:00:00,null
GGL,2023-2024,5-0,1,0,5,0,S,1,0,I0011/23-24,null,null,LP,11,I0011/23-24,1,Delayed Payment Invoice Generated Against Invoice No. S0385/23-24 dated 29-FEB-24,INR,7140,10.2892,73464.888,201,12/03/2024 00:00:00,0
GGL,2019-2020,01,1,0,1,0,S,1,0,D011/19-20,dr,null,DR,100,D011/19-20,1,DIFF-EXG,USD,33600,6.03,202608,6,04/02/2020 15:49:15,null
HGL-RLNG,2021-2022,2-0,1,0,2,0,S,1,0,I0023/21-22,null,null,LP,23,I0023/21-22,1,Delayed Payment Invoice Generated Against Invoice No. S0159/21-22 dated 15-NOV-21,INR,5482.59,9.3,50988.087,23,29/12/2021 00:00:00,0
HCGD-B,2024-2025,6-0,1,0,6,0,S,1,0,I0004/24-25,null,null,LP,4,I0004/24-25,1,Delayed Payment Invoice Generated Against Invoice No. S0010/24-25 dated 15-APR-24,INR,30000,10.2,306000,201,29/04/2024 00:00:00,0
HCGD-B,2024-2025,6-0,1,0,6,0,S,1,0,I0006/24-25,null,null,LP,6,I0006/24-25,1,Delayed Payment Invoice Generated Against Invoice No. S0025/24-25 dated 30-APR-24,INR,28050,10.2,286110,201,13/05/2024 00:00:00,0
HCGD-B,2024-2025,6-0,1,0,6,0,S,1,0,I0008/24-25,null,null,LP,8,I0008/24-25,1,Delayed Payment Invoice Generated Against Invoice No. S0208/24-25 dated 15-OCT-24,INR,24100,10.2,245820,201,26/11/2024 00:00:00,0
OPAL,2023-2024,L-16-1-1,16,0,1,1,L,1,27,SMH0020/23-24,null,null,OR,20,SMH0020/23-24,1,null,USD,6514,34.08,221997.12,153,05/05/2023 00:00:00,null
TGLPL,2022-2023,1-0,1,0,1,0,S,1,0,I0002/22-23,null,null,LP,2,I0002/22-23,1,Delayed Payment Invoice Generated Against Invoice No. S0073/22-23 dated 15-AUG-22,INR,429,26.9706,11570.3874,23,30/08/2022 00:00:00,0
TGLPL,2022-2023,1-0,1,0,1,0,S,1,0,I0004/22-23,null,null,LP,4,I0004/22-23,1,Delayed Payment Invoice Generated Against Invoice No. S0192/22-23 dated 15-DEC-22,INR,2410,23.0134,55462.294,153,27/12/2022 00:00:00,0
TGLPL,2022-2023,1-0,1,0,1,0,S,1,0,I0003/22-23,null,null,LP,3,I0003/22-23,1,Delayed Payment Invoice Generated Against Invoice No. S0074/22-23 dated 15-AUG-22,INR,375,26.9706,10113.975,23,30/08/2022 00:00:00,0
GFCL,2023-2024,3-0,1,0,3,0,S,1,0,I0005/23-24,null,null,LP,5,I0005/23-24,1,Delayed Payment Invoice Generated Against Invoice No. S0053/23-24 dated 05-JUN-23,INR,4784,13.5,64584,23,19/06/2023 00:00:00,0
GFCL,2023-2024,3-0,1,0,3,0,S,1,0,I0004/23-24,null,null,LP,4,I0004/23-24,1,Delayed Payment Invoice Generated Against Invoice No. S0048/23-24 dated 31-MAY-23,INR,25366,13.5,342441,0,13/06/2023 00:00:00,0
GFCL,2023-2024,2-0,1,0,2,0,S,1,0,I0006/23-24,null,null,LP,6,I0006/23-24,1,Delayed Payment Invoice Generated Against Invoice No. S0100/23-24 dated 31-JUL-23,INR,4930,17.9,88247,113,10/08/2023 00:00:00,0
INPEROX,2023-2024,3-0,1,0,3,0,S,1,0,I0008/23-24,null,null,LP,8,I0008/23-24,1,Delayed Payment Invoice Generated Against Invoice No. S0152/23-24 dated 30-SEP-23,INR,5995.19,12.194,73105.34686,46,10/10/2023 00:00:00,0
INPEROX,2023-2024,3-0,1,0,3,0,S,1,0,I0007/23-24,null,null,LP,7,I0007/23-24,1,Delayed Payment Invoice Generated Against Invoice No. S0140/23-24 dated 15-SEP-23,INR,6097.52,12.194,74353.15888,23,28/09/2023 00:00:00,0
INPEROX,2023-2024,3-0,1,0,3,0,S,1,0,I0010/23-24,null,null,LP,10,I0010/23-24,1,Delayed Payment Invoice Generated Against Invoice No. S0193/23-24 dated 15-NOV-23,INR,5997.97,10.159,60933.37723,201,24/11/2023 00:00:00,0
INPEROX,2023-2024,3-0,1,0,3,0,S,1,0,I0009/23-24,null,null,LP,9,I0009/23-24,1,Delayed Payment Invoice Generated Against Invoice No. S0172/23-24 dated 31-OCT-23,INR,6400,10.159,65017.6,201,13/11/2023 00:00:00,0
INPEROX,2024-2025,3-0,1,0,3,0,S,1,0,I0001/24-25,null,null,LP,1,I0001/24-25,1,Delayed Payment Invoice Generated Against Invoice No. S0434/23-24 dated 31-MAR-24,INR,3200,10.159,32508.8,201,16/04/2024 00:00:00,0
GOAGLSF,2022-2023,2-0,1,0,2,0,S,1,0,I0005/22-23,null,null,LP,5,I0005/22-23,1,Delayed Payment Invoice Generated Against Invoice No. SMH0165/22-23 dated 15-FEB-23,INR,2433.68,17.5,42589.4,153,21/03/2023 00:00:00,0
GOAGLSF,2023-2024,2-0,1,0,2,0,S,1,27,SMH0019/23-24,null,null,OR,19,SMH0019/23-24,1,null,USD,39.52,17.5,691.6,153,02/05/2023 00:00:00,null
SVTPLIN,2024-2025,4-0,1,0,4,0,S,1,0,I0003/24-25,null,null,LP,3,I0003/24-25,1,Delayed Payment Invoice Generated Against Invoice No. S0014/24-25 dated 15-APR-24,INR,12393.65,9.56,118483.294,201,29/04/2024 00:00:00,0
SVTPLIN,2024-2025,4-0,1,0,4,0,S,1,0,I0007/24-25,null,null,LP,7,I0007/24-25,1,Delayed Payment Invoice Generated Against Invoice No. S0031/24-25 dated 01-MAY-24,INR,56.19,9.56,537.1764,46,26/06/2024 00:00:00,0
SVTPLIN,2024-2025,3-1,1,0,3,1,S,1,0,I0002/24-25,null,null,LP,2,I0002/24-25,1,Delayed Payment Invoice Generated Against Invoice No. S0435/23-24 dated 31-MAR-24,INR,12854.63,9.96,128032.1148,201,16/04/2024 00:00:00,0
SVTPLIN,2024-2025,4-0,1,0,4,0,S,1,0,I0005/24-25,null,null,LP,5,I0005/24-25,1,Delayed Payment Invoice Generated Against Invoice No. S0030/24-25 dated 30-APR-24,INR,11774.25,9.56,112561.83,201,13/05/2024 00:00:00,0
