Nov,3,2020,INVOICE-1-2020-2021-51-2-D-cr.pdf
Nov,3,2020,INVOICE-1-2020-2021-51-2-O-cr.pdf
Nov,6,2020,INVOICE-1-2020-2021-59-2-D-cr.pdf
Nov,6,2020,INVOICE-1-2020-2021-59-2-O-cr.pdf
Dec,8,2020,INVOICE-1-2020-2021-63-2-D-cr.pdf
Dec,8,2020,INVOICE-1-2020-2021-63-2-O-cr.pdf
Aug,4,2021,INVOICE-1-2020-2021-76-2-D-cr.pdf
Aug,4,2021,INVOICE-1-2020-2021-76-2-O-cr.pdf
Aug,4,2021,INVOICE-1-2020-2021-81-2-D-cr.pdf
Aug,4,2021,INVOICE-1-2020-2021-81-2-O-cr.pdf
Aug,4,2021,INVOICE-1-2021-2022-1-2-D-cr.pdf
Aug,4,2021,INVOICE-1-2021-2022-1-2-O-cr.pdf
May,13,2021,INVOICE-1-2021-2022-3-2-D-cr.pdf
May,13,2021,INVOICE-1-2021-2022-3-2-O-cr.pdf
Sep,23,2021,INVOICE-1-2021-2022-42-2-D-cr.pdf
Sep,23,2021,INVOICE-1-2021-2022-42-2-O-cr.pdf
Oct,22,2021,INVOICE-1-2021-2022-47-2-D-cr.pdf
Oct,22,2021,INVOICE-1-2021-2022-47-2-O-cr.pdf
Dec,7,2021,INVOICE-1-2021-2022-51-2-D-cr.pdf
Dec,7,2021,INVOICE-1-2021-2022-51-2-O-cr.pdf
Feb,15,2022,INVOICE-1-2021-2022-56-2-D-cr.pdf
Feb,15,2022,INVOICE-1-2021-2022-56-2-O-cr.pdf
Mar,14,2022,INVOICE-1-2021-2022-59-2-D-cr.pdf
Mar,14,2022,INVOICE-1-2021-2022-59-2-O-cr.pdf
Apr,1,2022,INVOICE-1-2021-2022-60-2-D-cr.pdf
Apr,1,2022,INVOICE-1-2021-2022-60-2-O-cr.pdf
Jun,2,2021,INVOICE-1-2021-2022-8-2-D-cr.pdf
Jun,2,2021,INVOICE-1-2021-2022-8-2-O-cr.pdf
Aug,4,2021,INVOICE-1-2021-2022-9-2-D-cr.pdf
Aug,4,2021,INVOICE-1-2021-2022-9-2-O-cr.pdf
May,10,2022,INVOICE-1-2022-2023-1-2-D-cr.pdf
May,10,2022,INVOICE-1-2022-2023-1-2-O-cr.pdf
Jul,13,2022,INVOICE-1-2022-2023-16-2-D-cr.pdf
Jul,13,2022,INVOICE-1-2022-2023-16-2-O-cr.pdf
Sep,19,2022,INVOICE-1-2022-2023-27-2-D-cr.pdf
Sep,19,2022,INVOICE-1-2022-2023-27-2-O-cr.pdf
Feb,21,2023,INVOICE-1-2022-2023-45-2-D-cr.pdf
Feb,21,2023,INVOICE-1-2022-2023-45-2-O-cr.pdf
Mar,24,2023,INVOICE-1-2022-2023-48-2-D-cr.pdf
Mar,24,2023,INVOICE-1-2022-2023-48-2-O-cr.pdf
Mar,24,2023,INVOICE-1-2022-2023-49-2-D-cr.pdf
Mar,24,2023,INVOICE-1-2022-2023-49-2-O-cr.pdf
May,5,2023,INVOICE-1-2022-2023-50-2-D-cr.pdf
May,5,2023,INVOICE-1-2022-2023-50-2-O-cr.pdf
May,5,2023,INVOICE-1-2023-2024-1-2-D-cr.pdf
May,5,2023,INVOICE-1-2023-2024-1-2-O-cr.pdf
Aug,1,2023,INVOICE-1-2023-2024-17-2-D-cr.pdf
Aug,1,2023,INVOICE-1-2023-2024-17-2-O-cr.pdf
Aug,1,2023,INVOICE-1-2023-2024-18-2-D-cr.pdf
Aug,1,2023,INVOICE-1-2023-2024-18-2-O-cr.pdf
Sep,1,2023,INVOICE-1-2023-2024-20-2-D-cr.pdf
Sep,1,2023,INVOICE-1-2023-2024-20-2-O-cr.pdf
Oct,30,2023,INVOICE-1-2023-2024-31-2-D-cr.pdf
Oct,30,2023,INVOICE-1-2023-2024-31-2-O-cr.pdf
May,25,2023,INVOICE-1-2023-2024-3-2-D-cr.pdf
May,25,2023,INVOICE-1-2023-2024-3-2-O-cr.pdf
Jan,17,2024,INVOICE-1-2023-2024-41-2-D-cr.pdf
Jan,17,2024,INVOICE-1-2023-2024-41-2-O-cr.pdf
Feb,19,2024,INVOICE-1-2023-2024-42-2-D-cr.pdf
Feb,19,2024,INVOICE-1-2023-2024-42-2-O-cr.pdf
Feb,27,2024,INVOICE-1-2023-2024-45-2-D-cr.pdf
Feb,27,2024,INVOICE-1-2023-2024-45-2-O-cr.pdf
Feb,28,2024,INVOICE-1-2023-2024-46-2-D-cr.pdf
Feb,28,2024,INVOICE-1-2023-2024-46-2-O-cr.pdf
Sep,23,2024,INVOICE-1-2024-2025-10-2-D-cr.pdf
Sep,23,2024,INVOICE-1-2024-2025-10-2-O-cr.pdf
Sep,23,2024,INVOICE-1-2024-2025-11-2-D-cr.pdf
Sep,23,2024,INVOICE-1-2024-2025-11-2-O-cr.pdf
Sep,23,2024,INVOICE-1-2024-2025-14-2-D-cr.pdf
Sep,23,2024,INVOICE-1-2024-2025-14-2-O-cr.pdf
Sep,23,2024,INVOICE-1-2024-2025-16-2-D-cr.pdf
Sep,23,2024,INVOICE-1-2024-2025-16-2-O-cr.pdf
Sep,23,2024,INVOICE-1-2024-2025-17-2-D-cr.pdf
Sep,23,2024,INVOICE-1-2024-2025-17-2-O-cr.pdf
Sep,23,2024,INVOICE-1-2024-2025-21-2-D-cr.pdf
Sep,23,2024,INVOICE-1-2024-2025-21-2-O-cr.pdf
Sep,23,2024,INVOICE-1-2024-2025-22-2-D-cr.pdf
Sep,23,2024,INVOICE-1-2024-2025-22-2-O-cr.pdf
Nov,8,2024,INVOICE-1-2024-2025-23-2-D-cr.pdf
Nov,8,2024,INVOICE-1-2024-2025-23-2-O-cr.pdf
Sep,27,2024,INVOICE-1-2024-2025-29-2-D-cr.pdf
Sep,27,2024,INVOICE-1-2024-2025-29-2-O-cr.pdf
Jun,30,12:01,INVOICE-1-2024-2025-37-2-D-cr.pdf
Jun,30,12:01,INVOICE-1-2024-2025-37-2-O-cr.pdf
Jan,17,2025,INVOICE-1-2024-2025-39-2-D-cr.pdf
Jan,17,2025,INVOICE-1-2024-2025-39-2-O-cr.pdf
Feb,11,2025,INVOICE-1-2024-2025-41-2-D-cr.pdf
Feb,11,2025,INVOICE-1-2024-2025-41-2-O-cr.pdf
Apr,14,2025,INVOICE-1-2024-2025-44-2-D-cr.pdf
Apr,14,2025,INVOICE-1-2024-2025-44-2-O-cr.pdf
Apr,14,2025,INVOICE-1-2024-2025-46-2-D-cr.pdf
Apr,14,2025,INVOICE-1-2024-2025-46-2-O-cr.pdf
Aug,12,12:10,INVOICE-1-2025-2026-11-2-D-cr.pdf
Aug,12,12:10,INVOICE-1-2025-2026-11-2-O-cr.pdf
Aug,11,11:40,INVOICE-1-2025-2026-13-2-D-cr.pdf
Aug,11,11:39,INVOICE-1-2025-2026-13-2-O-cr.pdf
Oct,14,15:41,INVOICE-1-2025-2026-22-2-D-cr.pdf
Oct,14,15:41,INVOICE-1-2025-2026-22-2-O-cr.pdf
Jun,18,09:27,INVOICE-1-2025-2026-2-2-D-cr.pdf
Jun,18,09:27,INVOICE-1-2025-2026-2-2-O-cr.pdf
Jun,10,12:30,INVOICE-1-2025-2026-4-2-D-cr.pdf
Jun,10,12:30,INVOICE-1-2025-2026-4-2-O-cr.pdf
Jun,19,09:01,INVOICE-1-2025-2026-6-2-D-cr.pdf
Jun,19,09:01,INVOICE-1-2025-2026-6-2-O-cr.pdf
